Day,Pair,Gross_flow,Net_flow,FX_rate
1,A->B,57.194,13.641,1.05557
1,A->C,29.881,-2.32,0.84534
1,A->D,15.591,-6.015,1.11166
1,A->E,84.589,-2.555,1.13609
1,A->F,92.786,19.953,0.70281
1,A->G,67.945,-9.935,0.80319
1,A->H,103.252,-6.487,1.02314
1,B->A,26.302,-3.191,0.95143
1,B->C,32.958,6.422,1.00254
1,B->D,72.918,0.481,0.8689
1,B->E,64.772,10.257,1.14085
1,B->F,90.044,12.246,1.11814
1,B->G,91.744,7.876,1.00431
1,B->H,53.179,-0.888,1.16848
1,C->A,36.151,-8.623,1.06886
1,C->B,47.421,-5.338,0.87254
1,C->D,92.601,-1.614,1.05499
1,C->E,104.188,10.299,0.86362
1,C->F,59.555,2.781,1.13646
1,C->G,15.296,-1.815,0.98668
1,C->H,26.287,-1.067,0.97593
1,D->A,76.495,4.388,0.89261
1,D->B,55.577,1.509,1.1774
1,D->C,49.799,1.12,0.98248
1,D->E,36.876,-0.895,0.93769
1,D->F,31.962,6.448,0.93972
1,D->G,111.426,-9.441,1.08425
1,D->H,87.193,-0.359,1.05027
1,E->A,47.15,6.453,1.0563
1,E->B,65.937,-6.911,1.0657
1,E->C,83.269,6.55,1.32682
1,E->D,154.744,-31.699,0.9466
1,E->F,105.56,-4.275,0.9174
1,E->G,78.256,8.209,0.87915
1,E->H,107.174,-4.772,1.09491
1,F->A,142.714,3.951,1.1738
1,F->B,40.288,-6.937,0.98388
1,F->C,54.591,-1.528,0.87346
1,F->D,89.621,-16.774,0.86616
1,F->E,21.42,-3.205,1.10358
1,F->G,76.455,8.235,1.112
1,F->H,178.519,-17.515,1.07954
1,G->A,78.145,6.089,0.8955
1,G->B,2.857,-2.864,1.0317
1,G->C,35.41,1.747,1.01654
1,G->D,51.273,-2.984,1.0252
1,G->E,125.914,3.631,1.12997
1,G->F,70.783,3.427,1.03437
1,G->H,20.672,1.565,1.10357
1,H->A,54.13,-3.194,1.00782
1,H->B,77.658,-7.403,1.04518
1,H->C,49.217,0.902,1.09284
1,H->D,34.55,8.295,0.7823
1,H->E,199.686,-0.39,0.95124
1,H->F,102.833,7.658,0.9345
1,H->G,114.658,-6.722,0.90841
2,A->B,166.79,-9.302,1.06279
2,A->C,31.585,-11.719,0.84304
2,A->D,17.027,-1.143,1.10302
2,A->E,76.858,7.519,1.13805
2,A->F,109.722,15.707,0.69941
2,A->G,55.19,4.017,0.80142
2,A->H,115.0,13.763,1.0213
2,B->A,30.61,-3.894,0.95447
2,B->C,25.587,2.025,0.99413
2,B->D,75.465,-1.43,0.86821
2,B->E,56.824,3.157,1.14305
2,B->F,110.663,0.026,1.11642
2,B->G,85.332,-4.019,1.00396
2,B->H,51.79,5.698,1.17281
2,C->A,,-0.727,1.06115
2,C->B,47.298,4.472,0.86621
2,C->D,91.526,4.724,1.04235
2,C->E,97.314,12.177,0.87228
2,C->F,54.608,9.186,1.12954
2,C->G,11.484,-6.39,0.98459
2,C->H,28.467,-9.152,0.97845
2,D->A,85.524,-0.439,0.89503
2,D->B,46.636,8.398,1.17133
2,D->C,58.099,-5.072,0.9762
2,D->E,,4.184,0.93563
2,D->F,33.601,6.337,0.93722
2,D->G,107.462,-30.674,1.09302
2,D->H,80.728,-5.628,1.04877
2,E->A,50.44,4.522,1.04844
2,E->B,74.071,-3.714,1.06494
2,E->C,74.182,-13.954,1.32791
2,E->D,162.851,26.792,0.94139
2,E->F,99.722,1.68,0.92298
2,E->G,79.852,-2.776,0.87764
2,E->H,104.281,5.702,1.09205
2,F->A,154.843,-8.926,1.1661
2,F->B,57.961,-4.53,0.98578
2,F->C,57.765,6.686,0.87119
2,F->D,98.833,-7.498,0.86959
2,F->E,21.887,-3.089,1.10223
2,F->G,80.268,-9.373,1.09917
2,F->H,194.407,20.695,1.07822
2,G->A,94.644,-5.837,0.89143
2,G->B,15.862,-4.2,1.03532
2,G->C,120.914,-4.847,1.00862
2,G->D,41.839,-1.978,1.031
2,G->E,121.87,17.448,1.13157
2,G->F,57.884,6.005,1.03467
2,G->H,21.367,2.013,1.10787
2,H->A,56.551,11.008,1.01383
2,H->B,76.305,6.569,1.05462
2,H->C,46.289,-2.136,1.0912
2,H->D,45.206,3.416,0.77871
2,H->E,209.04,26.611,0.95427
2,H->F,114.262,-19.519,0.93489
2,H->G,126.535,17.005,0.9146
3,A->B,61.842,0.735,1.05699
3,A->C,34.487,-0.345,0.84271
3,A->D,20.847,-1.648,1.10326
3,A->E,80.294,-4.572,1.13096
3,A->F,101.421,-2.858,0.7029
3,A->G,59.073,-9.028,0.79709
3,A->H,125.679,8.891,1.02062
3,B->A,30.814,-0.03,0.95171
3,B->C,36.246,6.448,0.99213
3,B->D,74.38,-3.325,0.87448
3,B->E,50.072,-12.221,1.13246
3,B->F,104.789,13.74,1.1016
3,B->G,90.371,0.672,1.00019
3,B->H,65.462,11.442,1.17084
3,C->A,40.505,-1.655,1.06184
3,C->B,58.574,-0.184,0.87042
3,C->D,101.847,1.72,1.04381
3,C->E,109.796,-15.777,0.8752
3,C->F,55.739,1.076,1.12563
3,C->G,18.668,-5.26,0.98436
3,C->H,32.207,-4.344,0.96923
3,D->A,91.872,4.497,0.89491
3,D->B,52.188,-1.068,1.16494
3,D->C,56.43,-15.25,0.96792
3,D->E,36.925,-1.117,0.93417
3,D->F,34.174,6.675,0.93005
3,D->G,117.411,15.105,1.08962
3,D->H,88.427,-2.296,1.04314
3,E->A,52.634,-0.975,1.05363
3,E->B,71.959,2.76,1.07223
3,E->C,80.12,0.99,1.32412
3,E->D,170.841,6.564,0.9403
3,E->F,38.619,5.355,0.93062
3,E->G,78.076,3.917,0.88178
3,E->H,122.259,6.082,1.09862
3,F->A,162.629,-45.039,1.16833
3,F->B,50.547,-4.473,0.98007
3,F->C,54.878,12.69,0.87118
3,F->D,,-13.406,0.86912
3,F->E,23.9,-5.899,1.10733
3,F->G,87.978,-0.929,1.10257
3,F->H,210.446,-9.555,1.07061
3,G->A,86.096,5.18,0.89472
3,G->B,6.217,-3.948,1.03376
3,G->C,50.031,7.751,1.01528
3,G->D,53.069,-1.004,1.03168
3,G->E,128.994,-6.581,1.13516
3,G->F,,0.82,1.03859
3,G->H,28.16,0.73,1.09874
3,H->A,71.347,2.476,1.01212
3,H->B,81.079,2.747,1.05787
3,H->C,42.324,-2.109,1.09118
3,H->D,39.06,-2.644,0.7806
3,H->E,221.824,-11.296,0.95812
3,H->F,122.905,8.829,0.93537
3,H->G,121.186,3.136,0.91024
4,A->B,58.012,0.152,1.07
4,A->C,39.925,1.482,0.8432
4,A->D,27.135,-2.976,1.10953
4,A->E,226.968,4.933,1.13916
4,A->F,99.87,-3.855,0.69732
4,A->G,62.854,11.932,0.79475
4,A->H,113.18,0.891,1.02094
4,B->A,21.414,-3.839,0.95483
4,B->C,37.676,7.981,0.99302
4,B->D,76.178,12.588,0.87664
4,B->E,59.046,2.904,1.13585
4,B->F,104.192,-12.748,1.09723
4,B->G,99.174,1.634,0.99444
4,B->H,56.124,7.011,1.16873
4,C->A,32.576,-1.289,1.05787
4,C->B,50.549,12.689,0.86999
4,C->D,88.503,-1.091,1.04023
4,C->E,109.322,5.487,0.87536
4,C->F,62.132,-11.84,1.11442
4,C->G,23.232,-2.933,0.98247
4,C->H,28.234,-1.693,0.97056
4,D->A,89.392,5.228,0.90152
4,D->B,49.238,3.442,1.16346
4,D->C,51.675,13.189,0.97668
4,D->E,31.487,-8.315,0.93362
4,D->F,28.772,1.815,0.93074
4,D->G,106.288,6.151,1.08527
4,D->H,264.898,-5.691,1.04505
4,E->A,55.297,6.832,1.05228
4,E->B,83.159,-10.255,1.06727
4,E->C,74.084,-3.94,1.32691
4,E->D,160.678,-12.202,0.93617
4,E->F,39.192,-0.633,0.92975
4,E->G,73.21,-10.056,0.87192
4,E->H,112.362,14.816,1.10088
4,F->A,156.407,13.241,1.16497
4,F->B,43.392,-11.658,0.97429
4,F->C,55.181,1.636,0.86774
4,F->D,104.303,13.043,0.87468
4,F->E,21.404,-1.337,1.10771
4,F->G,83.713,-15.962,1.10791
4,F->H,197.313,-15.259,1.06725
4,G->A,98.275,-1.426,0.8992
4,G->B,10.414,-4.253,1.03316
4,G->C,43.988,2.515,1.02311
4,G->D,48.91,-4.463,1.0318
4,G->E,128.556,-3.799,1.14196
4,G->F,67.587,3.553,1.03989
4,G->H,30.034,3.35,1.09967
4,H->A,57.277,5.975,1.01641
4,H->B,70.174,-7.821,1.05816
4,H->C,53.928,1.635,1.08981
4,H->D,42.517,-10.806,0.77924
4,H->E,203.865,9.138,0.96083
4,H->F,114.663,-16.191,0.94095
4,H->G,118.25,-21.925,0.91128
5,A->B,48.333,-1.169,1.07397
5,A->C,41.73,0.886,0.84494
5,A->D,22.227,3.161,1.10834
5,A->E,76.023,-2.545,1.1333
5,A->F,96.861,7.837,0.69694
5,A->G,47.174,-1.8,0.80239
5,A->H,106.083,-8.306,1.01964
5,B->A,18.413,2.854,0.95302
5,B->C,42.52,9.225,0.9978
5,B->D,74.967,-11.227,0.87653
5,B->E,51.79,1.125,1.14425
5,B->F,94.402,-0.72,1.08766
5,B->G,82.023,6.876,0.9899
5,B->H,50.415,3.116,1.15784
5,C->A,27.997,0.426,1.05044
5,C->B,48.458,0.9,0.86747
5,C->D,91.894,1.213,1.04291
5,C->E,90.239,16.993,0.88137
5,C->F,56.017,5.509,1.11458
5,C->G,20.811,-1.046,0.98337
5,C->H,30.645,-2.416,0.97418
5,D->A,80.352,-8.879,0.90259
5,D->B,37.821,-1.369,1.17
5,D->C,46.414,7.137,0.97597
5,D->E,43.078,-2.242,0.93086
5,D->F,34.531,3.016,0.93759
5,D->G,108.075,15.879,1.08721
5,D->H,82.096,1.275,1.05023
5,E->A,38.613,-4.544,1.04302
5,E->B,69.866,-16.996,1.06626
5,E->C,69.645,-3.021,1.33827
5,E->D,156.966,4.668,0.93982
5,E->F,26.271,2.105,0.93058
5,E->G,73.249,-3.944,0.87038
5,E->H,101.579,7.914,1.0944
5,F->A,153.236,6.782,1.16373
5,F->B,43.771,2.611,0.97493
5,F->C,56.671,-10.572,0.86047
5,F->D,103.048,-5.581,0.86626
5,F->E,21.765,-4.103,1.10536
5,F->G,79.772,-19.856,1.11134
5,F->H,191.572,-22.75,1.07802
5,G->A,76.96,-5.185,0.90604
5,G->B,13.244,-4.122,1.04023
5,G->C,34.82,2.233,1.02513
5,G->D,41.94,-3.097,1.02472
5,G->E,124.68,8.789,1.14113
5,G->F,56.557,-3.934,1.03501
5,G->H,19.893,3.013,1.09098
5,H->A,66.461,3.944,1.00905
5,H->B,222.393,-16.5,1.05999
5,H->C,51.234,-5.505,1.08916
5,H->D,39.37,-4.088,0.77747
5,H->E,196.7,-13.684,0.96265
5,H->F,108.712,17.496,0.93594
5,H->G,119.161,-19.309,0.90986
6,A->B,31.96,-0.934,1.07191
6,A->C,20.349,0.094,0.84208
6,A->D,1.541,-0.748,1.10414
6,A->E,44.455,5.518,1.13439
6,A->F,63.295,1.321,0.70071
6,A->G,30.257,-2.083,0.80353
6,A->H,64.669,-2.07,1.0186
6,B->A,2.838,1.253,0.94593
6,B->C,25.6,2.266,0.99434
6,B->D,42.84,-1.283,0.8755
6,B->E,19.226,1.91,1.14499
6,B->F,52.333,9.977,1.09416
6,B->G,48.158,3.523,0.98644
6,B->H,29.925,1.68,1.15653
6,C->A,17.739,-1.837,1.04897
6,C->B,24.551,5.181,0.8647
6,C->D,50.038,0.021,1.04747
6,C->E,53.22,-4.915,0.87903
6,C->F,25.771,6.976,1.10493
6,C->G,7.916,-1.884,0.972
6,C->H,12.068,-1.896,0.97919
6,D->A,35.249,5.726,0.90208
6,D->B,26.04,1.328,1.17355
6,D->C,22.393,-2.245,0.9854
6,D->E,14.839,-1.67,0.9312
6,D->F,19.146,2.01,0.93086
6,D->G,52.409,-2.959,1.08277
6,D->H,54.935,0.925,1.04336
6,E->A,22.118,1.851,1.04046
6,E->B,35.407,-3.181,1.06324
6,E->C,50.904,9.596,1.33139
6,E->D,82.214,-5.696,0.93486
6,E->F,12.159,2.096,0.92632
6,E->G,40.486,0.436,0.87069
6,E->H,64.688,1.905,1.08706
6,F->A,88.028,7.599,1.16429
6,F->B,27.655,-0.463,0.98035
6,F->C,33.813,-4.846,0.86043
6,F->D,43.861,-3.128,0.86485
6,F->E,10.412,-2.071,1.10781
6,F->G,44.849,-9.983,1.11399
6,F->H,107.572,-20.623,1.06743
6,G->A,47.866,-0.654,0.90906
6,G->B,5.335,-3.599,1.04424
6,G->C,16.983,1.491,1.02956
6,G->D,23.559,1.042,1.02502
6,G->E,69.412,0.042,1.14238
6,G->F,28.881,-0.298,1.03507
6,G->H,3.954,-1.248,1.09116
6,H->A,38.957,-0.069,1.01021
6,H->B,42.244,-3.015,1.05909
6,H->C,19.707,0.596,1.08327
6,H->D,20.529,-0.071,0.77666
6,H->E,109.949,9.886,0.95995
6,H->F,53.872,-10.53,0.93936
6,H->G,53.992,2.705,0.91636
7,A->B,66.086,0.464,1.06623
7,A->C,19.554,1.67,0.83879
7,A->D,7.207,-1.386,1.09561
7,A->E,27.91,-1.24,1.14048
7,A->F,139.071,-5.88,0.70082
7,A->G,26.36,-3.552,0.80558
7,A->H,54.927,-16.662,1.01547
7,B->A,4.879,-1.101,0.9508
7,B->C,15.901,0.216,0.99145
7,B->D,36.552,-5.437,0.87373
7,B->E,16.202,3.521,1.14479
7,B->F,39.273,-5.129,1.09468
7,B->G,37.535,-5.336,0.98274
7,B->H,33.96,0.433,1.15795
7,C->A,14.112,-1.894,1.05374
7,C->B,19.379,1.869,0.86193
7,C->D,36.293,2.521,1.04872
7,C->E,48.206,1.043,0.87768
7,C->F,,2.021,1.09452
7,C->G,10.947,-1.518,0.96928
7,C->H,7.811,-2.198,0.98016
7,D->A,31.386,3.734,0.90454
7,D->B,24.156,3.271,1.17533
7,D->C,35.134,-1.331,0.98213
7,D->E,8.981,1.276,0.93076
7,D->F,18.935,-0.014,0.93916
7,D->G,49.323,-1.64,1.0792
7,D->H,39.015,-4.291,1.04404
7,E->A,13.118,2.031,1.02701
7,E->B,38.074,-2.092,1.06676
7,E->C,38.372,-1.611,1.33804
7,E->D,75.13,4.432,0.94387
7,E->F,9.969,1.445,0.92863
7,E->G,38.265,-2.305,0.87575
7,E->H,48.663,2.945,1.08438
7,F->A,60.642,-8.691,1.17436
7,F->B,,-3.127,0.98509
7,F->C,22.554,-0.871,0.8544
7,F->D,43.789,-6.741,0.8647
7,F->E,5.766,-1.234,1.10996
7,F->G,41.465,1.632,1.11346
7,F->H,86.506,1.188,1.0708
7,G->A,38.978,4.265,0.91303
7,G->B,13.155,-1.662,1.03533
7,G->C,16.113,-0.855,1.03679
7,G->D,21.279,0.132,1.02757
7,G->E,56.925,-1.857,1.14274
7,G->F,31.205,2.88,1.0353
7,G->H,8.464,0.897,1.10326
7,H->A,34.539,2.102,1.02209
7,H->B,28.658,-1.358,1.06041
7,H->C,28.156,-1.153,1.08147
7,H->D,12.029,-1.389,0.773
7,H->E,89.72,-0.236,0.96346
7,H->F,49.602,3.153,0.94093
7,H->G,47.159,-4.126,0.91204
8,A->B,62.951,3.102,1.06946
8,A->C,28.913,-2.889,0.83621
8,A->D,17.496,-4.289,1.09745
8,A->E,76.588,5.813,1.13835
8,A->F,91.51,-11.481,0.69475
8,A->G,51.451,7.115,0.80779
8,A->H,103.947,-3.46,1.01635
8,B->A,27.23,-0.063,0.94694
8,B->C,36.439,6.947,0.99682
8,B->D,75.349,4.952,0.87184
8,B->E,57.514,8.721,1.13985
8,B->F,95.785,-5.387,1.08658
8,B->G,88.147,-3.02,0.97735
8,B->H,56.183,12.311,1.15955
8,C->A,22.561,3.348,1.04889
8,C->B,49.175,-1.137,0.86062
8,C->D,81.932,9.675,1.0513
8,C->E,94.648,4.101,0.88281
8,C->F,54.567,-11.637,1.1002
8,C->G,20.148,-1.648,0.97195
8,C->H,26.808,-4.642,0.9825
8,D->A,83.875,-10.696,0.90249
8,D->B,55.912,10.0,1.17608
8,D->C,62.957,-3.468,0.97243
8,D->E,41.126,-0.172,0.9329
8,D->F,46.549,7.829,0.93177
8,D->G,113.957,-7.949,1.0855
8,D->H,82.873,-7.098,1.04244
8,E->A,31.737,-0.037,1.02891
8,E->B,70.209,7.863,1.06815
8,E->C,84.004,0.416,1.34137
8,E->D,158.885,34.555,0.94259
8,E->F,38.936,1.059,0.91763
8,E->G,83.939,5.55,0.88014
8,E->H,108.954,-0.088,1.08172
8,F->A,151.221,17.378,1.17932
8,F->B,33.844,-7.026,0.9891
8,F->C,48.89,7.716,0.85761
8,F->D,96.59,-0.636,0.85959
8,F->E,24.624,-0.9,1.11871
8,F->G,79.103,1.231,1.12765
8,F->H,185.284,-17.545,1.07503
8,G->A,85.078,16.411,0.91141
8,G->B,8.6,-3.955,1.03488
8,G->C,31.288,-1.921,1.04034
8,G->D,48.326,3.589,1.02733
8,G->E,112.884,2.752,1.13768
8,G->F,59.904,-0.889,1.03835
8,G->H,20.545,0.291,1.0985
8,H->A,63.174,-11.366,1.01936
8,H->B,64.119,-10.936,1.06631
8,H->C,45.467,0.894,1.06896
8,H->D,42.509,-2.191,0.77339
8,H->E,195.275,0.399,0.97228
8,H->F,102.749,1.638,0.93979
8,H->G,104.795,-14.402,0.9133
9,A->B,59.677,2.891,1.06428
9,A->C,52.389,-1.61,0.8343
9,A->D,17.288,-2.884,1.10042
9,A->E,78.277,9.168,1.13492
9,A->F,99.672,-15.36,0.69421
9,A->G,52.669,-6.382,0.81315
9,A->H,112.199,-9.018,1.01802
9,B->A,28.729,-5.252,0.94795
9,B->C,122.546,1.681,0.99791
9,B->D,230.113,1.332,0.87554
9,B->E,54.811,-0.389,1.1445
9,B->F,97.38,11.944,1.09866
9,B->G,89.454,15.504,0.98006
9,B->H,58.429,7.517,1.1649
9,C->A,35.002,-2.241,1.04574
9,C->B,56.183,4.158,0.8581
9,C->D,96.214,-14.63,1.05017
9,C->E,106.11,2.666,0.8749
9,C->F,53.455,-1.417,1.10617
9,C->G,22.591,-3.401,0.97266
9,C->H,23.1,-6.72,0.97457
9,D->A,91.683,8.882,0.90104
9,D->B,53.013,3.744,1.18802
9,D->C,47.863,-1.179,0.97033
9,D->E,35.519,-9.072,0.93682
9,D->F,38.751,4.811,0.93798
9,D->G,108.745,-1.231,1.08789
9,D->H,102.41,2.985,1.05015
9,E->A,49.781,-1.863,1.02396
9,E->B,68.767,5.883,1.06769
9,E->C,86.071,0.655,1.35086
9,E->D,160.701,35.07,0.94481
9,E->F,30.818,5.396,0.91895
9,E->G,77.78,15.83,0.87975
9,E->H,108.658,-10.946,1.08066
9,F->A,146.214,14.776,1.17577
9,F->B,42.975,-6.545,0.99371
9,F->C,51.599,-3.913,0.86423
9,F->D,100.94,11.086,0.86591
9,F->E,24.629,-6.255,1.1184
9,F->G,91.029,-5.586,1.12644
9,F->H,199.722,-2.791,1.06983
9,G->A,89.242,17.675,0.90907
9,G->B,7.426,-6.624,1.04156
9,G->C,38.011,1.195,1.03541
9,G->D,42.237,-4.847,1.02555
9,G->E,,-6.129,1.13614
9,G->F,67.38,12.363,1.03594
9,G->H,21.944,4.858,1.10129
9,H->A,74.426,2.734,1.02445
9,H->B,77.046,-13.9,1.06504
9,H->C,44.713,-7.484,1.06862
9,H->D,41.306,1.099,0.77396
9,H->E,212.56,-22.391,0.97635
9,H->F,112.464,5.098,0.92644
9,H->G,118.699,4.961,0.91296
10,A->B,62.551,0.193,1.06514
10,A->C,42.165,5.19,0.82709
10,A->D,19.081,-4.074,1.09949
10,A->E,75.768,-9.141,1.14476
10,A->F,109.111,-12.01,0.69339
10,A->G,55.025,-0.241,0.80978
10,A->H,125.876,8.305,1.01563
10,B->A,24.675,1.747,0.94608
10,B->C,45.057,0.508,1.0011
10,B->D,84.996,-5.067,0.86849
10,B->E,53.563,-4.301,1.13413
10,B->F,109.963,11.221,1.10183
10,B->G,94.542,29.821,0.98279
10,B->H,53.677,9.567,1.16105
10,C->A,33.882,-1.066,1.04579
10,C->B,52.449,11.777,0.85764
10,C->D,103.486,8.048,1.05312
10,C->E,105.205,2.299,0.87915
10,C->F,52.145,1.223,1.11575
10,C->G,13.967,-5.4,0.97089
10,C->H,28.821,-6.096,0.96747
10,D->A,97.842,-8.928,0.90239
10,D->B,58.193,5.063,1.19901
10,D->C,71.466,-5.997,0.97509
10,D->E,41.706,-1.698,0.93942
10,D->F,39.132,4.216,0.94314
10,D->G,115.65,-16.122,1.0848
10,D->H,100.355,-4.46,1.05769
10,E->A,46.095,10.051,1.02365
10,E->B,72.861,-12.668,1.07107
10,E->C,79.615,-10.71,1.35431
10,E->D,175.75,-32.417,0.94161
10,E->F,37.216,-7.092,0.91289
10,E->G,86.398,7.266,0.88369
10,E->H,118.641,3.902,1.08342
10,F->A,,-11.106,1.17826
10,F->B,45.435,-10.051,0.99043
10,F->C,58.092,-5.14,0.86773
10,F->D,111.772,-8.537,0.86415
10,F->E,25.455,-7.099,1.12144
10,F->G,89.122,-22.844,1.12846
10,F->H,215.509,-22.156,1.07472
10,G->A,88.039,-3.034,0.906
10,G->B,14.715,-6.217,1.03994
10,G->C,48.823,4.637,1.03151
10,G->D,56.687,-3.602,1.02171
10,G->E,133.689,-5.01,1.13539
10,G->F,69.148,8.206,1.04202
10,G->H,19.622,-3.516,1.08964
10,H->A,72.152,5.773,1.03449
10,H->B,81.577,-6.409,1.06519
10,H->C,50.189,8.57,1.06845
10,H->D,38.158,-2.983,0.77442
10,H->E,211.685,-16.321,0.97574
10,H->F,118.412,18.955,0.92553
10,H->G,122.504,-0.984,0.92023
11,A->B,62.648,9.176,1.06482
11,A->C,35.617,-4.903,0.83679
11,A->D,66.254,-0.708,1.11035
11,A->E,75.67,-13.972,1.15085
11,A->F,117.978,-5.198,0.69194
11,A->G,53.818,-7.474,0.81407
11,A->H,112.074,-27.525,1.00942
11,B->A,24.792,0.062,0.94614
11,B->C,33.692,6.058,1.0006
11,B->D,78.833,8.919,0.87061
11,B->E,49.594,-0.765,1.14129
11,B->F,98.929,2.946,1.09977
11,B->G,96.822,17.305,0.98769
11,B->H,55.739,-1.834,1.15446
11,C->A,27.177,-2.272,1.05197
11,C->B,53.115,2.004,0.85765
11,C->D,104.007,-6.55,1.05765
11,C->E,,18.018,0.87539
11,C->F,47.617,6.233,1.11316
11,C->G,17.308,-4.834,0.97448
11,C->H,28.274,-1.687,0.97347
11,D->A,85.538,21.59,0.89729
11,D->B,65.625,8.769,1.19294
11,D->C,61.633,-0.97,0.97531
11,D->E,31.026,-4.267,0.94053
11,D->F,40.927,5.713,0.94667
11,D->G,109.557,-17.718,1.08662
11,D->H,93.956,-0.633,1.06064
11,E->A,44.339,3.82,1.02708
11,E->B,218.489,-5.145,1.06506
11,E->C,83.947,16.01,1.35303
11,E->D,164.056,3.696,0.93974
11,E->F,34.431,7.293,0.91399
11,E->G,82.751,3.397,0.88101
11,E->H,112.052,-16.23,1.07965
11,F->A,157.635,12.527,1.17446
11,F->B,43.363,-10.786,0.98456
11,F->C,60.014,0.062,0.8711
11,F->D,102.804,3.709,0.86579
11,F->E,20.666,-2.509,1.12532
11,F->G,81.544,-5.837,1.1208
11,F->H,197.601,-24.341,1.0741
11,G->A,89.17,12.157,0.90411
11,G->B,11.207,-2.813,1.04217
11,G->C,42.624,4.285,1.02868
11,G->D,50.893,-6.397,1.02692
11,G->E,133.663,27.469,1.14109
11,G->F,55.744,-8.622,1.04335
11,G->H,19.842,2.953,1.08175
11,H->A,63.021,10.204,1.03198
11,H->B,80.198,6.463,1.05907
11,H->C,52.509,-0.892,1.07104
11,H->D,29.857,2.481,0.77514
11,H->E,201.661,20.933,0.97394
11,H->F,121.791,-9.393,0.92397
11,H->G,120.84,15.762,0.91797
12,A->B,56.475,-2.249,1.06048
12,A->C,36.72,-1.542,0.82881
12,A->D,8.52,-3.447,1.10813
12,A->E,71.557,11.051,1.14659
12,A->F,106.589,-5.491,0.68839
12,A->G,51.533,-0.726,0.8117
12,A->H,109.071,-8.704,1.01019
12,B->A,31.965,3.185,0.96087
12,B->C,39.648,1.144,0.99838
12,B->D,72.58,1.501,0.87536
12,B->E,47.909,5.459,1.14572
12,B->F,97.486,8.395,1.10479
12,B->G,88.386,-1.973,0.9864
12,B->H,44.071,-1.461,1.15479
12,C->A,31.551,-4.387,1.04344
12,C->B,58.261,7.252,0.85138
12,C->D,90.141,6.114,1.05281
12,C->E,102.89,-3.299,0.87388
12,C->F,57.694,-2.139,1.10749
12,C->G,45.674,-3.305,0.96997
12,C->H,26.37,-4.892,0.97495
12,D->A,,-7.591,0.89467
12,D->B,56.092,3.749,1.1872
12,D->C,,9.55,0.97206
12,D->E,35.626,-2.952,0.93327
12,D->F,26.668,1.624,0.94173
12,D->G,103.853,-6.178,1.07657
12,D->H,91.092,-8.915,1.06623
12,E->A,49.279,9.593,1.02961
12,E->B,70.219,-16.656,1.05435
12,E->C,71.938,0.492,1.35381
12,E->D,163.625,-0.37,0.9392
12,E->F,47.439,2.276,0.91573
12,E->G,80.857,-8.073,0.88721
12,E->H,101.682,5.962,1.07614
12,F->A,157.258,31.218,1.17474
12,F->B,49.823,-7.675,0.98249
12,F->C,52.368,-8.459,0.87418
12,F->D,104.47,-10.778,0.86681
12,F->E,26.957,-3.461,1.1174
12,F->G,83.643,14.092,1.12846
12,F->H,192.648,-30.06,1.07247
12,G->A,79.446,8.03,0.8945
12,G->B,12.235,-4.629,1.04681
12,G->C,43.478,4.322,1.03246
12,G->D,43.975,-6.944,1.02202
12,G->E,128.869,-1.502,1.14683
12,G->F,64.036,1.554,1.05027
12,G->H,20.023,4.799,1.08077
12,H->A,60.021,7.386,1.02482
12,H->B,74.705,-2.689,1.06144
12,H->C,52.105,-5.662,1.07126
12,H->D,30.296,4.794,0.77663
12,H->E,198.386,31.795,0.97303
12,H->F,110.625,-13.926,0.92831
12,H->G,109.554,-1.277,0.91959
13,A->B,29.867,-2.287,1.06902
13,A->C,23.547,-1.606,0.82391
13,A->D,15.133,-1.359,1.10696
13,A->E,36.797,3.682,1.14724
13,A->F,62.634,8.584,0.69086
13,A->G,33.988,0.111,0.81489
13,A->H,59.991,-5.797,1.00065
13,B->A,17.8,-1.72,0.96397
13,B->C,19.581,3.251,1.00858
13,B->D,36.44,-1.945,0.87514
13,B->E,30.461,-1.261,1.16009
13,B->F,44.34,7.907,1.11015
13,B->G,55.775,2.521,0.99039
13,B->H,33.386,0.252,1.15852
13,C->A,13.71,-3.655,1.04795
13,C->B,29.171,1.119,0.85278
13,C->D,54.398,0.402,1.06351
13,C->E,60.508,5.994,0.87706
13,C->F,27.659,-0.179,1.10037
13,C->G,11.642,-3.452,0.96246
13,C->H,11.198,-2.68,0.96777
13,D->A,53.789,2.999,0.90109
13,D->B,32.755,4.696,1.18926
13,D->C,25.051,-0.287,0.97213
13,D->E,21.252,-0.972,0.92592
13,D->F,10.763,2.706,0.94403
13,D->G,50.001,-9.969,1.08724
13,D->H,44.445,-1.113,1.06286
13,E->A,22.935,-1.57,1.03099
13,E->B,51.902,4.576,1.05814
13,E->C,36.037,5.462,1.34847
13,E->D,81.391,-10.909,0.93896
13,E->F,14.464,1.523,0.91467
13,E->G,41.623,1.172,0.8893
13,E->H,59.905,-4.501,1.07152
13,F->A,83.555,3.358,1.17501
13,F->B,28.941,-3.669,0.98932
13,F->C,30.346,0.633,0.87097
13,F->D,51.617,-1.028,0.86488
13,F->E,9.35,-2.638,1.10857
13,F->G,47.855,11.047,1.12639
13,F->H,99.849,12.888,1.07096
13,G->A,51.131,0.453,0.89228
13,G->B,5.691,-3.065,1.04889
13,G->C,25.327,0.704,1.03551
13,G->D,29.487,0.301,1.02678
13,G->E,60.262,2.269,1.14996
13,G->F,29.085,3.22,1.04989
13,G->H,1.317,-0.101,1.0881
13,H->A,,2.386,1.03398
13,H->B,47.89,-1.763,1.06528
13,H->C,29.979,-5.623,1.06562
13,H->D,17.617,-1.812,0.77577
13,H->E,96.403,-8.705,0.9738
13,H->F,60.945,-1.522,0.92587
13,H->G,60.436,-6.39,0.9193
14,A->B,24.05,2.236,1.07563
14,A->C,15.312,-0.49,0.82744
14,A->D,2.972,-1.727,1.11889
14,A->E,40.676,1.555,1.15056
14,A->F,44.793,-6.933,0.69056
14,A->G,24.781,-7.36,0.81451
14,A->H,45.262,1.167,0.99694
14,B->A,12.753,-2.066,0.95845
14,B->C,18.264,0.181,1.01218
14,B->D,24.54,-3.4,0.87697
14,B->E,25.926,-0.122,1.15415
14,B->F,37.189,2.142,1.10393
14,B->G,41.19,-0.154,0.99738
14,B->H,20.344,0.435,1.15285
14,C->A,9.496,-2.157,1.04057
14,C->B,25.602,-2.078,0.84696
14,C->D,41.849,3.171,1.06704
14,C->E,125.501,12.994,0.8701
14,C->F,15.69,3.385,1.11378
14,C->G,1.0,-1.884,0.96093
14,C->H,13.798,-1.489,0.96625
14,D->A,38.516,5.674,0.90466
14,D->B,20.104,-0.165,1.19376
14,D->C,26.213,0.26,0.97798
14,D->E,23.518,-0.338,0.92451
14,D->F,19.432,3.968,0.94379
14,D->G,48.587,-1.71,1.0833
14,D->H,37.174,-1.122,1.05227
14,E->A,17.475,-0.829,1.03777
14,E->B,29.477,-1.3,1.0539
14,E->C,31.839,-3.621,1.33797
14,E->D,79.512,-4.969,0.94035
14,E->F,18.767,1.628,0.91616
14,E->G,27.832,-0.869,0.88654
14,E->H,54.714,-4.301,1.07304
14,F->A,63.114,4.887,1.17103
14,F->B,16.723,-5.307,0.99058
14,F->C,34.892,3.322,0.86963
14,F->D,39.619,3.956,0.86645
14,F->E,19.028,-1.489,1.10794
14,F->G,35.001,-1.182,1.12749
14,F->H,77.04,-7.978,1.06581
14,G->A,37.928,2.014,0.88683
14,G->B,8.45,-2.211,1.04974
14,G->C,14.167,-0.265,1.03599
14,G->D,13.146,-2.622,1.02601
14,G->E,53.972,-0.113,1.15509
14,G->F,24.824,2.946,1.05187
14,G->H,,1.354,1.09131
14,H->A,34.718,-0.088,1.03074
14,H->B,28.759,-0.457,1.06478
14,H->C,65.252,-1.305,1.07319
14,H->D,2.674,-1.063,0.77424
14,H->E,94.006,1.03,0.972
14,H->F,44.726,-8.137,0.92383
14,H->G,51.54,-5.404,0.91387
15,A->B,59.59,4.171,1.07798
15,A->C,38.574,-3.059,0.83513
15,A->D,7.033,0.45,1.12713
15,A->E,77.356,-3.436,1.15372
15,A->F,107.158,8.511,0.68812
15,A->G,57.83,-9.145,0.81596
15,A->H,334.152,-7.226,0.99588
15,B->A,23.516,1.482,0.95811
15,B->C,43.149,5.534,1.00709
15,B->D,90.939,2.587,0.8753
15,B->E,51.883,9.893,1.15348
15,B->F,104.218,4.515,1.09931
15,B->G,90.133,15.793,1.00264
15,B->H,47.017,3.529,1.14512
15,C->A,23.509,-4.241,1.04008
15,C->B,53.006,3.733,0.84381
15,C->D,91.568,4.318,1.05589
15,C->E,99.451,-9.364,0.88041
15,C->F,53.545,-1.337,1.10973
15,C->G,23.156,-2.627,0.95613
15,C->H,27.715,-8.473,0.95644
15,D->A,75.591,9.646,0.9143
15,D->B,159.412,9.959,1.20048
15,D->C,55.402,2.439,0.97733
15,D->E,114.446,3.17,0.92672
15,D->F,43.521,6.367,0.95935
15,D->G,110.788,0.95,1.09391
15,D->H,93.038,3.425,1.04723
15,E->A,48.865,2.894,1.03894
15,E->B,70.786,-7.194,1.04838
15,E->C,77.562,1.658,1.34132
15,E->D,156.612,-7.343,0.94262
15,E->F,38.372,-4.788,0.9213
15,E->G,78.581,12.912,0.88447
15,E->H,106.011,-8.389,1.07488
15,F->A,141.714,-14.073,1.17334
15,F->B,42.49,-2.833,0.98939
15,F->C,59.755,-13.533,0.87311
15,F->D,105.911,-9.524,0.86351
15,F->E,20.955,-7.353,1.10315
15,F->G,83.682,-4.8,1.12378
15,F->H,563.355,19.649,1.06197
15,G->A,86.248,5.025,0.89616
15,G->B,,-3.989,1.04997
15,G->C,117.405,2.498,1.03319
15,G->D,41.716,-1.019,1.01836
15,G->E,119.814,11.756,1.15782
15,G->F,70.428,-4.249,1.05994
15,G->H,14.997,1.929,1.08874
15,H->A,55.205,11.405,1.03032
15,H->B,74.93,-7.007,1.05284
15,H->C,47.968,-7.738,1.07367
15,H->D,31.248,2.273,0.77284
15,H->E,201.299,7.502,0.9702
15,H->F,113.434,5.405,0.923
15,H->G,106.188,-10.021,0.9087
16,A->B,48.725,-9.544,1.07726
16,A->C,49.368,1.109,0.83712
16,A->D,18.2,-2.663,1.13058
16,A->E,79.281,11.465,1.14753
16,A->F,107.956,-0.751,0.68653
16,A->G,56.689,-6.569,0.81317
16,A->H,121.649,-10.234,0.9971
16,B->A,35.886,0.163,0.96169
16,B->C,33.75,9.756,1.00866
16,B->D,83.21,6.437,0.8691
16,B->E,57.672,0.543,1.14549
16,B->F,101.627,-15.953,1.10222
16,B->G,102.374,12.047,1.00052
16,B->H,51.583,2.58,1.13283
16,C->A,,-4.621,1.04229
16,C->B,52.555,-0.5,0.84277
16,C->D,97.036,24.603,1.05262
16,C->E,105.171,8.884,0.88017
16,C->F,59.109,3.503,1.10967
16,C->G,15.933,-3.319,0.95255
16,C->H,24.248,-2.958,0.95767
16,D->A,91.848,7.218,0.91411
16,D->B,56.129,1.932,1.21069
16,D->C,55.048,9.394,0.97292
16,D->E,39.296,-6.399,0.9245
16,D->F,34.712,-0.865,0.96458
16,D->G,110.736,14.757,1.09802
16,D->H,94.705,-5.266,1.04634
16,E->A,48.664,6.659,1.04315
16,E->B,65.541,-9.103,1.05005
16,E->C,86.858,-9.712,1.33974
16,E->D,173.169,14.561,0.94399
16,E->F,35.136,2.368,0.91709
16,E->G,84.511,13.075,0.88568
16,E->H,116.754,0.531,1.06049
16,F->A,151.532,17.543,1.16937
16,F->B,55.597,1.026,0.99117
16,F->C,49.119,3.413,0.86991
16,F->D,104.929,-1.486,0.85034
16,F->E,26.576,-4.147,1.11225
16,F->G,87.139,0.938,1.12967
16,F->H,185.954,-10.522,1.06601
16,G->A,91.392,14.605,0.89484
16,G->B,20.309,-6.425,1.04757
16,G->C,42.425,-1.109,1.03711
16,G->D,49.259,4.072,1.02804
16,G->E,127.983,6.101,1.15715
16,G->F,70.854,-4.133,1.05765
16,G->H,18.143,0.371,1.08575
16,H->A,63.722,23.05,1.03337
16,H->B,77.207,6.01,1.06257
16,H->C,55.4,-5.819,1.06814
16,H->D,32.306,-5.049,0.77405
16,H->E,204.501,-9.121,0.96727
16,H->F,118.537,0.348,0.92281
16,H->G,115.952,-1.431,0.90762
17,A->B,,-3.332,1.07805
17,A->C,41.925,-2.718,0.83317
17,A->D,23.915,-3.66,1.14492
17,A->E,86.158,16.723,1.14302
17,A->F,109.665,4.721,0.68705
17,A->G,61.612,0.66,0.80936
17,A->H,121.413,-11.82,0.994
17,B->A,23.727,-3.944,0.96075
17,B->C,41.402,6.354,1.00492
17,B->D,84.777,-0.226,0.8738
17,B->E,54.214,-10.669,1.14702
17,B->F,108.961,-2.766,1.09779
17,B->G,94.546,15.179,0.99612
17,B->H,,-1.382,1.13446
17,C->A,27.648,-1.541,1.04043
17,C->B,53.469,-2.116,0.84414
17,C->D,97.205,23.556,1.04089
17,C->E,105.27,14.973,0.88376
17,C->F,56.254,0.019,1.10923
17,C->G,24.758,-6.688,0.94756
17,C->H,30.237,-3.123,0.95085
17,D->A,95.117,13.59,0.90961
17,D->B,72.838,7.542,1.22045
17,D->C,54.459,5.694,0.96566
17,D->E,26.261,-2.63,0.92753
17,D->F,34.773,-0.196,0.96423
17,D->G,125.935,-13.897,1.09974
17,D->H,89.542,-2.885,1.05676
17,E->A,35.0,5.863,1.04265
17,E->B,79.597,5.264,1.04771
17,E->C,87.678,4.63,1.33965
17,E->D,167.447,33.869,0.94114
17,E->F,37.221,-0.294,0.91701
17,E->G,73.214,20.707,0.88503
17,E->H,117.119,-7.729,1.06832
17,F->A,159.947,-5.228,1.16794
17,F->B,42.385,-16.408,0.9858
17,F->C,54.428,-11.869,0.86549
17,F->D,108.343,-13.598,0.84383
17,F->E,80.934,-1.783,1.11576
17,F->G,88.139,-4.75,1.14123
17,F->H,213.844,-31.579,1.06259
17,G->A,87.079,8.73,0.89782
17,G->B,13.856,-5.655,1.04582
17,G->C,123.752,0.882,1.03012
17,G->D,47.702,3.054,1.03101
17,G->E,131.787,2.56,1.15352
17,G->F,65.757,4.888,1.06611
17,G->H,24.038,-1.312,1.07978
17,H->A,71.628,8.914,1.03988
17,H->B,70.199,0.051,1.0627
17,H->C,60.172,1.904,1.06301
17,H->D,111.856,1.18,0.77543
17,H->E,220.435,-37.213,0.96702
17,H->F,117.997,10.501,0.92367
17,H->G,131.218,11.386,0.90909
18,A->B,63.274,-5.957,1.08742
18,A->C,36.381,0.889,0.82624
18,A->D,21.995,-3.148,1.14341
18,A->E,87.97,12.305,1.14505
18,A->F,112.565,-10.33,0.68678
18,A->G,67.369,-3.469,0.80081
18,A->H,112.21,3.145,0.99527
18,B->A,29.431,-0.626,0.95544
18,B->C,37.268,-0.335,1.0099
18,B->D,74.48,1.662,0.87626
18,B->E,57.074,0.68,1.13725
18,B->F,104.191,4.897,1.0993
18,B->G,85.216,3.572,0.99331
18,B->H,61.894,-1.237,1.1389
18,C->A,29.458,-2.237,1.03681
18,C->B,44.671,-5.147,0.84593
18,C->D,98.177,-10.608,1.03357
18,C->E,106.073,0.547,0.87964
18,C->F,58.702,-3.63,1.11531
18,C->G,17.926,-9.186,0.94698
18,C->H,18.263,-1.165,0.95476
18,D->A,275.306,-7.964,0.91285
18,D->B,50.323,5.553,1.21543
18,D->C,46.125,7.215,0.97004
18,D->E,42.85,0.355,0.92822
18,D->F,37.442,4.615,0.96292
18,D->G,114.638,-15.547,1.10416
18,D->H,90.381,0.423,1.04562
18,E->A,54.402,-0.249,1.0424
18,E->B,80.575,-0.974,1.04989
18,E->C,,-8.068,1.33538
18,E->D,169.89,21.179,0.93656
18,E->F,45.395,2.155,0.91922
18,E->G,83.764,2.456,0.8898
18,E->H,109.045,-9.73,1.07693
18,F->A,156.117,-10.67,1.17315
18,F->B,49.828,-7.447,0.98464
18,F->C,63.745,3.094,0.86897
18,F->D,105.894,-0.944,0.83785
18,F->E,21.842,-0.29,1.11844
18,F->G,86.158,-10.845,1.1413
18,F->H,195.838,-7.489,1.06479
18,G->A,93.172,1.28,0.88503
18,G->B,4.417,-4.105,1.05415
18,G->C,34.786,6.82,1.02969
18,G->D,51.008,-5.728,1.02768
18,G->E,117.92,-1.734,1.14501
18,G->F,59.97,-1.294,1.05608
18,G->H,31.455,3.198,1.07928
18,H->A,79.17,2.984,1.05094
18,H->B,73.692,-5.648,1.06228
18,H->C,53.493,-7.784,1.06423
18,H->D,40.624,-0.311,0.77139
18,H->E,211.771,12.759,0.97388
18,H->F,108.498,-6.296,0.92266
18,H->G,115.335,-17.734,0.90161
19,A->B,52.059,-2.726,1.08018
19,A->C,35.121,-1.779,0.82846
19,A->D,25.184,-0.302,1.14685
19,A->E,81.627,4.297,1.15085
19,A->F,100.547,2.353,0.68571
19,A->G,51.673,7.377,0.7983
19,A->H,111.812,-12.012,0.99435
19,B->A,31.4,2.785,0.96049
19,B->C,35.225,8.659,1.01154
19,B->D,81.091,13.132,0.88276
19,B->E,54.05,-6.77,1.12882
19,B->F,101.844,5.711,1.10223
19,B->G,81.14,-13.776,0.997
19,B->H,59.411,-2.666,1.14226
19,C->A,29.929,-2.635,1.03454
19,C->B,52.082,-1.612,0.84978
19,C->D,85.147,-5.571,1.03837
19,C->E,94.959,8.061,0.89038
19,C->F,48.049,0.342,1.11878
19,C->G,15.074,-1.85,0.95264
19,C->H,27.075,-5.0,0.96123
19,D->A,80.706,9.266,0.91205
19,D->B,57.127,12.357,1.20375
19,D->C,,-4.092,0.96597
19,D->E,46.103,-4.101,0.93067
19,D->F,37.541,5.543,0.97108
19,D->G,113.101,6.357,1.1059
19,D->H,88.572,-1.671,1.03512
19,E->A,40.115,8.568,1.04503
19,E->B,,5.825,1.04555
19,E->C,68.323,-0.465,1.33251
19,E->D,159.262,30.005,0.93505
19,E->F,30.848,7.128,0.91924
19,E->G,78.962,3.79,0.88703
19,E->H,108.761,-3.169,1.07558
19,F->A,145.319,-7.972,1.17537
19,F->B,38.34,-7.439,0.98007
19,F->C,45.808,-8.716,0.86538
19,F->D,100.021,8.927,0.8305
19,F->E,26.913,-6.8,1.11847
19,F->G,73.822,-2.43,1.13512
19,F->H,195.704,-11.147,1.06973
19,G->A,89.649,11.097,0.88389
19,G->B,6.23,-4.269,1.05394
19,G->C,35.954,0.483,1.03488
19,G->D,47.051,-6.42,1.03293
19,G->E,,-1.934,1.14686
19,G->F,54.836,7.537,1.0558
19,G->H,11.337,1.578,1.0863
19,H->A,61.304,15.625,1.04554
19,H->B,64.146,8.887,1.0656
19,H->C,48.353,-7.352,1.06348
19,H->D,39.174,4.506,0.77283
19,H->E,197.933,10.229,0.972
19,H->F,104.61,7.466,0.92676
19,H->G,111.748,-3.123,0.90802
20,A->B,40.959,-2.475,1.07487
20,A->C,9.075,-0.501,0.82621
20,A->D,7.568,-0.477,1.15101
20,A->E,30.085,-3.745,1.14659
20,A->F,53.546,-7.641,0.6863
20,A->G,30.001,-6.674,0.79583
20,A->H,61.008,6.495,0.99839
20,B->A,18.318,-0.928,0.96458
20,B->C,22.303,3.09,1.01039
20,B->D,43.768,0.092,0.8835
20,B->E,23.944,-6.479,1.13202
20,B->F,55.438,3.708,1.09561
20,B->G,57.391,7.016,0.99868
20,B->H,28.867,2.031,1.13865
20,C->A,17.369,0.106,1.03154
20,C->B,29.679,8.735,0.85169
20,C->D,52.023,7.356,1.03209
20,C->E,59.072,0.701,0.88345
20,C->F,28.078,1.463,1.11612
20,C->G,12.465,-1.543,0.95982
20,C->H,15.325,-3.121,0.965
20,D->A,47.606,3.581,0.91632
20,D->B,30.963,2.345,1.19945
20,D->C,38.239,3.697,0.96903
20,D->E,13.509,-1.073,0.93114
20,D->F,24.176,1.103,0.96777
20,D->G,58.122,-2.505,1.10533
20,D->H,60.886,-0.59,1.03856
20,E->A,31.495,2.102,1.02234
20,E->B,29.059,5.268,1.03116
20,E->C,31.194,1.907,1.3402
20,E->D,85.243,-16.525,0.93829
20,E->F,8.558,-2.235,0.91536
20,E->G,44.593,-3.73,0.89048
20,E->H,59.051,-11.53,1.0738
20,F->A,83.735,3.082,1.17382
20,F->B,24.076,-2.667,0.97916
20,F->C,26.359,1.043,0.8655
20,F->D,51.321,-10.282,0.83209
20,F->E,10.146,0.377,1.11635
20,F->G,36.336,5.421,1.14293
20,F->H,113.256,-4.227,1.0683
20,G->A,58.675,2.726,0.88213
20,G->B,5.339,-1.46,1.0571
20,G->C,22.813,2.247,1.03712
20,G->D,29.371,-8.655,1.03491
20,G->E,66.238,-0.604,1.14421
20,G->F,34.611,4.385,1.05589
20,G->H,11.628,-0.917,1.08335
20,H->A,25.358,2.365,1.05273
20,H->B,31.132,1.568,1.06913
20,H->C,30.893,1.894,1.06659
20,H->D,23.688,-3.895,0.76705
20,H->E,112.227,3.989,0.97744
20,H->F,61.212,-4.792,0.92588
20,H->G,75.044,1.744,0.90532
21,A->B,26.391,-1.469,1.08379
21,A->C,23.093,0.943,0.82598
21,A->D,10.245,-0.801,1.15199
21,A->E,32.361,-4.575,1.13982
21,A->F,146.713,1.837,0.68317
21,A->G,30.153,-1.619,0.79407
21,A->H,51.617,9.526,0.99942
21,B->A,10.03,-1.488,0.96796
21,B->C,14.516,0.597,1.00963
21,B->D,42.808,1.776,0.88603
21,B->E,21.206,0.471,1.13049
21,B->F,41.97,-5.44,1.09641
21,B->G,42.521,5.658,1.01139
21,B->H,18.741,0.809,1.13981
21,C->A,3.323,0.658,1.02758
21,C->B,19.708,0.891,0.85164
21,C->D,44.185,4.489,1.03958
21,C->E,49.884,6.926,0.88632
21,C->F,21.959,2.071,1.11601
21,C->G,14.617,-0.647,0.95486
21,C->H,14.317,-2.607,0.95708
21,D->A,41.023,10.086,0.91713
21,D->B,72.252,-0.703,1.20613
21,D->C,30.804,2.579,0.97453
21,D->E,15.928,0.742,0.9384
21,D->F,20.513,1.636,0.97178
21,D->G,47.945,4.315,1.10547
21,D->H,,0.481,1.04092
21,E->A,19.951,1.167,1.03116
21,E->B,27.645,1.748,1.03823
21,E->C,38.042,-0.547,1.34374
21,E->D,72.187,3.006,0.93691
21,E->F,28.702,-1.36,0.90962
21,E->G,39.389,4.002,0.89125
21,E->H,47.847,0.026,1.06532
21,F->A,70.847,2.531,1.17741
21,F->B,23.425,-8.411,0.98517
21,F->C,19.418,2.436,0.8795
21,F->D,35.071,0.721,0.83123
21,F->E,14.388,-3.197,1.1233
21,F->G,44.833,-1.457,1.15388
21,F->H,84.913,0.573,1.07648
21,G->A,,1.064,0.88791
21,G->B,2.691,-2.132,1.04971
21,G->C,16.722,1.293,1.02434
21,G->D,18.096,-0.296,1.03235
21,G->E,56.452,-2.185,1.1387
21,G->F,35.79,1.944,1.04862
21,G->H,13.044,1.27,1.0673
21,H->A,22.495,1.284,1.05489
21,H->B,36.923,-0.057,1.0645
21,H->C,14.609,1.401,1.06571
21,H->D,15.11,0.664,0.76194
21,H->E,87.104,8.054,0.96674
21,H->F,56.354,2.159,0.92449
21,H->G,54.305,-5.657,0.90876
22,A->B,50.508,-8.176,1.088
22,A->C,35.311,3.03,0.82533
22,A->D,13.273,1.825,1.15144
22,A->E,78.301,-2.664,1.13384
22,A->F,99.621,-10.293,0.68371
22,A->G,57.036,5.206,0.79548
22,A->H,104.693,-14.555,0.99402
22,B->A,28.988,0.748,0.9555
22,B->C,46.744,-0.451,1.00554
22,B->D,68.671,-7.469,0.87997
22,B->E,60.826,-3.913,1.13173
22,B->F,95.02,5.409,1.102
22,B->G,93.929,3.608,1.00974
22,B->H,62.739,2.333,1.1408
22,C->A,35.924,-3.378,1.02617
22,C->B,46.81,5.597,0.85785
22,C->D,87.72,-2.624,1.05002
22,C->E,98.417,1.848,0.87991
22,C->F,58.333,-0.533,1.11521
22,C->G,11.827,-2.339,0.95476
22,C->H,25.797,-0.357,0.96512
22,D->A,85.912,13.267,0.91506
22,D->B,43.187,12.164,1.20226
22,D->C,53.249,9.021,0.98478
22,D->E,30.925,2.394,0.93974
22,D->F,33.263,10.231,0.97445
22,D->G,109.11,19.409,1.11283
22,D->H,81.82,12.288,1.04219
22,E->A,42.344,2.128,1.01781
22,E->B,75.346,-15.015,1.03626
22,E->C,79.379,0.5,1.35531
22,E->D,163.316,-21.595,0.93587
22,E->F,37.939,2.901,0.90622
22,E->G,73.498,5.438,0.89039
22,E->H,116.201,-8.174,1.0708
22,F->A,148.482,-7.353,1.18458
22,F->B,48.537,-7.57,0.98513
22,F->C,49.61,7.734,0.87811
22,F->D,98.241,-5.506,0.83111
22,F->E,22.693,-3.709,1.12817
22,F->G,81.206,-4.639,1.1529
22,F->H,187.172,20.538,1.0763
22,G->A,94.598,13.707,0.88413
22,G->B,13.469,-4.391,1.05349
22,G->C,40.591,3.753,1.01842
22,G->D,40.69,-4.051,1.03481
22,G->E,123.126,-15.096,1.14114
22,G->F,60.653,5.374,1.03803
22,G->H,18.792,1.417,1.07127
22,H->A,55.071,7.806,1.06855
22,H->B,75.052,-9.905,1.07108
22,H->C,45.015,-4.826,1.07366
22,H->D,29.517,-7.282,0.75719
22,H->E,198.113,32.297,0.96328
22,H->F,114.294,23.475,0.91638
22,H->G,107.514,3.181,0.91433
23,A->B,62.902,10.088,1.09865
23,A->C,35.318,3.769,0.81969
23,A->D,17.726,-1.542,1.1663
23,A->E,,3.327,1.14203
23,A->F,98.522,-18.867,0.67746
23,A->G,63.602,-3.772,0.79451
23,A->H,112.072,-15.554,0.99994
23,B->A,32.15,0.581,0.95733
23,B->C,35.448,11.05,1.00459
23,B->D,83.697,-6.039,0.88471
23,B->E,53.114,-0.193,1.12877
23,B->F,97.574,-8.746,1.11091
23,B->G,91.223,5.385,1.00641
23,B->H,60.209,2.543,1.14047
23,C->A,34.537,-4.941,1.0288
23,C->B,45.358,0.723,0.85965
23,C->D,96.662,1.285,1.06012
23,C->E,98.493,-5.832,0.88309
23,C->F,54.672,-6.947,1.1142
23,C->G,18.911,-6.219,0.95167
23,C->H,28.195,-7.194,0.96361
23,D->A,97.324,4.025,0.92375
23,D->B,171.861,-9.476,1.2035
23,D->C,61.863,-7.044,0.99092
23,D->E,38.924,-2.003,0.947
23,D->F,41.973,8.8,0.97827
23,D->G,115.867,10.69,1.11232
23,D->H,100.419,-2.956,1.03983
23,E->A,,0.509,1.0195
23,E->B,75.392,0.714,1.03431
23,E->C,87.075,-2.288,1.36044
23,E->D,170.52,1.917,0.94809
23,E->F,36.663,1.667,0.90168
23,E->G,81.379,-12.654,0.88797
23,E->H,111.408,-3.626,1.08007
23,F->A,156.359,1.629,1.18004
23,F->B,44.915,-11.747,0.98492
23,F->C,55.582,4.685,0.88009
23,F->D,110.374,26.162,0.83426
23,F->E,21.718,-3.66,1.12452
23,F->G,82.738,0.736,1.1521
23,F->H,193.776,-18.692,1.07854
23,G->A,95.038,12.732,0.88682
23,G->B,17.486,-3.785,1.0602
23,G->C,39.98,4.883,1.02645
23,G->D,42.078,-7.029,1.0336
23,G->E,132.388,7.719,1.14717
23,G->F,64.661,14.169,1.02343
23,G->H,14.968,1.205,1.0706
23,H->A,72.35,2.67,1.06613
23,H->B,68.699,3.075,1.06867
23,H->C,57.67,-7.479,1.07167
23,H->D,43.302,4.789,0.75285
23,H->E,636.428,-36.381,0.95559
23,H->F,112.685,2.431,0.91829
23,H->G,124.827,-0.051,0.91137
24,A->B,71.668,4.431,1.10535
24,A->C,40.682,-0.739,0.81557
24,A->D,19.697,-0.848,1.1676
24,A->E,82.02,1.026,1.1456
24,A->F,107.258,-2.224,0.67768
24,A->G,60.52,-4.332,0.79891
24,A->H,116.295,12.96,1.0019
24,B->A,32.899,-0.178,0.95477
24,B->C,38.422,3.506,0.9979
24,B->D,80.147,2.165,0.88803
24,B->E,55.851,-3.635,1.1229
24,B->F,103.655,1.998,1.10556
24,B->G,95.65,-3.796,1.00093
24,B->H,57.531,-0.543,1.1466
24,C->A,44.622,-10.156,1.0283
24,C->B,53.364,8.236,0.85917
24,C->D,101.918,-10.312,1.05143
24,C->E,109.241,0.812,0.88551
24,C->F,49.614,-7.299,1.11198
24,C->G,25.234,-6.43,0.9588
24,C->H,31.38,-8.214,0.96662
24,D->A,93.478,1.152,0.92225
24,D->B,67.629,-1.993,1.21326
24,D->C,57.364,-2.662,0.9949
24,D->E,37.76,-0.561,0.9433
24,D->F,37.104,5.914,0.96896
24,D->G,126.234,-10.796,1.10458
24,D->H,102.35,-5.088,1.0494
24,E->A,50.399,0.487,1.01254
24,E->B,87.308,6.569,1.03125
24,E->C,93.591,-6.727,1.37055
24,E->D,177.913,5.231,0.94664
24,E->F,35.294,3.725,0.90103
24,E->G,85.267,8.936,0.88595
24,E->H,128.03,10.937,1.07798
24,F->A,162.554,-8.22,1.19113
24,F->B,42.309,-4.366,0.99517
24,F->C,52.66,6.167,0.87671
24,F->D,115.93,9.643,0.83413
24,F->E,23.877,-6.956,1.11465
24,F->G,87.25,3.762,1.14994
24,F->H,209.543,39.061,1.07666
24,G->A,103.314,-1.476,0.89149
24,G->B,16.871,-5.089,1.06601
24,G->C,41.577,1.625,1.02408
24,G->D,51.505,-1.412,1.03081
24,G->E,132.338,-2.85,1.14142
24,G->F,69.331,11.352,1.01335
24,G->H,14.495,1.311,1.0717
24,H->A,74.574,4.619,1.06798
24,H->B,80.648,13.879,1.06446
24,H->C,52.702,1.087,1.07006
24,H->D,45.206,4.023,0.75999
24,H->E,219.341,1.072,0.95079
24,H->F,122.901,0.465,0.91236
24,H->G,125.025,2.425,0.90871
25,A->B,53.056,6.046,1.10477
25,A->C,39.315,-4.98,0.81867
25,A->D,20.286,-1.866,1.15768
25,A->E,77.172,-0.338,1.14653
25,A->F,107.469,9.234,0.67412
25,A->G,62.143,-4.484,0.79552
25,A->H,110.303,-16.144,0.99462
25,B->A,25.334,1.909,0.95079
25,B->C,38.618,5.297,1.00959
25,B->D,81.541,17.218,0.88082
25,B->E,52.428,-2.197,1.1156
25,B->F,101.795,11.673,1.1054
25,B->G,92.508,-2.878,1.00195
25,B->H,57.473,1.788,1.15489
25,C->A,28.221,-1.922,1.02783
25,C->B,50.182,5.475,0.85976
25,C->D,98.718,14.506,1.05547
25,C->E,109.789,12.373,0.8846
25,C->F,57.765,-3.346,1.11092
25,C->G,19.094,-3.03,0.96582
25,C->H,21.677,2.272,0.97188
25,D->A,84.856,2.708,0.92894
25,D->B,58.99,16.652,1.20369
25,D->C,54.916,-7.563,0.9895
25,D->E,41.714,-3.756,0.9376
25,D->F,36.156,4.842,0.97234
25,D->G,110.033,-2.694,1.10718
25,D->H,88.894,-4.808,1.04541
25,E->A,40.736,0.451,1.01165
25,E->B,72.888,-4.218,1.03203
25,E->C,84.827,-6.666,1.3712
25,E->D,164.482,12.324,0.94683
25,E->F,36.471,0.158,0.90332
25,E->G,82.169,1.223,0.88392
25,E->H,110.841,12.914,1.07103
25,F->A,146.246,33.765,1.1886
25,F->B,50.736,-5.323,1.00014
25,F->C,58.506,10.824,0.88067
25,F->D,100.459,12.734,0.83424
25,F->E,27.691,-4.553,1.12349
25,F->G,75.521,-3.571,1.15231
25,F->H,198.073,-0.102,1.08304
25,G->A,89.783,-5.389,0.89299
25,G->B,12.239,-3.147,1.07065
25,G->C,38.414,3.583,1.02386
25,G->D,52.188,-4.188,1.03252
25,G->E,129.165,-3.266,1.14359
25,G->F,67.789,9.933,1.01241
25,G->H,22.16,2.926,1.07471
25,H->A,75.179,5.604,1.06003
25,H->B,71.829,-3.291,1.05698
25,H->C,43.692,-0.42,1.06976
25,H->D,33.107,-3.583,0.75795
25,H->E,210.626,-8.174,0.94912
25,H->F,112.354,38.496,0.91428
25,H->G,116.29,7.487,0.90775
26,A->B,60.286,5.109,1.10717
26,A->C,44.174,0.388,0.82608
26,A->D,20.591,-1.748,1.15046
26,A->E,73.292,3.917,1.14665
26,A->F,103.461,-15.43,0.68019
26,A->G,53.042,-6.443,0.80168
26,A->H,110.353,2.936,0.99498
26,B->A,25.44,1.228,0.95176
26,B->C,40.178,1.536,1.0067
26,B->D,79.546,-6.724,0.87775
26,B->E,51.028,-5.624,1.12025
26,B->F,100.684,1.6,1.1025
26,B->G,93.109,-2.174,1.00215
26,B->H,55.127,-1.579,1.1494
26,C->A,27.657,-1.515,1.02334
26,C->B,53.767,3.071,0.86224
26,C->D,91.06,-10.107,1.05832
26,C->E,98.437,15.362,0.87965
26,C->F,57.959,9.248,1.11115
26,C->G,24.747,-5.579,0.96785
26,C->H,28.917,-7.696,0.97396
26,D->A,81.62,0.977,0.92446
26,D->B,159.567,14.291,1.19937
26,D->C,54.847,5.894,0.99511
26,D->E,38.344,-3.135,0.94049
26,D->F,38.622,6.9,0.96527
26,D->G,106.923,20.35,1.10578
26,D->H,,-6.696,1.05196
26,E->A,49.084,0.14,1.01947
26,E->B,80.275,-7.289,1.03103
26,E->C,79.891,-1.782,1.36952
26,E->D,156.586,2.114,0.944
26,E->F,33.606,-0.447,0.90478
26,E->G,78.68,-1.367,0.88268
26,E->H,109.669,2.215,1.06845
26,F->A,148.828,-12.045,1.18696
26,F->B,52.226,-2.575,1.00676
26,F->C,51.021,-5.677,0.88573
26,F->D,96.681,16.841,0.83359
26,F->E,18.301,-4.883,1.1177
26,F->G,81.327,-2.269,1.15552
26,F->H,188.824,9.119,1.0864
26,G->A,76.565,3.314,0.89389
26,G->B,10.506,-5.732,1.07425
26,G->C,37.335,4.993,1.02366
26,G->D,48.101,4.689,1.03587
26,G->E,116.449,-11.814,1.14242
26,G->F,52.547,-5.253,1.01111
26,G->H,19.876,0.81,1.08059
26,H->A,67.123,-5.156,1.05955
26,H->B,70.205,2.349,1.04991
26,H->C,52.359,2.352,1.06568
26,H->D,43.117,-5.929,0.75451
26,H->E,192.246,-11.004,0.93607
26,H->F,105.21,-4.624,0.91852
26,H->G,114.057,-12.001,0.90642
27,A->B,30.885,1.472,1.10828
27,A->C,23.454,-0.764,0.82539
27,A->D,17.4,0.429,1.1548
27,A->E,46.89,1.217,1.14239
27,A->F,54.378,2.195,0.67641
27,A->G,,1.685,0.80624
27,A->H,55.52,2.497,0.9873
27,B->A,22.568,-0.583,0.9487
27,B->C,19.394,4.789,1.00269
27,B->D,43.224,-1.37,0.88144
27,B->E,29.581,0.876,1.11672
27,B->F,57.128,-5.035,1.1035
27,B->G,53.96,1.596,1.00274
27,B->H,31.552,1.761,1.15495
27,C->A,9.588,-1.028,1.01691
27,C->B,35.353,1.12,0.86319
27,C->D,54.498,-10.096,1.05539
27,C->E,56.277,-1.405,0.8716
27,C->F,24.821,3.093,1.10443
27,C->G,15.402,-2.214,0.97169
27,C->H,7.12,-6.177,0.9758
27,D->A,44.977,9.886,0.92234
27,D->B,38.157,1.981,1.19546
27,D->C,32.102,1.055,1.01074
27,D->E,18.971,-2.593,0.93863
27,D->F,12.737,5.612,0.96671
27,D->G,62.844,-0.206,1.10957
27,D->H,52.307,-0.725,1.0508
27,E->A,27.482,2.146,1.01637
27,E->B,36.845,-6.399,1.02768
27,E->C,46.011,-11.249,1.37392
27,E->D,,-1.97,0.94352
27,E->F,18.526,2.593,0.90904
27,E->G,48.502,0.417,0.88585
27,E->H,70.207,-5.62,1.07459
27,F->A,82.178,-9.631,1.18687
27,F->B,29.349,-2.842,0.99933
27,F->C,26.624,2.108,0.88499
27,F->D,54.145,-1.869,0.8319
27,F->E,5.166,-2.938,1.12514
27,F->G,52.181,1.903,1.15398
27,F->H,100.756,-0.518,1.08808
27,G->A,46.482,6.485,0.88568
27,G->B,11.578,-2.275,1.08394
27,G->C,23.026,-0.721,1.02806
27,G->D,27.486,2.27,1.02453
27,G->E,58.489,-20.939,1.13372
27,G->F,37.249,-0.175,1.00552
27,G->H,11.879,0.065,1.08547
27,H->A,33.683,6.176,1.05885
27,H->B,51.415,0.592,1.05641
27,H->C,27.383,-4.673,1.06459
27,H->D,15.729,-0.938,0.75652
27,H->E,107.313,-16.461,0.93721
27,H->F,56.494,1.791,0.91636
27,H->G,67.511,4.182,0.90366
28,A->B,29.172,-1.541,1.10704
28,A->C,17.647,-0.761,0.83267
28,A->D,4.193,-1.399,1.16077
28,A->E,30.369,-3.314,1.14987
28,A->F,39.291,-6.677,0.67699
28,A->G,23.081,2.296,0.80536
28,A->H,44.577,-3.235,0.98666
28,B->A,19.999,-0.979,0.95383
28,B->C,52.353,1.201,1.00554
28,B->D,21.233,-0.54,0.88521
28,B->E,17.583,-1.778,1.11776
28,B->F,45.742,-0.854,1.1064
28,B->G,30.576,2.348,0.99798
28,B->H,31.542,0.211,1.15815
28,C->A,13.008,1.066,1.01417
28,C->B,22.315,-0.992,0.87427
28,C->D,42.533,1.686,1.05439
28,C->E,39.567,11.837,0.87064
28,C->F,21.72,-0.816,1.0959
28,C->G,14.538,-2.736,0.96889
28,C->H,7.494,-0.168,0.97157
28,D->A,38.254,-3.079,0.91607
28,D->B,26.172,2.667,1.19771
28,D->C,19.688,1.507,1.00757
28,D->E,,0.232,0.94519
28,D->F,16.906,4.588,0.96159
28,D->G,48.587,4.173,1.10718
28,D->H,41.165,0.956,1.05708
28,E->A,,1.465,1.01521
28,E->B,31.238,-2.971,1.03241
28,E->C,37.389,-5.309,1.37798
28,E->D,82.58,-12.411,0.94169
28,E->F,15.32,0.111,0.91373
28,E->G,30.029,0.685,0.88042
28,E->H,45.472,4.442,1.07427
28,F->A,67.365,-2.905,1.18683
28,F->B,22.839,-4.488,1.00313
28,F->C,24.33,3.587,0.8799
28,F->D,37.491,-7.31,0.83449
28,F->E,8.623,-2.32,1.13446
28,F->G,41.092,-2.018,1.1658
28,F->H,91.334,-4.943,1.08404
28,G->A,32.256,-3.166,0.87452
28,G->B,4.74,-2.778,1.078
28,G->C,18.466,1.086,1.0398
28,G->D,16.494,-4.129,1.02272
28,G->E,51.713,-11.323,1.1436
28,G->F,32.404,-0.643,1.01102
28,G->H,10.508,1.267,1.08965
28,H->A,33.535,2.452,1.0581
28,H->B,33.545,-1.593,1.06318
28,H->C,22.206,-0.256,1.06249
28,H->D,17.626,0.768,0.75577
28,H->E,101.203,-9.6,0.94392
28,H->F,52.618,-3.815,0.92368
28,H->G,50.602,1.918,0.91083
29,A->B,54.565,3.92,1.10975
29,A->C,38.277,-3.388,0.83416
29,A->D,19.047,-2.194,1.15864
29,A->E,88.877,-9.278,1.14651
29,A->F,96.324,2.981,0.67783
29,A->G,53.736,2.897,0.80355
29,A->H,111.711,-12.772,0.98575
29,B->A,19.244,0.943,0.948
29,B->C,39.675,9.092,1.01341
29,B->D,67.359,6.066,0.88303
29,B->E,56.846,4.405,1.11896
29,B->F,99.802,6.202,1.10753
29,B->G,88.89,-8.364,0.99936
29,B->H,55.034,4.792,1.14624
29,C->A,15.115,-4.159,1.01976
29,C->B,55.072,4.502,0.8767
29,C->D,87.592,12.789,1.06244
29,C->E,95.654,17.56,0.87302
29,C->F,54.387,-5.106,1.09938
29,C->G,22.852,-6.445,0.96984
29,C->H,26.365,-0.451,0.97457
29,D->A,81.769,15.707,0.91061
29,D->B,59.036,8.624,1.20045
29,D->C,74.772,3.224,1.00807
29,D->E,35.276,-3.125,0.94512
29,D->F,35.101,0.17,0.96804
29,D->G,113.756,7.888,1.09383
29,D->H,92.102,-7.32,1.05269
29,E->A,49.21,-3.185,1.00837
29,E->B,76.218,-5.031,1.02831
29,E->C,85.027,10.386,1.38392
29,E->D,159.081,-21.242,0.93717
29,E->F,28.68,3.335,0.9158
29,E->G,83.48,8.071,0.88475
29,E->H,109.7,-2.399,1.07666
29,F->A,149.23,-9.058,1.19336
29,F->B,44.069,-14.174,1.00331
29,F->C,61.364,-6.329,0.88302
29,F->D,98.637,-13.805,0.82883
29,F->E,19.886,-4.525,1.13388
29,F->G,79.14,-4.026,1.16466
29,F->H,183.059,6.962,1.08701
29,G->A,96.228,-6.53,0.87742
29,G->B,20.882,-3.397,1.075
29,G->C,40.582,-5.047,1.03444
29,G->D,37.409,0.79,1.01854
29,G->E,118.093,-0.073,1.13837
29,G->F,61.331,6.767,1.00595
29,G->H,14.04,-0.49,1.09422
29,H->A,63.205,-1.867,1.06754
29,H->B,,-10.532,1.05961
29,H->C,49.155,-0.915,1.06291
29,H->D,33.353,0.133,0.75732
29,H->E,197.297,8.817,0.95089
29,H->F,111.211,-11.971,0.92975
29,H->G,114.701,-9.433,0.91682
30,A->B,63.431,-4.994,1.11083
30,A->C,41.455,-0.316,0.83471
30,A->D,27.066,-4.526,1.15665
30,A->E,81.747,23.323,1.15004
30,A->F,103.212,-4.875,0.68025
30,A->G,56.645,-6.13,0.80283
30,A->H,111.858,4.769,0.98254
30,B->A,36.97,-0.659,0.94885
30,B->C,38.245,4.089,1.01081
30,B->D,75.504,4.965,0.88442
30,B->E,47.712,3.056,1.11613
30,B->F,103.91,10.502,1.10307
30,B->G,96.513,-18.676,1.00948
30,B->H,56.456,-9.897,1.15011
30,C->A,29.929,-2.013,1.02098
30,C->B,47.304,15.543,0.88657
30,C->D,94.962,12.517,1.06193
30,C->E,111.19,4.647,0.86768
30,C->F,59.651,-8.212,1.10096
30,C->G,21.486,-4.646,0.97392
30,C->H,16.083,-10.556,0.98337
30,D->A,87.023,2.631,0.9146
30,D->B,56.54,2.367,1.1973
30,D->C,59.689,-3.29,1.00871
30,D->E,,-8.087,0.9429
30,D->F,27.927,4.374,0.97512
30,D->G,117.475,-1.451,1.10243
30,D->H,91.141,-9.783,1.0515
30,E->A,46.943,-1.198,1.01089
30,E->B,72.867,7.444,1.0263
30,E->C,86.508,0.894,1.37246
30,E->D,172.249,11.087,0.93356
30,E->F,34.143,4.433,0.91499
30,E->G,83.616,1.489,0.88578
30,E->H,118.158,0.829,1.07733
30,F->A,,5.471,1.18918
30,F->B,51.589,-3.099,0.99776
30,F->C,51.233,7.348,0.8895
30,F->D,107.672,11.76,0.83185
30,F->E,30.011,-5.208,1.12806
30,F->G,88.413,3.604,1.16137
30,F->H,198.212,1.852,1.07973
30,G->A,94.929,-4.276,0.87231
30,G->B,15.003,-4.964,1.0766
30,G->C,33.627,0.949,1.04506
30,G->D,47.132,-1.107,1.01953
30,G->E,136.409,-2.592,1.13638
30,G->F,66.636,16.654,1.00826
30,G->H,19.314,3.766,1.10526
30,H->A,69.859,5.796,1.06352
30,H->B,,-2.776,1.05185
30,H->C,46.311,-4.187,1.0612
30,H->D,27.781,-8.132,0.75733
30,H->E,209.918,-18.73,0.95086
30,H->F,114.085,-0.043,0.94133
30,H->G,124.661,5.367,0.91815
31,A->B,187.644,1.535,1.12215
31,A->C,46.425,-3.802,0.83362
31,A->D,17.516,-3.259,1.16934
31,A->E,84.349,3.567,1.14829
31,A->F,108.263,-5.545,0.68336
31,A->G,65.572,2.513,0.80102
31,A->H,118.097,-2.822,0.9827
31,B->A,25.233,1.977,0.93956
31,B->C,42.582,-1.931,1.01097
31,B->D,73.285,3.0,0.88006
31,B->E,63.586,3.041,1.11214
31,B->F,104.557,-7.953,1.1035
31,B->G,97.819,4.66,1.01221
31,B->H,61.963,5.699,1.14692
31,C->A,27.11,4.491,1.01416
31,C->B,66.775,0.95,0.88435
31,C->D,98.381,0.128,1.04336
31,C->E,115.873,19.709,0.86687
31,C->F,61.434,-2.674,1.09446
31,C->G,22.187,-0.977,0.97028
31,C->H,30.511,-4.014,0.98663
31,D->A,99.976,22.162,0.91193
31,D->B,57.701,5.081,1.20063
31,D->C,59.723,8.241,1.00886
31,D->E,40.752,-5.827,0.93556
31,D->F,37.72,6.129,0.97603
31,D->G,108.421,-6.684,1.10529
31,D->H,101.215,-2.252,1.05946
31,E->A,50.259,-12.421,1.00924
31,E->B,79.683,4.15,1.03349
31,E->C,87.977,-11.392,1.36861
31,E->D,171.751,-5.814,0.9328
31,E->F,40.6,5.51,0.91347
31,E->G,79.231,-5.676,0.88582
31,E->H,118.736,-2.309,1.08042
31,F->A,,-7.27,1.1962
31,F->B,55.819,-9.873,1.00487
31,F->C,51.407,13.319,0.89122
31,F->D,,11.408,0.8291
31,F->E,29.214,-4.202,1.12965
31,F->G,86.641,4.207,1.17005
31,F->H,212.81,-0.965,1.07152
31,G->A,,16.682,0.87391
31,G->B,4.489,-4.512,1.08726
31,G->C,41.426,0.346,1.05143
31,G->D,57.702,-1.415,1.02511
31,G->E,137.715,4.814,1.13713
31,G->F,66.218,9.975,1.00723
31,G->H,12.901,3.16,1.09892
31,H->A,72.749,7.749,1.06436
31,H->B,83.846,12.879,1.06076
31,H->C,46.882,5.95,1.06659
31,H->D,124.231,3.977,0.76173
31,H->E,226.789,19.018,0.94995
31,H->F,129.655,-8.493,0.94009
31,H->G,124.724,20.298,0.92009
32,A->B,58.435,-1.045,1.11514
32,A->C,44.008,1.559,0.83247
32,A->D,14.74,-1.71,1.17344
32,A->E,71.234,0.513,1.14162
32,A->F,100.136,-0.032,0.68195
32,A->G,47.872,-9.973,0.79872
32,A->H,122.631,-5.945,0.97084
32,B->A,35.367,1.912,0.93399
32,B->C,31.601,0.688,1.01574
32,B->D,86.289,4.146,0.87838
32,B->E,54.764,7.284,1.11712
32,B->F,110.73,16.065,1.0932
32,B->G,89.131,6.71,1.0054
32,B->H,54.786,0.303,1.14111
32,C->A,40.144,-1.834,1.01138
32,C->B,52.458,7.434,0.87889
32,C->D,101.916,9.899,1.05016
32,C->E,116.301,-11.157,0.86071
32,C->F,55.98,6.094,1.08359
32,C->G,24.236,-7.123,0.9641
32,C->H,27.281,-2.842,0.98929
32,D->A,94.143,10.96,0.91601
32,D->B,60.166,5.59,1.19774
32,D->C,61.986,-8.743,1.00387
32,D->E,43.544,-7.524,0.9419
32,D->F,25.192,4.473,0.98153
32,D->G,124.802,-29.449,1.10325
32,D->H,99.614,5.98,1.05233
32,E->A,40.611,-8.032,1.01449
32,E->B,74.364,1.464,1.03306
32,E->C,87.97,-2.799,1.36659
32,E->D,170.242,-22.971,0.93248
32,E->F,43.957,1.308,0.91442
32,E->G,84.642,6.169,0.87633
32,E->H,122.145,-7.289,1.06837
32,F->A,161.764,-40.855,1.19352
32,F->B,51.909,-14.445,0.99685
32,F->C,56.793,-6.451,0.89167
32,F->D,117.676,2.296,0.82647
32,F->E,32.505,-6.503,1.12756
32,F->G,85.933,-6.37,1.17047
32,F->H,203.328,2.644,1.083
32,G->A,86.721,7.81,0.87076
32,G->B,13.252,-1.177,1.09505
32,G->C,50.691,-5.918,1.05866
32,G->D,51.165,4.391,1.01921
32,G->E,129.344,10.062,1.15683
32,G->F,58.901,1.13,1.00251
32,G->H,18.259,5.832,1.09488
32,H->A,74.279,13.263,1.06665
32,H->B,82.672,6.563,1.06881
32,H->C,56.392,-16.121,1.06922
32,H->D,35.217,-4.741,0.75975
32,H->E,209.338,-4.986,0.94861
32,H->F,117.652,-6.114,0.93732
32,H->G,115.631,-1.287,0.92505
33,A->B,51.012,-2.014,1.12116
33,A->C,45.665,1.632,0.82931
33,A->D,21.568,-1.024,1.16544
33,A->E,78.611,7.69,1.14435
33,A->F,98.96,-15.053,0.67114
33,A->G,57.118,-14.662,0.79614
33,A->H,113.694,-10.176,0.97068
33,B->A,28.297,-1.731,0.93185
33,B->C,35.988,3.466,1.01522
33,B->D,77.58,7.724,0.87055
33,B->E,55.303,-2.547,1.11186
33,B->F,99.145,-0.892,1.08729
33,B->G,90.899,5.041,1.01388
33,B->H,50.94,6.735,1.14817
33,C->A,32.061,-3.879,1.00949
33,C->B,45.568,2.717,0.87979
33,C->D,92.275,0.764,1.05643
33,C->E,92.475,0.181,0.86524
33,C->F,48.013,3.544,1.08022
33,C->G,16.664,-7.601,0.95785
33,C->H,25.279,-7.962,0.99743
33,D->A,81.655,-4.101,0.91719
33,D->B,63.083,2.813,1.19603
33,D->C,38.539,-2.985,1.00364
33,D->E,42.496,-6.338,0.95181
33,D->F,36.784,2.71,0.97952
33,D->G,106.022,-6.015,1.09901
33,D->H,83.024,-6.5,1.05461
33,E->A,35.629,4.183,1.01453
33,E->B,71.059,0.019,1.02922
33,E->C,82.96,-0.199,1.36326
33,E->D,167.241,51.474,0.93818
33,E->F,,-2.106,0.90868
33,E->G,70.432,-1.301,0.87884
33,E->H,103.266,26.23,1.06019
33,F->A,145.027,1.41,1.19308
33,F->B,47.376,-7.782,1.00237
33,F->C,45.21,-1.074,0.88603
33,F->D,90.291,11.395,0.82713
33,F->E,27.397,-3.78,1.12369
33,F->G,74.695,-12.002,1.17252
33,F->H,187.271,9.992,1.08238
33,G->A,87.448,-2.687,0.87094
33,G->B,10.333,-5.724,1.09546
33,G->C,38.715,3.025,1.05964
33,G->D,49.279,-12.548,1.02328
33,G->E,121.621,25.937,1.16658
33,G->F,53.019,4.082,0.99976
33,G->H,17.259,3.371,1.08434
33,H->A,64.511,6.168,1.0607
33,H->B,71.133,-3.981,1.06799
33,H->C,48.444,-5.201,1.07775
33,H->D,36.352,-4.351,0.75809
33,H->E,205.016,-9.517,0.94692
33,H->F,107.205,-22.316,0.92985
33,H->G,112.576,11.477,0.92849
34,A->B,32.751,2.527,1.12339
34,A->C,31.041,0.461,0.83292
34,A->D,11.26,-0.154,1.16964
34,A->E,43.706,0.48,1.14259
34,A->F,61.677,-5.683,0.67158
34,A->G,26.731,-2.142,0.79278
34,A->H,64.736,-10.348,0.96195
34,B->A,22.915,-2.05,0.92703
34,B->C,12.711,6.833,1.01015
34,B->D,44.829,2.181,0.86696
34,B->E,32.551,-3.568,1.12314
34,B->F,48.519,-6.564,1.08255
34,B->G,44.595,5.668,1.00992
34,B->H,35.029,1.02,1.1476
34,C->A,9.967,1.438,1.01218
34,C->B,23.872,-0.595,0.88182
34,C->D,56.409,7.299,1.05998
34,C->E,53.757,11.666,0.86699
34,C->F,95.348,-3.829,1.0902
34,C->G,6.911,-3.849,0.96098
34,C->H,20.406,-3.322,0.9961
34,D->A,60.797,6.542,0.91598
34,D->B,30.415,1.691,1.1992
34,D->C,,-3.835,1.0073
34,D->E,,-4.038,0.95512
34,D->F,25.195,0.387,0.96967
34,D->G,70.03,-1.95,1.10415
34,D->H,48.71,3.883,1.05625
34,E->A,24.235,-0.074,1.00027
34,E->B,40.074,-2.267,1.02627
34,E->C,46.729,-1.015,1.36975
34,E->D,89.493,-12.309,0.93927
34,E->F,8.658,0.247,0.91602
34,E->G,54.974,4.145,0.87549
34,E->H,57.572,-3.235,1.06542
34,F->A,78.874,-2.752,1.19666
34,F->B,22.563,-4.529,1.00532
34,F->C,27.46,-7.826,0.88658
34,F->D,54.629,-8.288,0.82606
34,F->E,16.157,-2.398,1.12889
34,F->G,134.494,2.864,1.17647
34,F->H,103.791,13.533,1.07675
34,G->A,40.801,4.329,0.87138
34,G->B,7.104,-1.913,1.09183
34,G->C,21.83,-0.843,1.0592
34,G->D,23.019,-5.159,1.02307
34,G->E,68.913,5.977,1.17085
34,G->F,42.165,1.127,0.99315
34,G->H,18.648,2.301,1.09493
34,H->A,29.718,3.408,1.05778
34,H->B,43.338,-0.662,1.07299
34,H->C,33.448,3.944,1.0817
34,H->D,19.626,0.657,0.75808
34,H->E,106.241,6.321,0.94698
34,H->F,58.046,-3.147,0.9322
34,H->G,56.339,-10.071,0.93293
35,A->B,34.166,4.005,1.12754
35,A->C,5.636,-0.861,0.83646
35,A->D,8.58,-0.798,1.16803
35,A->E,35.571,-2.028,1.14805
35,A->F,40.942,-8.552,0.67157
35,A->G,22.084,-0.656,0.79567
35,A->H,49.502,-2.24,0.96207
35,B->A,4.015,0.646,0.91761
35,B->C,19.523,3.937,1.01329
35,B->D,35.796,-1.258,0.87111
35,B->E,20.937,3.154,1.12648
35,B->F,45.792,1.982,1.08143
35,B->G,32.115,5.236,1.0037
35,B->H,28.819,-4.063,1.14707
35,C->A,46.914,-1.675,1.00186
35,C->B,14.138,1.181,0.88726
35,C->D,,0.956,1.05354
35,C->E,128.914,14.988,0.86484
35,C->F,32.725,2.92,1.08367
35,C->G,13.248,-3.138,0.95713
35,C->H,10.763,-0.077,0.99971
35,D->A,47.747,-0.848,0.92397
35,D->B,29.537,-5.109,1.19803
35,D->C,18.634,-0.977,0.99461
35,D->E,22.103,1.411,0.95286
35,D->F,17.457,0.176,0.9727
35,D->G,49.267,-2.599,1.10566
35,D->H,40.829,-0.317,1.0573
35,E->A,23.257,2.447,0.99119
35,E->B,31.422,1.328,1.02637
35,E->C,35.599,-4.788,1.3724
35,E->D,74.221,-10.875,0.93747
35,E->F,37.842,-0.561,0.90917
35,E->G,,3.524,0.87813
35,E->H,44.376,-2.063,1.05841
35,F->A,203.249,21.722,1.18864
35,F->B,18.446,-3.569,1.00958
35,F->C,22.037,-3.457,0.88369
35,F->D,47.512,-2.226,0.82502
35,F->E,7.15,-0.907,1.13634
35,F->G,37.281,0.077,1.17461
35,F->H,88.997,-3.462,1.06788
35,G->A,40.648,1.877,0.86319
35,G->B,8.775,-1.786,1.08109
35,G->C,11.982,-1.375,1.06043
35,G->D,24.913,-4.402,1.01775
35,G->E,63.535,11.065,1.17222
35,G->F,30.47,-2.993,0.99031
35,G->H,5.098,0.763,1.09649
35,H->A,93.068,7.753,1.05711
35,H->B,30.815,-4.66,1.07434
35,H->C,21.984,-4.226,1.08139
35,H->D,,-0.935,0.75544
35,H->E,93.727,-8.605,0.93922
35,H->F,59.021,9.637,0.94153
35,H->G,56.649,2.452,0.93128
36,A->B,58.655,-9.408,1.13118
36,A->C,39.676,0.57,0.83627
36,A->D,12.246,-0.922,1.16332
36,A->E,77.525,0.65,1.13587
36,A->F,101.37,-3.127,0.67508
36,A->G,41.426,5.779,0.7982
36,A->H,103.155,-3.887,0.96075
36,B->A,27.479,-0.136,0.92001
36,B->C,42.171,9.562,1.01879
36,B->D,74.454,-5.203,0.87055
36,B->E,152.231,-7.089,1.13338
36,B->F,301.631,9.935,1.08574
36,B->G,97.021,7.887,0.99452
36,B->H,51.633,9.554,1.14671
36,C->A,28.888,-0.751,1.00637
36,C->B,55.152,3.77,0.89379
36,C->D,95.22,9.242,1.05252
36,C->E,97.037,-2.378,0.86566
36,C->F,51.625,-0.716,1.08594
36,C->G,25.684,-4.85,0.95573
36,C->H,29.423,-3.388,1.00271
36,D->A,83.569,-9.013,0.91913
36,D->B,54.691,12.144,1.20729
36,D->C,53.233,-9.539,0.99986
36,D->E,39.192,-1.564,0.95195
36,D->F,41.158,4.61,0.96867
36,D->G,112.906,0.375,1.10124
36,D->H,82.125,-10.771,1.06095
36,E->A,47.582,13.035,0.99491
36,E->B,63.337,-9.317,1.01356
36,E->C,81.27,1.056,1.36179
36,E->D,161.879,-9.611,0.92927
36,E->F,93.694,-2.109,0.90338
36,E->G,76.203,10.487,0.87847
36,E->H,125.87,-5.964,1.05364
36,F->A,142.539,6.451,1.17737
36,F->B,43.438,-3.625,1.02127
36,F->C,50.186,-4.832,0.88054
36,F->D,110.714,1.519,0.82087
36,F->E,21.81,-5.68,1.1409
36,F->G,80.155,2.95,1.18188
36,F->H,192.014,14.253,1.06179
36,G->A,,2.269,0.86371
36,G->B,16.592,-3.876,1.07871
36,G->C,39.053,10.577,1.06139
36,G->D,51.334,2.012,1.02166
36,G->E,130.912,2.509,1.17155
36,G->F,58.922,2.78,0.98173
36,G->H,17.19,-0.223,1.0939
36,H->A,65.034,3.703,1.05679
36,H->B,80.06,-16.19,1.07323
36,H->C,42.709,-4.659,1.08083
36,H->D,29.809,-2.437,0.75879
36,H->E,610.962,-7.104,0.95196
36,H->F,100.759,-7.945,0.94402
36,H->G,116.048,-13.781,0.92596
37,A->B,48.906,10.253,1.12665
37,A->C,39.756,-0.794,0.83115
37,A->D,22.332,-1.51,1.16052
37,A->E,82.291,2.747,1.14714
37,A->F,108.659,-5.055,0.67655
37,A->G,49.931,-2.472,0.80374
37,A->H,122.749,-1.031,0.95684
37,B->A,31.989,2.759,0.91788
37,B->C,38.615,9.693,1.00691
37,B->D,72.173,5.831,0.8674
37,B->E,60.203,2.781,1.13554
37,B->F,108.012,-6.863,1.07816
37,B->G,87.61,8.323,0.99319
37,B->H,54.521,4.359,1.14386
37,C->A,36.977,-2.22,1.0133
37,C->B,39.003,9.21,0.89227
37,C->D,93.959,13.857,1.05337
37,C->E,104.718,0.864,0.8681
37,C->F,53.991,1.567,1.08911
37,C->G,16.401,-4.488,0.9589
37,C->H,25.225,-5.474,1.0067
37,D->A,84.702,9.823,0.91839
37,D->B,62.624,-0.102,1.20222
37,D->C,61.17,1.737,0.99968
37,D->E,44.27,2.919,0.94632
37,D->F,34.208,4.126,0.9727
37,D->G,120.793,-1.982,1.09809
37,D->H,93.161,-15.791,1.06545
37,E->A,42.19,1.21,0.99143
37,E->B,84.623,-0.201,1.00956
37,E->C,80.669,-5.299,1.36027
37,E->D,174.585,26.965,0.92051
37,E->F,36.631,-3.278,0.91101
37,E->G,90.699,4.46,0.88023
37,E->H,113.236,25.728,1.05698
37,F->A,163.404,-19.465,1.16818
37,F->B,57.147,-8.841,1.01784
37,F->C,57.36,4.306,0.88456
37,F->D,101.038,2.863,0.81879
37,F->E,25.194,-2.003,1.13198
37,F->G,80.137,-6.42,1.17967
37,F->H,207.392,5.011,1.05895
37,G->A,98.491,1.765,0.85662
37,G->B,1.376,-1.983,1.08193
37,G->C,47.218,-4.586,1.05601
37,G->D,51.696,4.215,1.02701
37,G->E,127.552,-24.906,1.16763
37,G->F,60.904,0.243,0.98477
37,G->H,14.236,0.12,1.0981
37,H->A,73.741,11.074,1.0567
37,H->B,77.294,-2.395,1.07049
37,H->C,57.708,4.749,1.08332
37,H->D,39.877,9.045,0.75997
37,H->E,213.564,-4.748,0.95336
37,H->F,118.038,-4.816,0.94248
37,H->G,119.55,8.289,0.92725
38,A->B,60.001,-6.729,1.13643
38,A->C,49.357,-1.883,0.83291
38,A->D,20.588,-0.977,1.15763
38,A->E,94.438,-13.858,1.15002
38,A->F,112.819,6.065,0.67901
38,A->G,67.28,0.78,0.80155
38,A->H,119.329,-23.741,0.94721
38,B->A,24.857,3.809,0.91858
38,B->C,35.431,7.272,1.01029
38,B->D,83.375,-7.747,0.87228
38,B->E,47.214,0.374,1.14369
38,B->F,107.043,-6.479,1.07948
38,B->G,101.943,2.332,0.98823
38,B->H,55.156,-7.061,1.13843
38,C->A,35.572,-0.501,1.01731
38,C->B,60.809,0.675,0.8931
38,C->D,105.75,-5.746,1.05766
38,C->E,110.575,24.673,0.86304
38,C->F,54.381,-1.539,1.08988
38,C->G,27.807,-3.07,0.95815
38,C->H,33.446,-6.328,1.01445
38,D->A,92.009,-4.167,0.91689
38,D->B,62.234,13.592,1.20569
38,D->C,62.132,-1.544,1.0019
38,D->E,34.668,-0.418,0.9446
38,D->F,44.696,10.571,0.97477
38,D->G,113.601,12.593,1.09632
38,D->H,91.898,-12.122,1.07372
38,E->A,50.966,7.806,0.99608
38,E->B,84.286,-2.562,1.00356
38,E->C,92.675,4.147,1.35039
38,E->D,177.769,-13.743,0.91588
38,E->F,44.685,2.09,0.91674
38,E->G,88.194,16.81,0.88164
38,E->H,113.561,-27.993,1.06138
38,F->A,170.727,25.474,1.17131
38,F->B,51.486,-5.815,1.01132
38,F->C,56.369,-0.031,0.88107
38,F->D,115.146,-10.404,0.81687
38,F->E,24.81,-9.295,1.13255
38,F->G,91.234,-6.419,1.19144
38,F->H,209.383,13.488,1.05127
38,G->A,93.999,15.267,0.854
38,G->B,13.563,-3.177,1.08481
38,G->C,53.323,-2.707,1.05095
38,G->D,56.602,-4.393,1.0161
38,G->E,136.94,1.354,1.16458
38,G->F,71.828,4.527,0.98736
38,G->H,23.546,3.558,1.10446
38,H->A,69.513,1.375,1.0577
38,H->B,76.628,-17.795,1.05392
38,H->C,64.068,-7.77,1.08413
38,H->D,33.388,-1.654,0.75928
38,H->E,222.785,1.642,0.94816
38,H->F,125.405,-3.524,0.9337
38,H->G,136.503,-11.131,0.93041
39,A->B,61.472,2.869,1.13709
39,A->C,43.313,-2.104,0.83437
39,A->D,22.301,-0.821,1.16162
39,A->E,80.965,8.929,1.1472
39,A->F,108.093,-14.665,0.68071
39,A->G,63.333,-18.779,0.79995
39,A->H,118.361,4.817,0.93912
39,B->A,38.708,-3.068,0.91683
39,B->C,44.584,5.267,1.00748
39,B->D,76.814,-9.489,0.87115
39,B->E,56.034,0.938,1.14051
39,B->F,114.804,-10.049,1.07456
39,B->G,92.945,6.546,0.99815
39,B->H,60.276,-2.675,1.14447
39,C->A,28.445,-2.844,1.01179
39,C->B,41.555,2.364,0.89083
39,C->D,92.68,-3.01,1.05642
39,C->E,102.871,-6.995,0.85667
39,C->F,61.82,6.369,1.10302
39,C->G,13.971,-2.578,0.95872
39,C->H,22.571,-3.48,1.0155
39,D->A,97.886,24.248,0.91181
39,D->B,60.442,-5.043,1.20253
39,D->C,62.127,-11.347,1.0001
39,D->E,40.691,-5.789,0.94238
39,D->F,33.465,3.762,0.97363
39,D->G,113.441,12.61,1.09424
39,D->H,104.845,-2.842,1.07961
39,E->A,49.363,-1.713,0.99506
39,E->B,75.917,4.09,0.99943
39,E->C,249.712,-16.787,1.34787
39,E->D,172.613,18.586,0.91036
39,E->F,31.533,4.576,0.92011
39,E->G,243.753,19.319,0.88443
39,E->H,116.702,2.215,1.06351
39,F->A,,3.447,1.16112
39,F->B,50.208,2.763,1.00153
39,F->C,58.398,-8.176,0.88547
39,F->D,95.056,-1.984,0.82033
39,F->E,30.563,-5.581,1.14162
39,F->G,88.016,-2.265,1.17587
39,F->H,210.767,31.047,1.05575
39,G->A,89.415,21.004,0.85105
39,G->B,20.594,-2.165,1.09045
39,G->C,31.777,0.218,1.05422
39,G->D,47.782,-6.277,1.01103
39,G->E,131.147,2.621,1.15888
39,G->F,58.181,6.332,0.99002
39,G->H,30.895,1.276,1.10818
39,H->A,71.647,9.093,1.05884
39,H->B,76.333,-7.128,1.05557
39,H->C,48.343,-5.315,1.09259
39,H->D,36.746,3.531,0.76374
39,H->E,210.11,42.083,0.95223
39,H->F,114.04,17.043,0.94063
39,H->G,126.403,28.485,0.92696
40,A->B,52.032,-1.187,1.1371
40,A->C,43.438,0.794,0.83211
40,A->D,20.684,0.134,1.1632
40,A->E,77.232,9.979,1.15467
40,A->F,315.896,-16.548,0.68217
40,A->G,70.652,-2.135,0.7965
40,A->H,107.601,19.657,0.94414
40,B->A,26.469,4.86,0.91824
40,B->C,38.043,6.197,1.01297
40,B->D,73.367,-8.784,0.87237
40,B->E,49.038,6.062,1.13791
40,B->F,99.01,-14.741,1.07166
40,B->G,96.294,20.718,1.00572
40,B->H,51.865,0.782,1.14783
40,C->A,29.311,1.073,1.01819
40,C->B,47.034,-0.943,0.8878
40,C->D,84.652,-3.286,1.05771
40,C->E,99.96,-2.556,0.85689
40,C->F,51.605,3.041,1.09883
40,C->G,17.426,-6.39,0.95705
40,C->H,25.533,1.481,1.01757
40,D->A,89.792,20.009,0.9094
40,D->B,54.948,-2.279,1.19975
40,D->C,52.685,1.633,0.99211
40,D->E,34.605,6.928,0.94678
40,D->F,31.703,8.783,0.96619
40,D->G,112.66,-2.827,1.09255
40,D->H,91.01,4.545,1.07163
40,E->A,50.148,8.685,0.99399
40,E->B,74.021,-3.38,0.99807
40,E->C,76.794,-6.163,1.35078
40,E->D,156.089,18.965,0.90835
40,E->F,99.897,-0.329,0.92055
40,E->G,84.533,0.995,0.87997
40,E->H,112.604,-15.58,1.06756
40,F->A,153.221,11.673,1.17387
40,F->B,37.849,1.601,1.01043
40,F->C,52.393,6.461,0.87979
40,F->D,101.414,1.909,0.81949
40,F->E,19.531,-3.549,1.12873
40,F->G,81.921,-7.335,1.17003
40,F->H,191.672,-27.608,1.05608
40,G->A,86.068,-16.206,0.85396
40,G->B,8.438,-4.619,1.09675
40,G->C,,1.688,1.04488
40,G->D,52.531,-3.859,1.01237
40,G->E,124.366,9.329,1.14904
40,G->F,66.683,7.353,0.99447
40,G->H,19.142,4.528,1.11761
40,H->A,73.687,2.454,1.05678
40,H->B,74.066,-8.856,1.061
40,H->C,42.027,7.372,1.08403
40,H->D,42.403,0.111,0.76281
40,H->E,210.119,17.085,0.95869
40,H->F,105.045,5.723,0.93889
40,H->G,121.509,1.947,0.92929
41,A->B,25.374,-0.685,1.12282
41,A->C,33.153,-3.901,0.82695
41,A->D,11.8,-0.366,1.16124
41,A->E,38.77,3.812,1.14543
41,A->F,56.196,-10.19,0.67884
41,A->G,31.948,-4.791,0.79638
41,A->H,63.736,-0.209,0.93988
41,B->A,14.37,-0.147,0.92702
41,B->C,14.667,4.048,1.01657
41,B->D,31.705,-2.282,0.87467
41,B->E,21.619,-0.882,1.1314
41,B->F,48.735,-3.113,1.06667
41,B->G,48.024,-8.732,1.0026
41,B->H,37.757,-2.216,1.15072
41,C->A,9.598,-2.257,1.02417
41,C->B,26.037,2.297,0.88167
41,C->D,51.625,1.206,1.06016
41,C->E,56.791,-3.118,0.86153
41,C->F,27.447,1.658,1.09841
41,C->G,16.033,-2.011,0.94904
41,C->H,10.462,-4.046,1.02267
41,D->A,48.852,10.449,0.91192
41,D->B,23.191,3.753,1.20268
41,D->C,27.835,1.805,0.98303
41,D->E,25.971,-0.746,0.95271
41,D->F,23.911,4.094,0.96848
41,D->G,68.235,-9.6,1.09739
41,D->H,39.228,-4.335,1.08283
41,E->A,20.886,4.247,0.99278
41,E->B,42.74,-4.34,0.99198
41,E->C,36.084,-7.824,1.34327
41,E->D,83.603,-8.47,0.90625
41,E->F,18.041,1.541,0.91946
41,E->G,44.118,14.451,0.88399
41,E->H,57.189,2.884,1.06024
41,F->A,88.515,5.303,1.1789
41,F->B,22.542,-1.481,1.01562
41,F->C,97.164,-0.144,0.88013
41,F->D,50.87,0.631,0.81933
41,F->E,10.09,-1.139,1.13047
41,F->G,46.876,-1.962,1.17038
41,F->H,108.437,13.095,1.05603
41,G->A,44.681,6.85,0.8586
41,G->B,4.438,-2.201,1.09884
41,G->C,25.026,-1.922,1.05476
41,G->D,21.4,2.971,1.02165
41,G->E,74.918,3.271,1.15093
41,G->F,30.84,4.249,1.00175
41,G->H,13.254,0.217,1.11028
41,H->A,34.852,2.363,1.05356
41,H->B,40.053,-5.133,1.05916
41,H->C,28.167,-0.609,1.08815
41,H->D,14.81,4.658,0.76173
41,H->E,110.505,0.504,0.95867
41,H->F,53.01,11.039,0.94262
41,H->G,60.323,7.071,0.94878
42,A->B,28.883,-2.445,1.12842
42,A->C,11.058,1.643,0.82672
42,A->D,3.207,-1.513,1.15764
42,A->E,29.041,2.617,1.14923
42,A->F,,-5.239,0.68029
42,A->G,26.502,-2.802,0.79665
42,A->H,44.084,4.504,0.94491
42,B->A,11.509,-1.219,0.9184
42,B->C,9.534,2.515,1.02249
42,B->D,24.832,2.661,0.87531
42,B->E,19.627,-6.995,1.12545
42,B->F,38.709,-5.957,1.06478
42,B->G,38.748,-0.724,0.9988
42,B->H,25.798,0.755,1.15031
42,C->A,8.323,-1.563,1.02215
42,C->B,20.991,1.782,0.88034
42,C->D,40.183,3.972,1.0698
42,C->E,44.486,1.533,0.86131
42,C->F,19.577,2.488,1.09954
42,C->G,9.111,-3.387,0.94628
42,C->H,21.549,-1.228,1.0301
42,D->A,48.802,-0.572,0.90829
42,D->B,25.644,1.812,1.1991
42,D->C,28.332,1.053,0.9753
42,D->E,19.385,-1.146,0.95231
42,D->F,16.713,2.87,0.96586
42,D->G,40.631,-0.157,1.09076
42,D->H,35.367,-1.115,1.06901
42,E->A,14.393,4.111,0.98983
42,E->B,32.222,3.714,1.00432
42,E->C,44.477,0.886,1.35385
42,E->D,74.722,-13.521,0.90758
42,E->F,16.425,-1.248,0.91943
42,E->G,31.108,5.18,0.8836
42,E->H,49.187,5.622,1.0654
42,F->A,63.463,-3.585,1.17068
42,F->B,16.598,-3.067,1.0145
42,F->C,21.476,-2.129,0.87513
42,F->D,45.294,4.553,0.82481
42,F->E,11.83,-2.207,1.13232
42,F->G,40.192,-4.489,1.16695
42,F->H,84.681,-12.011,1.06014
42,G->A,38.316,3.02,0.85851
42,G->B,4.144,-1.724,1.09889
42,G->C,21.446,0.049,1.06831
42,G->D,35.072,-0.274,1.0213
42,G->E,50.578,1.947,1.14821
42,G->F,35.009,0.623,0.99568
42,G->H,10.577,1.505,1.11291
42,H->A,29.71,0.885,1.05298
42,H->B,26.966,-1.183,1.05999
42,H->C,29.879,1.164,1.08582
42,H->D,17.529,-1.507,0.76631
42,H->E,93.351,-5.983,0.95871
42,H->F,50.772,1.277,0.93467
42,H->G,57.113,1.666,0.94782
43,A->B,59.643,-2.307,1.13103
43,A->C,48.848,3.26,0.83311
43,A->D,18.046,-1.966,1.1565
43,A->E,87.394,11.21,1.15548
43,A->F,104.689,20.545,0.67909
43,A->G,61.531,-8.551,0.79561
43,A->H,118.248,-13.059,0.95007
43,B->A,29.698,0.267,0.92105
43,B->C,36.033,3.982,1.01438
43,B->D,73.965,2.344,0.87573
43,B->E,48.91,-0.314,1.12578
43,B->F,100.929,-0.762,1.07775
43,B->G,89.37,0.249,0.99396
43,B->H,52.299,-2.282,1.14465
43,C->A,34.37,-0.694,1.03015
43,C->B,60.764,2.959,0.88061
43,C->D,92.002,-4.623,1.07295
43,C->E,103.859,2.873,0.86375
43,C->F,50.657,15.734,1.1004
43,C->G,26.099,-4.513,0.94255
43,C->H,30.194,-4.223,1.03092
43,D->A,90.023,14.781,0.90855
43,D->B,58.359,-4.364,1.18847
43,D->C,49.061,-0.005,0.97335
43,D->E,30.375,-5.277,0.95087
43,D->F,40.332,3.049,0.96383
43,D->G,115.882,-13.886,1.08316
43,D->H,83.43,-15.236,1.06999
43,E->A,51.96,-0.967,0.99554
43,E->B,71.523,-20.505,0.99863
43,E->C,70.894,-0.444,1.34628
43,E->D,166.03,16.805,0.90966
43,E->F,48.506,-3.136,0.91701
43,E->G,81.689,9.752,0.87444
43,E->H,117.621,-22.369,1.06676
43,F->A,153.745,7.583,1.1645
43,F->B,48.128,-1.893,1.01526
43,F->C,67.224,8.764,0.86222
43,F->D,99.228,-7.243,0.82371
43,F->E,29.747,-3.943,1.12704
43,F->G,80.899,-7.529,1.17953
43,F->H,190.821,7.781,1.06431
43,G->A,89.568,-5.037,0.86551
43,G->B,,-5.714,1.09634
43,G->C,38.365,-5.013,1.05978
43,G->D,43.775,-3.689,1.02329
43,G->E,125.84,10.992,1.14377
43,G->F,56.378,4.195,0.99584
43,G->H,19.854,4.419,1.12453
43,H->A,69.459,0.934,1.05448
43,H->B,73.435,4.948,1.06151
43,H->C,52.341,0.489,1.08433
43,H->D,36.678,-0.547,0.7667
43,H->E,206.09,-9.611,0.95802
43,H->F,114.51,-1.813,0.92533
43,H->G,112.142,5.666,0.94122
44,A->B,50.042,0.58,1.12874
44,A->C,40.102,-2.11,0.82541
44,A->D,16.997,-4.482,1.16096
44,A->E,77.613,-2.766,1.14912
44,A->F,110.825,-10.109,0.67878
44,A->G,58.471,-9.589,0.79143
44,A->H,112.396,11.491,0.95445
44,B->A,32.505,-0.274,0.92798
44,B->C,34.025,7.111,1.00793
44,B->D,75.441,6.928,0.8856
44,B->E,,0.084,1.11733
44,B->F,113.698,-17.855,1.07624
44,B->G,94.539,-3.658,0.98934
44,B->H,53.005,1.405,1.14015
44,C->A,,-3.017,1.0247
44,C->B,54.612,0.343,0.88007
44,C->D,94.68,-7.616,1.06892
44,C->E,112.443,-4.884,0.86152
44,C->F,56.4,1.119,1.10336
44,C->G,20.562,-5.784,0.94147
44,C->H,33.151,-6.271,1.02698
44,D->A,96.495,8.672,0.90459
44,D->B,59.119,16.494,1.18627
44,D->C,58.332,-1.551,0.96919
44,D->E,34.194,2.668,0.95134
44,D->F,29.059,9.669,0.9596
44,D->G,112.777,11.787,1.09326
44,D->H,94.491,13.363,1.05874
44,E->A,37.758,0.328,1.00478
44,E->B,82.276,-1.393,0.99923
44,E->C,88.45,0.492,1.34875
44,E->D,168.439,26.85,0.91027
44,E->F,37.068,-0.314,0.91765
44,E->G,89.396,-0.958,0.87085
44,E->H,116.144,-10.925,1.07318
44,F->A,159.984,12.485,1.16775
44,F->B,57.621,-5.529,1.01985
44,F->C,57.864,2.956,0.86551
44,F->D,104.328,-6.891,0.82906
44,F->E,28.997,-7.558,1.11623
44,F->G,266.193,-6.776,1.1714
44,F->H,197.25,5.154,1.06185
44,G->A,95.083,7.662,0.86403
44,G->B,1.01,-3.507,1.09716
44,G->C,40.783,-4.523,1.06373
44,G->D,51.592,-4.67,1.01855
44,G->E,135.402,10.109,1.14244
44,G->F,66.983,-0.197,0.99369
44,G->H,22.806,5.503,1.12057
44,H->A,66.773,2.461,1.04519
44,H->B,76.819,-3.624,1.06199
44,H->C,44.774,0.929,1.08493
44,H->D,37.689,0.038,0.76405
44,H->E,211.986,-21.398,0.95772
44,H->F,115.558,17.57,0.92516
44,H->G,125.273,-2.414,0.93809
45,A->B,59.074,1.597,1.13551
45,A->C,41.831,3.51,0.82037
45,A->D,24.554,-3.725,1.16237
45,A->E,92.062,-10.362,1.15191
45,A->F,108.324,-16.303,0.67624
45,A->G,54.988,-9.577,0.78823
45,A->H,119.575,-16.541,0.94906
45,B->A,26.493,-0.529,0.92432
45,B->C,43.792,5.059,1.00459
45,B->D,86.83,-3.338,0.89099
45,B->E,59.706,-1.44,1.11201
45,B->F,107.254,5.813,1.07043
45,B->G,294.091,2.259,0.99396
45,B->H,60.422,13.72,1.13633
45,C->A,30.119,-0.883,1.02241
45,C->B,56.472,8.9,0.88032
45,C->D,104.285,0.874,1.06557
45,C->E,110.849,6.929,0.86894
45,C->F,51.183,-0.575,1.10784
45,C->G,20.665,-2.672,0.93398
45,C->H,33.752,-5.524,1.02639
45,D->A,99.161,15.941,0.91098
45,D->B,60.629,12.421,1.18881
45,D->C,63.558,-0.815,0.97119
45,D->E,25.881,5.494,0.94993
45,D->F,38.417,2.778,0.95607
45,D->G,133.252,6.287,1.09942
45,D->H,98.129,-2.049,1.061
45,E->A,56.219,7.88,1.00512
45,E->B,72.785,-0.758,1.00051
45,E->C,90.079,2.243,1.34067
45,E->D,186.78,-5.427,0.91278
45,E->F,43.644,5.719,0.924
45,E->G,84.268,23.402,0.8742
45,E->H,126.989,17.83,1.06736
45,F->A,166.805,-11.466,1.16648
45,F->B,43.115,-4.267,1.02393
45,F->C,61.08,-8.207,0.86106
45,F->D,106.823,-11.672,0.82869
45,F->E,34.348,-6.025,1.1173
45,F->G,88.311,14.749,1.16153
45,F->H,216.274,27.343,1.06641
45,G->A,107.016,-5.511,0.87323
45,G->B,9.327,-4.878,1.08649
45,G->C,39.049,3.428,1.06257
45,G->D,53.075,-1.292,1.01498
45,G->E,132.503,-5.116,1.14576
45,G->F,72.745,-3.342,0.98898
45,G->H,22.643,1.253,1.12926
45,H->A,85.24,0.821,1.03992
45,H->B,78.793,21.02,1.06368
45,H->C,52.568,3.29,1.07588
45,H->D,38.404,4.584,0.76263
45,H->E,232.466,-34.977,0.96125
45,H->F,118.887,0.908,0.92468
45,H->G,126.165,-2.059,0.93455
46,A->B,59.651,5.78,1.13952
46,A->C,42.034,-3.515,0.82706
46,A->D,33.65,-3.563,1.15512
46,A->E,92.246,-0.8,1.14697
46,A->F,114.845,-6.831,0.66992
46,A->G,62.058,-3.651,0.79563
46,A->H,118.619,-11.116,0.94771
46,B->A,20.981,3.777,0.91713
46,B->C,47.896,3.767,0.99675
46,B->D,75.187,-2.117,0.88697
46,B->E,53.875,-10.509,1.10878
46,B->F,103.267,-8.823,1.06717
46,B->G,99.182,4.749,0.99518
46,B->H,58.034,-2.301,1.13821
46,C->A,32.985,-7.394,1.02837
46,C->B,61.428,0.909,0.88351
46,C->D,100.247,12.193,1.07035
46,C->E,105.362,-12.172,0.86282
46,C->F,56.575,-2.423,1.10534
46,C->G,20.123,-3.134,0.93556
46,C->H,20.728,4.109,1.034
46,D->A,92.607,-2.112,0.90502
46,D->B,61.688,0.098,1.18694
46,D->C,58.721,1.753,0.97309
46,D->E,36.037,-5.659,0.94254
46,D->F,31.411,5.857,0.95982
46,D->G,125.848,2.848,1.08918
46,D->H,97.843,-9.459,1.06072
46,E->A,46.796,1.008,0.99923
46,E->B,68.346,6.29,0.99962
46,E->C,85.717,9.78,1.33871
46,E->D,173.457,6.361,0.91846
46,E->F,33.008,0.931,0.9205
46,E->G,75.708,21.202,0.87133
46,E->H,117.049,-17.304,1.06738
46,F->A,161.598,-16.285,1.16091
46,F->B,56.23,-5.807,1.02238
46,F->C,57.3,2.48,0.85735
46,F->D,112.533,17.411,0.82916
46,F->E,25.075,-5.391,1.11676
46,F->G,87.164,-4.525,1.15969
46,F->H,195.148,31.016,1.06713
46,G->A,89.788,-5.519,0.86873
46,G->B,10.261,-3.565,1.0737
46,G->C,41.588,-3.418,1.05908
46,G->D,54.3,-4.449,1.01263
46,G->E,137.995,7.072,1.13835
46,G->F,60.291,-9.981,0.9882
46,G->H,25.231,-1.469,1.12958
46,H->A,69.708,-0.271,1.02434
46,H->B,230.005,3.236,1.06131
46,H->C,55.671,-6.529,1.07
46,H->D,37.138,1.886,0.76008
46,H->E,208.212,5.572,0.95763
46,H->F,119.578,-18.301,0.9242
46,H->G,358.378,-22.571,0.94012
47,A->B,54.088,-6.849,1.14066
47,A->C,37.986,0.101,0.82134
47,A->D,17.866,-3.013,1.15701
47,A->E,82.638,6.181,1.15321
47,A->F,,4.293,0.67258
47,A->G,53.06,1.101,0.79968
47,A->H,116.729,-14.127,0.94865
47,B->A,30.585,-2.982,0.91517
47,B->C,37.791,5.204,0.99267
47,B->D,87.434,-0.33,0.88179
47,B->E,50.988,-7.605,1.11352
47,B->F,104.682,3.642,1.08003
47,B->G,89.834,24.701,1.00416
47,B->H,51.963,-3.898,1.13376
47,C->A,29.561,1.043,1.01985
47,C->B,50.076,0.449,0.88069
47,C->D,91.244,4.768,1.06571
47,C->E,99.763,-3.302,0.86177
47,C->F,47.452,5.461,1.10273
47,C->G,26.051,-5.003,0.94213
47,C->H,34.128,-3.837,1.04581
47,D->A,86.89,7.449,0.91368
47,D->B,61.654,-3.566,1.18223
47,D->C,58.585,2.365,0.98294
47,D->E,43.776,0.79,0.94038
47,D->F,36.323,5.225,0.94963
47,D->G,114.861,14.766,1.0902
47,D->H,93.413,-10.628,1.06533
47,E->A,50.084,8.135,1.00434
47,E->B,66.458,2.576,1.00169
47,E->C,84.152,1.17,1.33969
47,E->D,162.85,0.336,0.92129
47,E->F,39.997,-0.235,0.91387
47,E->G,82.041,-5.643,0.87917
47,E->H,116.722,-2.936,1.0624
47,F->A,164.05,-7.346,1.17094
47,F->B,42.152,-6.347,1.0265
47,F->C,51.939,0.308,0.86272
47,F->D,99.429,-0.577,0.82951
47,F->E,24.62,-4.07,1.12558
47,F->G,80.181,-9.677,1.17119
47,F->H,196.278,-7.103,1.0618
47,G->A,85.421,14.687,0.86869
47,G->B,15.904,-4.595,1.07855
47,G->C,40.416,-0.098,1.05542
47,G->D,42.911,1.227,1.00777
47,G->E,123.953,-5.377,1.13761
47,G->F,73.203,-7.119,0.98398
47,G->H,24.184,2.1,1.13854
47,H->A,65.402,3.539,1.02278
47,H->B,79.173,-3.088,1.06825
47,H->C,55.548,-8.642,1.06895
47,H->D,40.348,1.395,0.76218
47,H->E,198.306,32.915,0.95093
47,H->F,108.366,0.705,0.92176
47,H->G,115.244,-4.973,0.94587
48,A->B,28.875,1.262,1.14268
48,A->C,16.966,2.722,0.82351
48,A->D,8.129,-0.958,1.15583
48,A->E,45.09,1.983,1.15382
48,A->F,58.575,13.85,0.67655
48,A->G,16.459,1.17,0.80283
48,A->H,56.522,0.561,0.94823
48,B->A,20.365,0.872,0.91897
48,B->C,,4.949,1.00205
48,B->D,32.062,3.889,0.87936
48,B->E,39.723,1.98,1.10781
48,B->F,53.929,5.107,1.08444
48,B->G,44.286,1.871,1.00505
48,B->H,29.988,-3.572,1.13188
48,C->A,17.682,1.008,1.01925
48,C->B,25.087,0.959,0.87607
48,C->D,55.501,8.804,1.07496
48,C->E,47.212,6.208,0.85879
48,C->F,31.187,-4.032,1.09581
48,C->G,10.689,-2.972,0.93206
48,C->H,9.197,-4.925,1.03832
48,D->A,42.532,3.754,0.91256
48,D->B,30.976,3.503,1.17615
48,D->C,31.091,3.928,0.97229
48,D->E,24.919,0.438,0.94619
48,D->F,25.429,1.2,0.9622
48,D->G,63.633,-6.356,1.09656
48,D->H,57.048,3.108,1.06093
48,E->A,24.226,0.24,1.00452
48,E->B,41.306,-8.659,0.99673
48,E->C,,-7.282,1.34255
48,E->D,83.121,-6.165,0.92303
48,E->F,23.831,0.104,0.90545
48,E->G,39.915,-2.188,0.87948
48,E->H,61.545,-7.92,1.06903
48,F->A,90.888,-2.481,1.16917
48,F->B,14.133,-2.394,1.02352
48,F->C,21.233,0.721,0.86363
48,F->D,62.821,0.834,0.82961
48,F->E,17.73,-1.834,1.12802
48,F->G,57.068,-4.981,1.17798
48,F->H,,-6.431,1.06487
48,G->A,56.335,6.922,0.87561
48,G->B,10.434,-2.691,1.07926
48,G->C,22.912,-0.929,1.05414
48,G->D,21.479,-1.702,1.00393
48,G->E,68.316,3.494,1.13944
48,G->F,39.502,-1.402,0.99002
48,G->H,12.735,0.901,1.14164
48,H->A,27.01,4.268,1.02087
48,H->B,39.796,3.982,1.06935
48,H->C,91.841,-3.186,1.06723
48,H->D,16.967,-1.321,0.76021
48,H->E,102.101,5.605,0.94094
48,H->F,60.847,8.319,0.92165
48,H->G,52.894,-2.391,0.95399
49,A->B,28.079,2.346,1.14219
49,A->C,22.555,1.279,0.82064
49,A->D,2.975,-0.021,1.15667
49,A->E,37.959,1.627,1.15345
49,A->F,44.258,-1.786,0.67498
49,A->G,20.35,3.396,0.8011
49,A->H,41.171,-3.017,0.94551
49,B->A,12.333,0.087,0.92388
49,B->C,17.592,5.328,1.00292
49,B->D,27.093,-1.374,0.87889
49,B->E,21.068,-2.354,1.11121
49,B->F,46.307,-8.185,1.07648
49,B->G,38.136,6.51,1.00114
49,B->H,25.141,-1.649,1.14317
49,C->A,11.57,0.016,1.02556
49,C->B,28.745,2.843,0.88035
49,C->D,46.312,4.581,1.08341
49,C->E,33.77,-5.25,0.8571
49,C->F,17.424,-0.943,1.09329
49,C->G,11.12,-1.559,0.93628
49,C->H,3.749,-2.219,1.03821
49,D->A,45.487,2.39,0.90837
49,D->B,28.029,5.029,1.17004
49,D->C,25.99,-0.69,0.96992
49,D->E,15.774,1.314,0.93906
49,D->F,15.551,1.197,0.96665
49,D->G,45.353,-11.02,1.09573
49,D->H,127.278,6.256,1.06142
49,E->A,19.417,-3.196,1.01272
49,E->B,35.533,-3.764,0.99829
49,E->C,33.572,-2.58,1.34322
49,E->D,77.159,-12.663,0.92515
49,E->F,16.809,2.343,0.90989
49,E->G,37.892,1.781,0.87751
49,E->H,59.639,-8.503,1.0689
49,F->A,64.052,-8.903,1.16114
49,F->B,18.164,1.448,1.01977
49,F->C,29.595,-3.333,0.86056
49,F->D,41.515,-3.43,0.83135
49,F->E,6.542,-2.298,1.12923
49,F->G,37.759,-5.128,1.189
49,F->H,87.83,0.275,1.05691
49,G->A,40.503,2.124,0.87016
49,G->B,14.365,-2.229,1.08289
49,G->C,27.502,-0.783,1.0607
49,G->D,22.974,-0.721,1.01084
49,G->E,177.156,6.626,1.14631
49,G->F,26.255,2.672,0.99107
49,G->H,10.266,1.369,1.14012
49,H->A,33.128,3.394,1.0268
49,H->B,38.967,0.373,1.07965
49,H->C,34.427,-5.772,1.07063
49,H->D,17.543,-1.609,0.7592
49,H->E,91.159,-6.628,0.94221
49,H->F,42.213,1.82,0.92411
49,H->G,60.866,3.75,0.96685
50,A->B,47.814,-0.536,1.14507
50,A->C,37.67,-2.836,0.81841
50,A->D,17.352,-2.632,1.15997
50,A->E,72.54,-7.362,1.15521
50,A->F,111.746,18.785,0.67286
50,A->G,66.418,2.173,0.79767
50,A->H,113.145,-13.215,0.9445
50,B->A,38.844,-0.548,0.93079
50,B->C,34.805,10.734,1.00385
50,B->D,71.148,7.622,0.88243
50,B->E,56.767,-6.381,1.11376
50,B->F,102.28,1.923,1.07916
50,B->G,96.508,7.043,1.00416
50,B->H,54.96,5.638,1.14355
50,C->A,22.034,-0.439,1.0236
50,C->B,48.149,6.129,0.8806
50,C->D,93.632,7.191,1.09111
50,C->E,100.961,-9.818,0.85799
50,C->F,36.104,5.216,1.09839
50,C->G,22.844,-5.204,0.94225
50,C->H,26.421,-6.551,1.03979
50,D->A,92.107,-9.812,0.90232
50,D->B,162.379,15.895,1.17066
50,D->C,56.034,13.883,0.96537
50,D->E,44.9,1.769,0.93651
50,D->F,38.437,9.765,0.96636
50,D->G,109.325,-5.105,1.08926
50,D->H,95.187,3.199,1.06074
50,E->A,54.393,8.911,1.01209
50,E->B,67.322,-9.476,0.99182
50,E->C,73.2,1.184,1.34258
50,E->D,165.685,-11.897,0.92814
50,E->F,30.313,-0.545,0.90908
50,E->G,88.912,9.809,0.87937
50,E->H,109.291,-7.563,1.0553
50,F->A,155.024,-3.741,1.16345
50,F->B,52.345,-7.009,1.01077
50,F->C,55.826,-7.888,0.8708
50,F->D,95.626,-13.098,0.82947
50,F->E,22.033,-6.256,1.13194
50,F->G,85.616,-3.712,1.18959
50,F->H,206.174,2.452,1.05688
50,G->A,93.049,6.819,0.86833
50,G->B,7.75,-3.731,1.08417
50,G->C,40.03,-1.819,1.06071
50,G->D,48.366,-1.949,1.01589
50,G->E,130.053,-15.264,1.14737
50,G->F,55.882,-3.428,0.99376
50,G->H,22.622,1.25,1.13616
50,H->A,70.078,-1.248,1.02405
50,H->B,72.139,-15.539,1.08163
50,H->C,45.469,-2.125,1.07321
50,H->D,39.734,-1.093,0.762
50,H->E,212.906,-17.775,0.94232
50,H->F,110.493,-18.611,0.91368
50,H->G,114.975,0.707,0.96228
51,A->B,54.732,-13.527,1.13596
51,A->C,46.118,-4.182,0.8206
51,A->D,19.302,-1.889,1.15755
51,A->E,88.321,-15.968,1.15269
51,A->F,101.748,-20.75,0.67727
51,A->G,53.377,-1.754,0.79439
51,A->H,110.554,12.763,0.94638
51,B->A,37.06,2.33,0.93615
51,B->C,41.408,3.056,1.00337
51,B->D,73.492,5.111,0.8838
51,B->E,54.073,-4.138,1.11679
51,B->F,102.441,-0.983,1.07618
51,B->G,96.109,-4.638,1.00787
51,B->H,62.203,2.985,1.12932
51,C->A,30.047,-0.85,1.01438
51,C->B,55.743,-13.863,0.87689
51,C->D,107.12,-0.696,1.09052
51,C->E,106.625,15.06,0.86002
51,C->F,54.316,5.746,1.09654
51,C->G,27.878,-3.072,0.9377
51,C->H,28.76,-5.917,1.0391
51,D->A,87.375,-4.473,0.90354
51,D->B,65.716,10.4,1.16701
51,D->C,56.943,6.768,0.97013
51,D->E,43.093,-1.04,0.9384
51,D->F,34.602,2.225,0.96497
51,D->G,121.56,0.432,1.08199
51,D->H,95.748,-13.22,1.05359
51,E->A,48.707,0.502,1.01146
51,E->B,68.797,5.427,0.97944
51,E->C,96.66,-3.31,1.35127
51,E->D,169.938,-14.918,0.9318
51,E->F,39.073,-2.148,0.90759
51,E->G,81.395,17.527,0.87847
51,E->H,120.132,-11.885,1.05756
51,F->A,169.965,25.648,1.15881
51,F->B,41.172,-0.191,1.00841
51,F->C,56.753,7.102,0.8694
51,F->D,103.174,-16.158,0.82345
51,F->E,30.494,-4.721,1.12387
51,F->G,91.168,-1.693,1.19124
51,F->H,213.695,12.39,1.05285
51,G->A,92.197,22.245,0.86751
51,G->B,14.564,-6.083,1.08635
51,G->C,38.661,-2.154,1.05195
51,G->D,44.766,7.951,1.01992
51,G->E,127.756,19.789,1.15249
51,G->F,65.541,-4.99,0.9955
51,G->H,70.953,1.515,1.14374
51,H->A,69.239,9.452,1.02849
51,H->B,83.876,-6.182,1.07784
51,H->C,60.205,1.439,1.07283
51,H->D,34.98,0.355,0.76627
51,H->E,221.292,-9.792,0.94166
51,H->F,125.724,-12.506,0.91512
51,H->G,121.214,-4.529,0.9662
52,A->B,70.556,2.044,1.1417
52,A->C,48.58,-3.255,0.82254
52,A->D,14.744,-2.895,1.16071
52,A->E,77.398,19.501,1.15456
52,A->F,126.697,5.604,0.6679
52,A->G,60.728,-11.25,0.79146
52,A->H,124.622,9.918,0.9424
52,B->A,29.49,-1.257,0.9306
52,B->C,35.984,1.646,1.00405
52,B->D,91.333,0.052,0.87846
52,B->E,57.865,2.375,1.12066
52,B->F,112.134,23.8,1.08266
52,B->G,103.011,-5.599,1.01357
52,B->H,59.961,-5.15,1.13531
52,C->A,33.075,-3.691,1.00363
52,C->B,52.509,5.486,0.88046
52,C->D,98.148,0.104,1.09025
52,C->E,113.604,-13.363,0.85615
52,C->F,65.486,3.572,1.09245
52,C->G,28.773,-4.506,0.93833
52,C->H,,-4.981,1.04855
52,D->A,90.691,6.966,0.90011
52,D->B,64.019,-0.443,1.16728
52,D->C,62.309,11.333,0.97286
52,D->E,42.6,3.652,0.94265
52,D->F,39.574,9.661,0.97149
52,D->G,119.405,6.443,1.07697
52,D->H,96.724,12.449,1.04591
52,E->A,41.927,10.556,1.01639
52,E->B,72.683,18.083,0.97493
52,E->C,80.395,-8.713,1.35801
52,E->D,180.177,-8.535,0.93152
52,E->F,35.103,-1.599,0.91233
52,E->G,81.958,3.499,0.88799
52,E->H,124.033,-1.029,1.05513
52,F->A,173.05,12.183,1.164
52,F->B,62.274,-0.945,1.00504
52,F->C,69.702,-5.982,0.87183
52,F->D,110.032,2.403,0.81766
52,F->E,27.171,0.923,1.12172
52,F->G,93.828,17.581,1.19162
52,F->H,213.405,-35.661,1.04896
52,G->A,96.519,2.486,0.87265
52,G->B,9.42,-3.371,1.09393
52,G->C,38.396,4.822,1.06136
52,G->D,50.833,-3.85,1.01808
52,G->E,144.146,4.024,1.14752
52,G->F,68.894,16.01,1.00528
52,G->H,15.165,2.35,1.13923
52,H->A,76.485,-1.88,1.02844
52,H->B,83.083,5.812,1.07428
52,H->C,57.488,-5.369,1.07134
52,H->D,35.185,1.624,0.76459
52,H->E,222.231,-24.175,0.94072
52,H->F,119.385,9.456,0.91563
52,H->G,140.597,-28.508,0.95857
53,A->B,63.623,2.151,1.14497
53,A->C,44.095,-4.104,0.82591
53,A->D,29.656,-1.481,1.15361
53,A->E,82.916,-0.607,1.15208
53,A->F,113.161,-10.529,0.66732
53,A->G,58.413,6.821,0.79043
53,A->H,121.748,-5.8,0.94034
53,B->A,30.052,-4.605,0.93213
53,B->C,34.964,1.321,0.99946
53,B->D,232.36,3.613,0.87908
53,B->E,50.685,5.692,1.12204
53,B->F,107.245,-3.999,1.08155
53,B->G,90.108,2.324,1.01783
53,B->H,54.473,8.18,1.13564
53,C->A,25.486,0.388,1.00869
53,C->B,46.577,7.387,0.88138
53,C->D,98.289,-4.027,1.09026
53,C->E,107.985,-6.773,0.84569
53,C->F,57.207,5.457,1.09717
53,C->G,18.662,-3.184,0.94491
53,C->H,30.514,-3.443,1.06123
53,D->A,89.191,25.897,0.89974
53,D->B,59.501,-0.557,1.16966
53,D->C,61.472,12.791,0.96789
53,D->E,40.093,-3.736,0.94054
53,D->F,32.271,3.137,0.97205
53,D->G,124.238,-21.171,1.07465
53,D->H,90.713,5.91,1.04314
53,E->A,49.996,-0.481,1.01357
53,E->B,77.225,-4.353,0.98031
53,E->C,87.219,-5.199,1.34686
53,E->D,168.321,16.338,0.93605
53,E->F,44.444,6.92,0.91128
53,E->G,83.718,3.518,0.88521
53,E->H,114.535,-12.398,1.05736
53,F->A,163.719,-4.321,1.16363
53,F->B,49.331,-5.527,1.00757
53,F->C,62.21,3.793,0.8695
53,F->D,111.85,-8.787,0.8116
53,F->E,32.546,-5.877,1.11838
53,F->G,88.646,-14.264,1.1981
53,F->H,199.501,31.544,1.05628
53,G->A,89.347,-5.513,0.87265
53,G->B,24.735,-4.74,1.09429
53,G->C,40.938,0.089,1.06128
53,G->D,52.864,-1.653,1.01926
53,G->E,134.542,-3.187,1.14644
53,G->F,66.434,-0.405,1.00913
53,G->H,17.976,3.182,1.12841
53,H->A,66.32,6.799,1.02525
53,H->B,83.32,-7.945,1.07399
53,H->C,63.902,2.067,1.07589
53,H->D,35.075,0.159,0.761
53,H->E,218.001,-9.192,0.93963
53,H->F,119.857,-11.823,0.91099
53,H->G,118.389,10.229,0.95813
54,A->B,67.767,-8.689,1.14079
54,A->C,35.214,3.65,0.8301
54,A->D,17.57,-1.503,1.14607
54,A->E,76.252,4.167,1.15893
54,A->F,96.75,-4.764,0.66899
54,A->G,64.397,-8.461,0.78979
54,A->H,112.793,6.834,0.93618
54,B->A,23.259,-1.317,0.933
54,B->C,32.981,0.79,0.99669
54,B->D,71.555,-2.23,0.87668
54,B->E,58.642,-6.527,1.12177
54,B->F,100.336,18.349,1.07695
54,B->G,84.428,-3.095,1.01555
54,B->H,47.479,-2.795,1.13849
54,C->A,31.784,-3.67,1.01041
54,C->B,53.722,3.784,0.88635
54,C->D,99.824,18.466,1.08649
54,C->E,102.474,10.968,0.849
54,C->F,53.499,-5.935,1.09175
54,C->G,24.586,-2.385,0.94699
54,C->H,29.374,-3.564,1.0634
54,D->A,84.875,-3.924,0.90474
54,D->B,62.99,5.923,1.1756
54,D->C,57.02,-8.199,0.96738
54,D->E,40.517,-1.455,0.93775
54,D->F,37.791,-2.588,0.96827
54,D->G,118.861,-16.885,1.07843
54,D->H,91.248,4.949,1.03602
54,E->A,,7.245,1.01069
54,E->B,72.69,-1.778,0.97613
54,E->C,78.485,5.356,1.3538
54,E->D,164.524,-15.466,0.9365
54,E->F,38.67,5.073,0.91608
54,E->G,88.797,3.124,0.87924
54,E->H,120.097,3.021,1.05726
54,F->A,150.839,-11.61,1.15093
54,F->B,50.66,-4.682,1.01063
54,F->C,55.189,4.878,0.86928
54,F->D,102.218,-8.271,0.81131
54,F->E,25.524,-2.516,1.12943
54,F->G,80.465,-16.311,1.19802
54,F->H,201.832,-50.715,1.06292
54,G->A,93.182,4.411,0.87431
54,G->B,5.284,-4.371,1.08548
54,G->C,34.524,-2.638,1.05661
54,G->D,44.822,1.54,1.02471
54,G->E,133.649,17.543,1.15538
54,G->F,58.678,-3.839,1.00919
54,G->H,17.586,1.622,1.12782
54,H->A,69.727,5.188,1.02709
54,H->B,71.758,6.32,1.07536
54,H->C,52.572,3.302,1.07027
54,H->D,33.817,-2.658,0.7572
54,H->E,217.116,-32.753,0.93517
54,H->F,116.939,-0.589,0.90835
54,H->G,112.627,7.797,0.96386
55,A->B,21.214,-2.336,1.14837
55,A->C,20.383,-2.888,0.82993
55,A->D,12.073,-1.121,1.14649
55,A->E,39.005,-3.733,1.1669
55,A->F,48.487,-4.184,0.67225
55,A->G,33.099,-1.924,0.78894
55,A->H,185.236,13.046,0.93505
55,B->A,24.52,-2.263,0.93468
55,B->C,16.62,3.403,0.99239
55,B->D,42.969,-5.843,0.87298
55,B->E,30.152,0.712,1.13152
55,B->F,61.192,7.497,1.0782
55,B->G,49.441,-8.109,1.01841
55,B->H,27.022,1.075,1.1399
55,C->A,16.878,-0.361,1.01416
55,C->B,27.707,0.717,0.88384
55,C->D,155.928,-0.048,1.08644
55,C->E,54.531,-3.964,0.84861
55,C->F,32.72,3.731,1.07891
55,C->G,9.552,-2.833,0.9442
55,C->H,12.581,-2.897,1.06975
55,D->A,54.935,1.932,0.90298
55,D->B,,4.534,1.16996
55,D->C,36.675,-0.855,0.97063
55,D->E,20.456,0.129,0.93325
55,D->F,16.843,5.427,0.97008
55,D->G,,-2.348,1.0799
55,D->H,39.112,-3.419,1.03892
55,E->A,25.987,4.678,1.01653
55,E->B,40.465,4.251,0.97746
55,E->C,54.013,-3.524,1.34036
55,E->D,84.874,22.819,0.93472
55,E->F,14.644,2.241,0.91202
55,E->G,57.086,4.668,0.8786
55,E->H,58.166,-4.728,1.06617
55,F->A,78.822,8.973,1.14948
55,F->B,21.511,-1.959,1.00726
55,F->C,28.928,2.387,0.87253
55,F->D,63.707,1.817,0.80972
55,F->E,13.82,-2.336,1.13007
55,F->G,145.672,4.335,1.20121
55,F->H,326.787,10.245,1.06835
55,G->A,,-1.068,0.87363
55,G->B,,-1.349,1.07992
55,G->C,27.76,1.445,1.05247
55,G->D,22.392,-2.329,1.02559
55,G->E,64.806,-0.406,1.1585
55,G->F,33.423,5.861,1.01919
55,G->H,12.923,0.299,1.12355
55,H->A,30.84,7.928,1.02414
55,H->B,43.439,-1.513,1.07923
55,H->C,26.97,1.2,1.06284
55,H->D,19.728,-3.45,0.75459
55,H->E,109.121,-14.254,0.93634
55,H->F,61.887,8.32,0.91234
55,H->G,67.431,-10.752,0.96086
56,A->B,28.799,-5.357,1.14145
56,A->C,11.408,-0.493,0.8373
56,A->D,3.867,-2.4,1.13947
56,A->E,36.83,-2.735,1.16776
56,A->F,51.385,-1.479,0.67474
56,A->G,32.771,-3.127,0.78683
56,A->H,45.805,-3.283,0.93751
56,B->A,11.185,1.134,0.93963
56,B->C,21.659,3.727,1.00576
56,B->D,29.933,-0.673,0.87153
56,B->E,30.031,-3.514,1.12232
56,B->F,,-2.485,1.0741
56,B->G,38.658,1.84,1.02359
56,B->H,26.25,-0.148,1.14265
56,C->A,,-0.906,1.01588
56,C->B,16.899,3.462,0.88051
56,C->D,44.207,0.125,1.08148
56,C->E,,-5.066,0.84595
56,C->F,27.348,2.889,1.08042
56,C->G,8.965,-2.897,0.93935
56,C->H,38.099,-3.733,1.07014
56,D->A,36.921,-2.136,0.90573
56,D->B,22.654,1.446,1.18097
56,D->C,33.508,1.677,0.96902
56,D->E,13.255,-1.197,0.93059
56,D->F,12.71,2.032,0.96311
56,D->G,44.987,-2.133,1.08562
56,D->H,40.189,-2.645,1.04304
56,E->A,27.654,-0.891,1.013
56,E->B,30.722,3.742,0.97236
56,E->C,32.887,-1.584,1.35461
56,E->D,84.249,-6.964,0.93151
56,E->F,20.813,-1.581,0.91501
56,E->G,37.302,2.83,0.87883
56,E->H,58.1,-5.912,1.07421
56,F->A,60.983,-8.674,1.14682
56,F->B,17.713,-4.346,1.00062
56,F->C,35.179,1.481,0.87616
56,F->D,41.257,-7.448,0.81341
56,F->E,11.525,-2.053,1.12349
56,F->G,42.634,-3.978,1.20491
56,F->H,92.193,4.572,1.07853
56,G->A,40.199,-1.823,0.86837
56,G->B,9.432,-1.652,1.08489
56,G->C,20.256,-0.493,1.04601
56,G->D,16.239,-1.203,1.03203
56,G->E,52.575,1.045,1.15459
56,G->F,25.133,0.565,1.01965
56,G->H,9.016,-0.476,1.12164
56,H->A,33.983,2.002,1.02303
56,H->B,30.866,4.0,1.08915
56,H->C,25.215,0.883,1.06964
56,H->D,18.686,0.537,0.75113
56,H->E,87.478,-15.084,0.93436
56,H->F,53.62,1.208,0.91117
56,H->G,52.847,-3.859,0.95996
57,A->B,56.38,-2.197,1.1452
57,A->C,45.34,7.556,0.83964
57,A->D,24.048,-3.381,1.13112
57,A->E,79.846,-5.423,1.17436
57,A->F,111.96,-1.364,0.68232
57,A->G,56.759,-4.743,0.78585
57,A->H,107.315,-32.9,0.9359
57,B->A,12.966,-1.877,0.93881
57,B->C,44.699,6.951,1.01094
57,B->D,78.916,8.142,0.86964
57,B->E,46.132,-6.201,1.11858
57,B->F,106.122,-8.402,1.06887
57,B->G,88.968,-12.942,1.02508
57,B->H,60.988,0.363,1.13261
57,C->A,28.824,-0.026,1.02532
57,C->B,,-3.094,0.88093
57,C->D,93.317,-9.879,1.08155
57,C->E,104.045,-0.589,0.84624
57,C->F,53.186,1.747,1.07333
57,C->G,24.045,-3.693,0.94633
57,C->H,21.289,-0.394,1.07427
57,D->A,82.645,-6.211,0.89285
57,D->B,55.812,-1.323,1.18044
57,D->C,57.496,3.157,0.96842
57,D->E,31.399,3.973,0.93631
57,D->F,45.166,-1.393,0.9691
57,D->G,113.798,-17.577,1.08293
57,D->H,87.731,-8.541,1.0464
57,E->A,61.77,3.011,1.01595
57,E->B,74.518,-8.967,0.96845
57,E->C,83.12,-3.014,1.34811
57,E->D,158.843,-3.593,0.92794
57,E->F,37.629,1.887,0.91444
57,E->G,79.758,0.478,0.88536
57,E->H,119.023,14.823,1.07792
57,F->A,152.983,-31.374,1.15095
57,F->B,45.68,-3.419,0.99375
57,F->C,54.225,-4.395,0.87221
57,F->D,94.32,23.154,0.81326
57,F->E,23.258,-4.284,1.13082
57,F->G,82.637,0.834,1.21109
57,F->H,194.973,-1.166,1.06525
57,G->A,94.304,2.125,0.87578
57,G->B,10.343,-5.626,1.08827
57,G->C,38.775,-0.14,1.03468
57,G->D,41.669,-2.028,1.0307
57,G->E,128.737,-14.9,1.15137
57,G->F,63.75,5.299,1.01713
57,G->H,19.583,2.43,1.12291
57,H->A,70.452,2.021,1.01758
57,H->B,84.981,-17.343,1.09567
57,H->C,39.981,-3.404,1.07744
57,H->D,26.736,-5.53,0.75637
57,H->E,198.463,6.66,0.92829
57,H->F,114.557,-5.978,0.90403
57,H->G,120.652,-3.068,0.96428
58,A->B,59.812,5.43,1.14687
58,A->C,46.809,-3.208,0.83994
58,A->D,28.99,-3.307,1.1372
58,A->E,91.716,-0.789,1.17447
58,A->F,108.317,9.849,0.67671
58,A->G,62.94,-4.161,0.78375
58,A->H,124.259,-16.846,0.93465
58,B->A,29.888,-0.151,0.9401
58,B->C,37.783,2.43,1.00288
58,B->D,81.334,-5.063,0.86998
58,B->E,58.494,-4.874,1.11913
58,B->F,112.747,3.982,1.06904
58,B->G,89.951,2.724,1.02452
58,B->H,55.297,5.536,1.12991
58,C->A,38.168,-2.943,1.03053
58,C->B,54.569,3.663,0.872
58,C->D,95.846,8.418,1.08173
58,C->E,103.759,5.725,0.85304
58,C->F,67.699,7.15,1.07772
58,C->G,24.66,-8.627,0.9482
58,C->H,27.807,-9.034,1.06462
58,D->A,81.557,0.101,0.89679
58,D->B,63.393,-2.149,1.1796
58,D->C,51.722,-5.353,0.96532
58,D->E,41.806,1.668,0.93507
58,D->F,36.545,12.218,0.95788
58,D->G,120.881,-6.838,1.07517
58,D->H,99.932,8.596,1.05501
58,E->A,42.257,-4.721,1.00868
58,E->B,77.707,0.461,0.96818
58,E->C,84.11,-10.225,1.35199
58,E->D,172.256,14.866,0.92896
58,E->F,38.403,2.997,0.91919
58,E->G,75.788,3.673,0.88414
58,E->H,358.975,-20.601,1.07603
58,F->A,158.733,3.332,1.15168
58,F->B,50.648,-6.409,0.98239
58,F->C,60.637,6.865,0.86793
58,F->D,114.622,-2.772,0.80498
58,F->E,23.473,-7.742,1.14003
58,F->G,86.967,-11.192,1.2191
58,F->H,199.937,-10.555,1.06753
58,G->A,92.298,3.677,0.88228
58,G->B,27.063,-4.994,1.08724
58,G->C,129.18,4.055,1.03677
58,G->D,50.62,0.254,1.03643
58,G->E,130.998,-5.779,1.14442
58,G->F,78.384,-0.464,1.0189
58,G->H,32.188,5.0,1.12157
58,H->A,71.479,-3.392,1.01352
58,H->B,79.013,1.575,1.10225
58,H->C,63.684,-0.713,1.07137
58,H->D,25.577,-0.07,0.75496
58,H->E,217.716,0.281,0.92667
58,H->F,115.401,10.801,0.90509
58,H->G,122.865,5.584,0.96672
59,A->B,61.86,-3.696,1.14168
59,A->C,43.105,4.142,0.83363
59,A->D,19.819,-4.581,1.14451
59,A->E,83.432,-7.169,1.16831
59,A->F,118.584,-5.955,0.67607
59,A->G,68.338,-2.663,0.78418
59,A->H,123.841,-15.089,0.93949
59,B->A,39.62,2.237,0.94179
59,B->C,36.135,4.344,1.01069
59,B->D,90.084,-1.738,0.8695
59,B->E,51.663,-8.609,1.12239
59,B->F,105.473,-2.013,1.07503
59,B->G,95.423,0.835,1.02626
59,B->H,61.316,6.08,1.13385
59,C->A,33.389,-0.643,1.03338
59,C->B,54.404,8.355,0.87272
59,C->D,100.991,9.018,1.08367
59,C->E,117.351,4.518,0.85104
59,C->F,51.192,2.862,1.08124
59,C->G,25.333,-3.005,0.95201
59,C->H,21.184,-1.48,1.06837
59,D->A,102.192,-8.988,0.8929
59,D->B,69.366,4.554,1.1745
59,D->C,72.966,4.055,0.97071
59,D->E,44.641,-3.419,0.93371
59,D->F,36.528,3.284,0.95811
59,D->G,126.174,-6.101,1.07074
59,D->H,100.344,7.87,1.04842
59,E->A,54.702,-1.717,1.01446
59,E->B,78.187,-3.554,0.9702
59,E->C,85.618,-6.877,1.34888
59,E->D,185.27,-0.597,0.93075
59,E->F,37.331,-0.263,0.91442
59,E->G,82.849,-1.377,0.89101
59,E->H,118.581,-9.035,1.07497
59,F->A,176.701,16.552,1.1576
59,F->B,53.325,-2.716,0.99104
59,F->C,73.669,0.413,0.86667
59,F->D,112.184,-22.258,0.80285
59,F->E,32.142,-6.817,1.15193
59,F->G,85.367,-8.861,1.22552
59,F->H,650.261,-32.394,1.06702
59,G->A,98.363,18.676,0.87675
59,G->B,16.869,-5.035,1.08693
59,G->C,46.004,0.196,1.03077
59,G->D,47.057,4.895,1.04774
59,G->E,138.725,-2.129,1.14674
59,G->F,60.112,1.422,1.02299
59,G->H,25.088,5.237,1.11434
59,H->A,67.372,-6.337,1.0086
59,H->B,84.099,-8.56,1.10575
59,H->C,64.824,-0.382,1.07147
59,H->D,49.458,1.308,0.75701
59,H->E,224.23,3.343,0.94013
59,H->F,125.991,-2.226,0.90416
59,H->G,131.907,-10.164,0.97655
60,A->B,58.983,5.294,1.14587
60,A->C,37.601,6.839,0.83046
60,A->D,26.015,-3.624,1.13901
60,A->E,83.79,2.055,1.16193
60,A->F,114.548,7.688,0.67599
60,A->G,58.612,-9.697,0.78645
60,A->H,117.302,-12.706,0.93832
60,B->A,34.622,1.584,0.94057
60,B->C,28.338,-2.375,1.00987
60,B->D,88.463,4.267,0.86842
60,B->E,58.94,-4.766,1.1193
60,B->F,101.059,-2.545,1.07643
60,B->G,94.325,3.848,1.02372
60,B->H,,-2.415,1.13264
60,C->A,34.112,0.812,1.03011
60,C->B,56.725,-1.541,0.87393
60,C->D,99.418,11.833,1.07714
60,C->E,110.336,22.624,0.85211
60,C->F,64.756,3.516,1.08367
60,C->G,15.951,-3.276,0.94643
60,C->H,12.552,-5.564,1.06358
60,D->A,102.639,8.365,0.89439
60,D->B,60.526,7.391,1.17869
60,D->C,67.054,0.685,0.96388
60,D->E,41.981,-6.322,0.94416
60,D->F,28.215,4.715,0.95607
60,D->G,124.886,-15.9,1.06923
60,D->H,97.493,3.923,1.04982
60,E->A,52.241,10.235,1.00597
60,E->B,84.759,4.307,0.97069
60,E->C,83.262,-11.398,1.35895
60,E->D,174.565,19.536,0.93538
60,E->F,41.78,2.577,0.91038
60,E->G,90.14,19.451,0.89654
60,E->H,126.201,-0.184,1.06806
60,F->A,168.517,-6.787,1.16319
60,F->B,48.224,-4.585,0.99636
60,F->C,63.939,13.398,0.86974
60,F->D,116.009,5.067,0.80276
60,F->E,28.558,-3.167,1.14077
60,F->G,96.062,-1.067,1.22268
60,F->H,213.36,0.549,1.06776
60,G->A,103.068,-1.7,0.87959
60,G->B,14.393,-3.93,1.08634
60,G->C,44.343,-3.721,1.02382
60,G->D,51.754,-5.99,1.04845
60,G->E,134.129,16.833,1.13945
60,G->F,66.048,1.041,1.02829
60,G->H,20.64,2.789,1.11847
60,H->A,76.6,4.031,1.00092
60,H->B,85.659,-11.707,1.10508
60,H->C,155.173,-15.138,1.07966
60,H->D,43.026,1.544,0.75579
60,H->E,219.227,42.42,0.93311
60,H->F,114.986,24.921,0.91023
60,H->G,120.362,-24.354,0.98387
61,A->B,62.764,-0.951,1.14841
61,A->C,38.78,5.492,0.83625
61,A->D,16.3,-3.282,1.14647
61,A->E,,-5.038,1.1676
61,A->F,110.945,-12.969,0.67893
61,A->G,,-6.953,0.78798
61,A->H,117.478,1.128,0.93969
61,B->A,29.831,0.053,0.94581
61,B->C,30.865,8.594,1.00694
61,B->D,80.499,8.033,0.87039
61,B->E,57.639,5.709,1.11892
61,B->F,297.059,-16.537,1.06738
61,B->G,95.747,3.889,1.02805
61,B->H,53.204,8.677,1.124
61,C->A,34.43,-1.37,1.03015
61,C->B,,13.807,0.87512
61,C->D,,-4.143,1.07792
61,C->E,105.299,9.046,0.85251
61,C->F,61.731,2.86,1.09788
61,C->G,16.28,-1.105,0.94311
61,C->H,29.751,-4.996,1.05939
61,D->A,91.753,-6.275,0.89931
61,D->B,58.298,8.904,1.18966
61,D->C,62.642,-4.196,0.96029
61,D->E,30.423,0.848,0.93753
61,D->F,46.578,7.123,0.95462
61,D->G,113.473,9.957,1.06427
61,D->H,90.165,13.548,1.04572
61,E->A,57.18,-5.853,0.99875
61,E->B,78.608,-0.354,0.97565
61,E->C,89.48,-2.019,1.35375
61,E->D,165.668,16.048,0.93444
61,E->F,36.421,6.717,0.91206
61,E->G,85.665,10.718,0.89977
61,E->H,119.692,5.261,1.06794
61,F->A,161.855,16.942,1.15804
61,F->B,49.607,-1.371,1.00231
61,F->C,162.492,-4.703,0.86903
61,F->D,95.358,-4.689,0.79503
61,F->E,22.431,-6.135,1.14079
61,F->G,94.908,-1.327,1.22594
61,F->H,196.962,48.284,1.06622
61,G->A,76.383,-4.209,0.89012
61,G->B,10.993,-7.219,1.08033
61,G->C,40.95,-2.077,1.02864
61,G->D,48.327,-3.285,1.04384
61,G->E,133.124,11.974,1.13498
61,G->F,68.546,4.067,1.02639
61,G->H,26.077,0.343,1.11422
61,H->A,,3.507,0.99899
61,H->B,78.475,-3.447,1.11132
61,H->C,52.11,-4.549,1.07961
61,H->D,41.601,-1.047,0.7523
61,H->E,207.938,33.095,0.93073
61,H->F,106.934,4.146,0.90677
61,H->G,118.38,-11.84,0.98099
62,A->B,31.932,-0.117,1.16201
62,A->C,,-0.208,0.8374
62,A->D,8.074,-1.69,1.14657
62,A->E,53.715,1.512,1.1715
62,A->F,63.067,-3.288,0.68676
62,A->G,30.281,4.702,0.78597
62,A->H,65.153,-0.791,0.93656
62,B->A,13.295,2.143,0.94748
62,B->C,8.529,4.047,1.00521
62,B->D,45.411,-0.874,0.86643
62,B->E,26.635,-4.54,1.11091
62,B->F,55.632,-2.282,1.06234
62,B->G,50.517,-5.448,1.03166
62,B->H,35.315,1.397,1.1285
62,C->A,22.318,0.136,1.03972
62,C->B,27.498,-0.82,0.87304
62,C->D,46.925,2.819,1.0871
62,C->E,62.076,4.665,0.85234
62,C->F,32.921,0.735,1.09389
62,C->G,13.104,-2.487,0.93778
62,C->H,5.197,-0.368,1.05828
62,D->A,57.488,7.827,0.90039
62,D->B,34.963,7.12,1.18482
62,D->C,28.099,3.02,0.96134
62,D->E,13.459,0.46,0.93263
62,D->F,24.599,2.026,0.95287
62,D->G,,-0.178,1.06659
62,D->H,156.471,3.563,1.05314
62,E->A,24.316,0.596,1.00474
62,E->B,116.71,-1.52,0.97231
62,E->C,40.884,-4.682,1.34849
62,E->D,96.472,-9.072,0.94519
62,E->F,27.701,3.136,0.91123
62,E->G,45.067,-3.29,0.88867
62,E->H,71.66,-1.475,1.06284
62,F->A,88.217,-20.406,1.17647
62,F->B,21.974,-1.065,1.0048
62,F->C,29.772,1.134,0.87219
62,F->D,63.046,-10.433,0.79186
62,F->E,11.351,-0.417,1.13994
62,F->G,47.151,-1.351,1.22936
62,F->H,102.529,-5.371,1.06291
62,G->A,51.655,5.693,0.88842
62,G->B,7.57,-1.899,1.07669
62,G->C,26.31,0.235,1.02794
62,G->D,33.191,-1.39,1.0416
62,G->E,74.632,-7.366,1.14161
62,G->F,33.777,-1.005,1.01963
62,G->H,14.177,1.261,1.11728
62,H->A,40.483,-2.457,1.00086
62,H->B,50.14,2.99,1.10108
62,H->C,42.165,0.12,1.07227
62,H->D,19.208,1.709,0.74915
62,H->E,110.08,0.354,0.92904
62,H->F,64.141,-0.23,0.90704
62,H->G,203.548,-8.386,0.99049
63,A->B,25.341,0.329,1.16549
63,A->C,19.964,-3.821,0.83666
63,A->D,1.018,-0.74,1.15455
63,A->E,,0.983,1.16461
63,A->F,45.399,8.031,0.68879
63,A->G,24.779,-2.254,0.7848
63,A->H,60.327,-5.688,0.93756
63,B->A,23.751,-0.318,0.94604
63,B->C,50.726,0.353,1.00308
63,B->D,34.84,0.434,0.86487
63,B->E,16.447,-1.872,1.11594
63,B->F,43.863,6.097,1.05742
63,B->G,125.225,2.89,1.03196
63,B->H,34.011,0.427,1.11893
63,C->A,13.923,-0.946,1.02878
63,C->B,20.624,3.86,0.86607
63,C->D,41.677,2.883,1.08703
63,C->E,40.715,8.75,0.85904
63,C->F,22.556,1.09,1.0929
63,C->G,8.403,0.411,0.93532
63,C->H,14.915,-4.349,1.05844
63,D->A,34.999,5.416,0.90484
63,D->B,19.74,3.352,1.19527
63,D->C,24.228,-1.536,0.96451
63,D->E,19.433,0.038,0.93523
63,D->F,16.474,2.064,0.95038
63,D->G,57.165,5.647,1.0596
63,D->H,41.511,-2.263,1.05024
63,E->A,14.969,5.988,1.00484
63,E->B,36.16,-0.233,0.97649
63,E->C,29.158,3.469,1.34929
63,E->D,83.686,-15.673,0.94603
63,E->F,23.35,2.546,0.91244
63,E->G,34.591,0.01,0.89421
63,E->H,49.891,1.947,1.06181
63,F->A,67.764,15.02,1.17826
63,F->B,27.513,-1.745,1.00598
63,F->C,23.495,1.905,0.87217
63,F->D,35.139,-2.128,0.79583
63,F->E,11.835,-1.956,1.14511
63,F->G,,-0.48,1.21929
63,F->H,92.139,7.484,1.06793
63,G->A,32.765,0.876,0.88215
63,G->B,11.206,-1.521,1.07571
63,G->C,24.039,0.802,1.01982
63,G->D,25.369,-2.174,1.03525
63,G->E,58.673,12.135,1.14524
63,G->F,27.434,5.094,1.02106
63,G->H,9.39,0.72,1.11157
63,H->A,30.8,-2.435,0.99949
63,H->B,34.898,-1.64,1.0986
63,H->C,24.471,2.286,1.07836
63,H->D,24.311,-2.223,0.75157
63,H->E,90.188,6.53,0.92939
63,H->F,47.332,-9.013,0.9077
63,H->G,54.216,1.401,0.98992
64,A->B,55.357,-1.06,1.16982
64,A->C,41.219,1.277,0.8398
64,A->D,19.426,-4.645,1.1569
64,A->E,80.343,-3.495,1.1587
64,A->F,100.033,0.834,0.68971
64,A->G,52.899,-7.193,0.79114
64,A->H,112.052,8.873,0.94133
64,B->A,29.204,5.277,0.94088
64,B->C,35.932,4.976,1.0079
64,B->D,78.614,5.329,0.85763
64,B->E,51.678,1.456,1.11552
64,B->F,100.183,16.448,1.06117
64,B->G,89.068,24.302,1.02636
64,B->H,54.628,-1.856,1.11462
64,C->A,35.526,0.675,1.02682
64,C->B,151.652,-2.184,0.86891
64,C->D,91.886,-0.42,1.08526
64,C->E,106.454,5.6,0.86668
64,C->F,54.704,1.902,1.08256
64,C->G,9.37,-4.138,0.93155
64,C->H,29.65,0.494,1.05985
64,D->A,88.697,-4.608,0.90644
64,D->B,47.471,-5.706,1.1913
64,D->C,53.087,2.636,0.96674
64,D->E,34.3,-5.335,0.93279
64,D->F,34.389,8.761,0.9542
64,D->G,121.191,-15.611,1.0545
64,D->H,88.085,2.194,1.04794
64,E->A,49.691,3.041,1.01249
64,E->B,81.241,6.04,0.9772
64,E->C,76.181,0.281,1.34587
64,E->D,159.777,3.529,0.9485
64,E->F,33.765,5.834,0.92109
64,E->G,76.665,9.608,0.90107
64,E->H,109.444,0.382,1.06917
64,F->A,153.426,-2.278,1.16758
64,F->B,55.871,-12.743,1.00966
64,F->C,50.227,-6.04,0.87259
64,F->D,108.616,-6.783,0.78833
64,F->E,25.993,-3.075,1.1537
64,F->G,93.087,-19.594,1.21896
64,F->H,200.935,12.481,1.06238
64,G->A,84.713,6.428,0.87998
64,G->B,21.658,-3.676,1.07239
64,G->C,45.684,0.363,1.02187
64,G->D,39.977,6.746,1.02933
64,G->E,126.723,-1.617,1.15469
64,G->F,70.686,-0.868,1.02653
64,G->H,19.429,0.833,1.10675
64,H->A,70.392,2.7,1.00165
64,H->B,71.223,-2.246,1.09435
64,H->C,43.665,8.165,1.07992
64,H->D,39.778,5.384,0.74752
64,H->E,200.699,-13.058,0.93813
64,H->F,124.267,34.659,0.91639
64,H->G,120.61,0.064,0.98992
65,A->B,60.293,-9.152,1.17195
65,A->C,40.844,-1.683,0.84448
65,A->D,22.103,-2.381,1.15781
65,A->E,86.398,9.635,1.1509
65,A->F,118.779,0.947,0.68704
65,A->G,55.922,1.476,0.79515
65,A->H,124.119,-18.541,0.94094
65,B->A,21.58,0.974,0.94387
65,B->C,37.195,4.459,1.00937
65,B->D,75.541,3.757,0.85445
65,B->E,49.652,-1.981,1.10843
65,B->F,107.66,-0.289,1.06824
65,B->G,100.892,-23.613,1.02597
65,B->H,66.491,-1.48,1.12522
65,C->A,35.98,-2.475,1.0284
65,C->B,163.649,4.696,0.8717
65,C->D,96.661,-3.716,1.09327
65,C->E,99.421,-3.912,0.86767
65,C->F,55.916,8.551,1.08674
65,C->G,12.74,-4.282,0.93219
65,C->H,27.673,-3.425,1.06238
65,D->A,93.938,11.894,0.90552
65,D->B,58.303,7.896,1.19704
65,D->C,71.026,3.573,0.96451
65,D->E,42.565,4.621,0.92497
65,D->F,41.85,7.208,0.95304
65,D->G,122.924,4.921,1.05781
65,D->H,90.981,5.0,1.05772
65,E->A,45.948,2.006,1.00925
65,E->B,77.322,7.79,0.98529
65,E->C,89.272,-7.23,1.34661
65,E->D,178.295,8.568,0.94772
65,E->F,39.64,3.749,0.9285
65,E->G,93.813,5.877,0.90511
65,E->H,113.946,1.065,1.06571
65,F->A,151.673,-16.764,1.17216
65,F->B,51.685,-11.17,1.01331
65,F->C,57.623,14.702,0.86929
65,F->D,102.555,-19.943,0.78597
65,F->E,,-1.761,1.14906
65,F->G,91.317,-0.884,1.22382
65,F->H,616.741,-6.232,1.07028
65,G->A,91.626,-12.238,0.8743
65,G->B,14.981,-4.411,1.06954
65,G->C,47.419,-2.915,1.01989
65,G->D,52.628,-14.706,1.03064
65,G->E,133.904,-5.831,1.15759
65,G->F,63.428,3.118,1.01864
65,G->H,13.702,1.081,1.10347
65,H->A,69.655,-2.945,1.0017
65,H->B,85.525,1.666,1.09903
65,H->C,52.884,5.532,1.08055
65,H->D,35.984,0.166,0.75059
65,H->E,660.455,8.691,0.93016
65,H->F,119.806,-10.188,0.91412
65,H->G,119.94,5.882,0.99229
66,A->B,55.478,-3.559,1.1675
66,A->C,45.201,5.361,0.84208
66,A->D,22.928,-2.847,1.16855
66,A->E,82.716,12.995,1.15209
66,A->F,121.693,4.851,0.69009
66,A->G,58.923,7.022,0.79026
66,A->H,126.249,-11.732,0.94158
66,B->A,31.45,5.01,0.9377
66,B->C,42.251,6.182,1.01454
66,B->D,81.898,-2.401,0.86019
66,B->E,52.568,7.909,1.10503
66,B->F,110.691,10.71,1.06959
66,B->G,100.406,6.089,1.02089
66,B->H,59.348,5.271,1.1246
66,C->A,28.264,1.151,1.03514
66,C->B,,3.121,0.87015
66,C->D,93.943,-8.565,1.09694
66,C->E,117.239,20.582,0.86746
66,C->F,68.169,-4.633,1.08696
66,C->G,13.268,-3.328,0.92764
66,C->H,36.335,-7.344,1.06415
66,D->A,100.305,9.568,0.90615
66,D->B,60.849,5.284,1.19961
66,D->C,58.216,-14.213,0.96081
66,D->E,42.629,-0.997,0.93361
66,D->F,44.481,9.577,0.95134
66,D->G,125.517,-11.779,1.05253
66,D->H,93.106,-14.452,1.05648
66,E->A,55.993,5.305,1.00592
66,E->B,84.879,5.869,0.98703
66,E->C,87.349,13.326,1.34485
66,E->D,172.599,-18.207,0.94195
66,E->F,49.008,0.19,0.93247
66,E->G,88.975,2.757,0.90754
66,E->H,127.373,-0.323,1.05726
66,F->A,174.167,15.191,1.16549
66,F->B,56.122,3.683,1.01291
66,F->C,57.038,-11.867,0.87155
66,F->D,108.522,4.999,0.78669
66,F->E,25.314,-0.492,1.15133
66,F->G,90.124,-3.328,1.22162
66,F->H,211.683,-19.2,1.07546
66,G->A,104.944,-5.896,0.86458
66,G->B,12.824,-6.857,1.07499
66,G->C,47.413,-5.777,1.02144
66,G->D,55.937,0.984,1.02172
66,G->E,147.391,14.784,1.1521
66,G->F,75.26,-8.332,1.00745
66,G->H,23.059,3.21,1.11031
66,H->A,78.813,-4.183,1.00629
66,H->B,85.205,-1.72,1.10332
66,H->C,53.467,-7.751,1.08147
66,H->D,43.399,-3.881,0.75139
66,H->E,227.544,-0.308,0.93259
66,H->F,120.551,-4.105,0.92166
66,H->G,126.305,-6.384,0.99014
67,A->B,,-8.717,1.16407
67,A->C,53.801,2.789,0.83783
67,A->D,18.515,-1.206,1.15536
67,A->E,81.758,13.562,1.14484
67,A->F,112.918,-19.617,0.69476
67,A->G,,-6.4,0.78557
67,A->H,124.447,1.977,0.94926
67,B->A,22.84,7.201,0.94081
67,B->C,46.778,-0.102,1.01073
67,B->D,,6.327,0.85431
67,B->E,58.751,-0.827,1.10135
67,B->F,108.226,1.233,1.07563
67,B->G,94.585,-0.467,1.01457
67,B->H,54.919,-3.805,1.12763
67,C->A,36.711,-1.915,1.04009
67,C->B,166.262,11.367,0.87585
67,C->D,93.88,8.957,1.10451
67,C->E,112.981,13.307,0.86811
67,C->F,52.96,-3.288,1.08315
67,C->G,20.821,-2.51,0.93351
67,C->H,25.244,-8.751,1.06912
67,D->A,96.844,-13.309,0.90781
67,D->B,65.787,11.122,1.1961
67,D->C,55.534,8.174,0.95266
67,D->E,38.538,-4.948,0.92403
67,D->F,44.641,1.848,0.95349
67,D->G,108.792,21.422,1.05179
67,D->H,91.905,-9.319,1.05456
67,E->A,,6.321,1.01198
67,E->B,72.333,-0.771,0.98817
67,E->C,87.309,-9.058,1.3529
67,E->D,176.456,33.815,0.94751
67,E->F,33.434,3.103,0.93314
67,E->G,85.325,11.869,0.90313
67,E->H,125.643,12.0,1.05681
67,F->A,161.994,14.395,1.16327
67,F->B,51.067,-3.446,1.01498
67,F->C,63.917,2.113,0.86818
67,F->D,104.691,2.251,0.787
67,F->E,32.638,-0.562,1.15241
67,F->G,98.479,6.366,1.22622
67,F->H,207.466,13.088,1.07304
67,G->A,91.336,-2.39,0.86542
67,G->B,18.821,-4.369,1.08306
67,G->C,54.055,2.08,1.0257
67,G->D,46.945,-1.871,1.02457
67,G->E,135.199,-21.155,1.16161
67,G->F,64.806,5.204,1.00955
67,G->H,13.87,3.13,1.1169
67,H->A,76.843,-0.267,0.99636
67,H->B,88.441,-1.474,1.09778
67,H->C,56.623,-7.621,1.07698
67,H->D,49.625,-4.769,0.74915
67,H->E,209.437,2.738,0.93032
67,H->F,117.028,1.298,0.92632
67,H->G,125.93,-12.509,0.98923
68,A->B,59.069,-6.058,1.16602
68,A->C,36.297,-2.781,0.841
68,A->D,26.396,-4.855,1.1673
68,A->E,77.917,3.557,1.14334
68,A->F,103.965,17.916,0.69487
68,A->G,66.326,-7.069,0.79372
68,A->H,116.284,21.489,0.93892
68,B->A,27.713,0.982,0.93956
68,B->C,31.561,6.509,1.01435
68,B->D,84.197,7.054,0.85787
68,B->E,61.952,3.991,1.09821
68,B->F,106.201,0.125,1.07259
68,B->G,88.237,-8.154,1.0098
68,B->H,56.091,3.505,1.12757
68,C->A,37.597,-0.226,1.03565
68,C->B,53.071,5.171,0.87436
68,C->D,95.385,5.673,1.10218
68,C->E,102.616,12.312,0.87205
68,C->F,63.26,2.701,1.08912
68,C->G,19.269,-5.659,0.93459
68,C->H,32.578,-1.049,1.07781
68,D->A,104.646,14.371,0.90883
68,D->B,46.231,1.2,1.19543
68,D->C,69.509,-2.002,0.95398
68,D->E,35.336,3.477,0.92608
68,D->F,36.396,3.865,0.95592
68,D->G,116.069,-2.564,1.04054
68,D->H,86.861,-0.289,1.05798
68,E->A,49.872,6.629,1.01043
68,E->B,79.873,-13.227,0.99221
68,E->C,77.855,0.719,1.35331
68,E->D,169.388,-31.203,0.94435
68,E->F,37.216,2.687,0.94004
68,E->G,81.483,3.806,0.90905
68,E->H,118.233,3.93,1.05856
68,F->A,137.885,25.975,1.15924
68,F->B,42.827,-5.44,1.01476
68,F->C,55.303,4.991,0.86238
68,F->D,99.344,-11.963,0.78468
68,F->E,23.325,-6.409,1.15688
68,F->G,77.915,5.782,1.23588
68,F->H,206.567,-18.178,1.08154
68,G->A,87.159,12.017,0.86904
68,G->B,12.77,-0.262,1.0904
68,G->C,33.623,-5.866,1.02092
68,G->D,44.596,-2.197,1.02325
68,G->E,130.153,2.804,1.15669
68,G->F,59.481,8.706,1.00983
68,G->H,24.342,6.128,1.10987
68,H->A,82.264,12.812,0.99777
68,H->B,80.692,-10.98,1.0905
68,H->C,156.476,-4.492,1.08195
68,H->D,37.902,1.496,0.75359
68,H->E,201.524,-41.616,0.9295
68,H->F,109.911,17.973,0.93039
68,H->G,121.948,-10.983,0.98524
69,A->B,38.833,-2.698,1.16871
69,A->C,20.365,-2.834,0.84591
69,A->D,7.834,0.015,1.17442
69,A->E,129.287,-2.543,1.14555
69,A->F,58.305,-9.559,0.68776
69,A->G,32.891,-4.483,0.80223
69,A->H,75.244,3.706,0.93589
69,B->A,15.999,0.988,0.93848
69,B->C,24.524,2.039,1.01253
69,B->D,37.116,4.202,0.85472
69,B->E,28.249,-1.521,1.10143
69,B->F,61.129,3.449,1.05463
69,B->G,56.787,7.687,1.01176
69,B->H,29.772,5.998,1.12906
69,C->A,23.948,0.305,1.04315
69,C->B,31.923,6.125,0.87882
69,C->D,55.909,-6.705,1.10238
69,C->E,59.244,15.068,0.87069
69,C->F,34.174,-1.603,1.09041
69,C->G,17.104,-5.214,0.93059
69,C->H,1.0,-3.516,1.07779
69,D->A,49.758,4.609,0.9067
69,D->B,30.486,0.355,1.18872
69,D->C,27.104,1.544,0.95444
69,D->E,17.276,0.854,0.92966
69,D->F,23.191,2.706,0.9487
69,D->G,55.387,-4.168,1.04723
69,D->H,51.875,1.434,1.0585
69,E->A,23.534,4.857,1.01589
69,E->B,38.902,-1.33,0.98956
69,E->C,,1.0,1.34637
69,E->D,98.863,-10.79,0.9372
69,E->F,21.185,1.914,0.93366
69,E->G,43.964,-7.189,0.91512
69,E->H,55.231,2.519,1.06844
69,F->A,83.35,-6.338,1.15883
69,F->B,26.433,-1.382,1.01242
69,F->C,24.916,0.979,0.86429
69,F->D,55.703,-6.849,0.78786
69,F->E,10.577,0.68,1.14937
69,F->G,45.879,3.63,1.23988
69,F->H,111.621,22.384,1.08292
69,G->A,36.869,1.451,0.8738
69,G->B,10.302,-1.559,1.09819
69,G->C,,2.277,1.02356
69,G->D,,-1.528,1.02307
69,G->E,64.945,3.399,1.15253
69,G->F,30.503,4.901,1.01034
69,G->H,12.716,1.388,1.11548
69,H->A,40.971,3.763,0.99606
69,H->B,49.263,2.199,1.08469
69,H->C,17.905,1.661,1.07685
69,H->D,19.137,0.537,0.76278
69,H->E,130.035,1.786,0.93221
69,H->F,61.466,0.553,0.93192
69,H->G,61.865,2.108,0.98985
70,A->B,34.683,2.128,1.1696
70,A->C,14.792,-1.851,0.84545
70,A->D,9.191,0.156,1.17316
70,A->E,32.842,-3.844,1.15712
70,A->F,56.774,-6.929,0.68729
70,A->G,37.931,0.25,0.80749
70,A->H,49.602,-2.445,0.93128
70,B->A,21.421,1.019,0.94964
70,B->C,15.413,4.844,1.01197
70,B->D,28.961,-4.64,0.86331
70,B->E,23.925,-0.785,1.09681
70,B->F,53.085,4.77,1.04822
70,B->G,38.779,2.648,1.01466
70,B->H,21.141,5.389,1.11823
70,C->A,17.066,-1.574,1.04927
70,C->B,18.233,1.892,0.87183
70,C->D,51.602,7.929,1.10044
70,C->E,44.961,10.514,0.86709
70,C->F,26.33,3.409,1.08205
70,C->G,12.701,-2.001,0.93857
70,C->H,12.135,-1.218,1.065
70,D->A,40.263,7.476,0.91226
70,D->B,20.239,2.624,1.19263
70,D->C,23.043,-1.744,0.95781
70,D->E,22.213,-0.368,0.92292
70,D->F,9.782,-2.102,0.953
70,D->G,54.762,2.557,1.04312
70,D->H,48.114,3.637,1.06016
70,E->A,67.482,-1.808,1.01199
70,E->B,33.923,-2.757,0.99363
70,E->C,40.763,3.416,1.34103
70,E->D,73.946,0.842,0.93983
70,E->F,10.484,1.104,0.93624
70,E->G,41.165,-2.788,0.91315
70,E->H,49.972,1.27,1.05874
70,F->A,61.504,15.27,1.16006
70,F->B,24.098,-0.897,1.00453
70,F->C,24.676,-0.367,0.85099
70,F->D,52.234,2.153,0.78756
70,F->E,9.02,0.639,1.14309
70,F->G,34.836,-2.677,1.24484
70,F->H,89.731,-21.163,1.07474
70,G->A,39.757,7.067,0.87347
70,G->B,14.331,-1.029,1.10147
70,G->C,20.526,0.092,1.02064
70,G->D,15.763,2.237,1.02759
70,G->E,59.839,13.09,1.15757
70,G->F,84.991,5.465,1.01364
70,G->H,13.33,-1.14,1.11034
70,H->A,22.195,1.091,0.99851
70,H->B,35.108,-1.516,1.07763
70,H->C,26.993,-0.39,1.0798
70,H->D,23.442,-1.53,0.7625
70,H->E,89.589,-2.696,0.92358
70,H->F,56.07,4.441,0.93584
70,H->G,,-5.11,0.98886
71,A->B,52.145,-7.91,1.17094
71,A->C,53.626,-3.792,0.84733
71,A->D,23.458,0.058,1.17348
71,A->E,74.42,3.962,1.1482
71,A->F,113.874,-2.632,0.68094
71,A->G,166.475,2.615,0.81575
71,A->H,348.467,-16.963,0.92807
71,B->A,24.672,-0.751,0.95474
71,B->C,50.547,12.835,1.01488
71,B->D,77.108,7.703,0.87106
71,B->E,56.058,0.179,1.09689
71,B->F,107.892,5.792,1.04729
71,B->G,94.511,-2.389,1.01947
71,B->H,53.426,-4.001,1.1246
71,C->A,30.06,-1.943,1.05294
71,C->B,59.654,1.387,0.87927
71,C->D,93.534,-17.282,1.10407
71,C->E,110.047,-0.61,0.86318
71,C->F,52.369,7.523,1.07576
71,C->G,13.939,-0.362,0.93755
71,C->H,26.989,-5.721,1.06477
71,D->A,84.244,18.696,0.90891
71,D->B,55.267,13.551,1.19212
71,D->C,54.358,-4.387,0.95542
71,D->E,36.103,2.483,0.91563
71,D->F,48.543,8.471,0.95508
71,D->G,112.719,-4.29,1.05028
71,D->H,93.225,3.732,1.05644
71,E->A,54.402,3.775,1.01153
71,E->B,79.233,13.329,0.99778
71,E->C,80.499,5.801,1.34401
71,E->D,165.037,-19.415,0.9454
71,E->F,35.426,-2.433,0.93425
71,E->G,78.943,-1.538,0.90989
71,E->H,109.912,7.0,1.0598
71,F->A,159.635,9.092,1.16436
71,F->B,46.731,-11.37,1.00876
71,F->C,60.2,-3.638,0.85631
71,F->D,96.139,2.385,0.78925
71,F->E,13.716,-4.712,1.14183
71,F->G,80.544,2.758,1.24331
71,F->H,201.088,-5.311,1.06605
71,G->A,94.02,0.271,0.86713
71,G->B,17.069,-4.61,1.09223
71,G->C,48.347,0.217,1.02041
71,G->D,44.571,-2.022,1.02288
71,G->E,133.978,2.915,1.16658
71,G->F,62.323,16.169,1.02382
71,G->H,18.917,0.572,1.11326
71,H->A,64.306,5.515,1.0052
71,H->B,79.884,-11.351,1.07312
71,H->C,53.699,0.531,1.07965
71,H->D,33.446,0.829,0.76207
71,H->E,215.82,29.799,0.92817
71,H->F,128.698,-10.796,0.93997
71,H->G,121.181,-9.617,0.99098
72,A->B,68.389,2.723,1.17432
72,A->C,51.029,-4.197,0.84656
72,A->D,25.452,-4.321,1.18193
72,A->E,83.291,14.688,1.14328
72,A->F,118.029,4.866,0.683
72,A->G,68.512,-4.802,0.81476
72,A->H,123.262,-13.105,0.93984
72,B->A,32.93,0.598,0.95308
72,B->C,32.582,6.384,1.01466
72,B->D,79.899,7.688,0.87339
72,B->E,56.028,3.116,1.08608
72,B->F,118.437,-8.382,1.04145
72,B->G,99.648,6.226,1.01627
72,B->H,53.094,-7.454,1.12246
72,C->A,37.277,3.254,1.05638
72,C->B,48.805,1.442,0.8778
72,C->D,103.095,7.201,1.10856
72,C->E,109.608,11.005,0.86001
72,C->F,53.107,4.284,1.07862
72,C->G,25.579,-4.254,0.93475
72,C->H,32.821,-4.989,1.05872
72,D->A,88.473,4.449,0.92118
72,D->B,,-1.416,1.19688
72,D->C,60.49,20.652,0.95317
72,D->E,45.418,0.856,0.91169
72,D->F,46.025,-0.231,0.95334
72,D->G,363.048,9.85,1.04383
72,D->H,103.258,7.814,1.06078
72,E->A,50.604,5.619,1.01666
72,E->B,77.017,9.596,1.00515
72,E->C,92.763,-13.302,1.33335
72,E->D,169.871,3.335,0.94666
72,E->F,39.264,5.327,0.92747
72,E->G,94.805,-3.89,0.91054
72,E->H,121.182,-5.616,1.0529
72,F->A,166.597,11.986,1.16782
72,F->B,52.802,-6.881,1.00797
72,F->C,66.546,6.488,0.85521
72,F->D,111.724,-11.824,0.79198
72,F->E,40.304,-2.851,1.13756
72,F->G,92.769,-8.075,1.24204
72,F->H,628.963,35.955,1.06006
72,G->A,93.155,13.345,0.86082
72,G->B,12.816,-6.302,1.08293
72,G->C,43.597,9.652,1.02564
72,G->D,44.147,1.466,1.025
72,G->E,138.848,12.282,1.17206
72,G->F,64.042,1.393,1.0185
72,G->H,18.296,0.766,1.10904
72,H->A,70.025,6.905,0.9964
72,H->B,78.892,-4.051,1.07779
72,H->C,53.709,-3.057,1.09326
72,H->D,47.876,1.848,0.75951
72,H->E,229.516,12.9,0.93391
72,H->F,,1.211,0.94643
72,H->G,126.052,0.567,0.98924
73,A->B,58.055,-3.473,1.1671
73,A->C,41.829,-3.632,0.85085
73,A->D,15.904,-2.535,1.174
73,A->E,91.672,5.678,1.1505
73,A->F,122.432,9.093,0.68121
73,A->G,52.949,-1.563,0.8095
73,A->H,123.974,-10.052,0.9455
73,B->A,33.626,-0.08,0.95686
73,B->C,54.486,4.578,1.01561
73,B->D,87.97,-2.26,0.87608
73,B->E,64.863,-7.849,1.08194
73,B->F,107.72,2.676,1.04226
73,B->G,100.696,15.014,1.02305
73,B->H,63.186,-2.185,1.1143
73,C->A,39.242,-1.825,1.05955
73,C->B,68.086,9.699,0.88051
73,C->D,95.332,6.276,1.09508
73,C->E,112.957,30.446,0.86789
73,C->F,69.553,4.359,1.07355
73,C->G,19.155,-4.02,0.93623
73,C->H,25.455,-2.183,1.05393
73,D->A,93.805,-5.916,0.91984
73,D->B,52.916,5.056,1.19239
73,D->C,62.275,-5.304,0.96143
73,D->E,42.228,-2.403,0.90822
73,D->F,36.377,12.084,0.96419
73,D->G,130.092,-16.317,1.04097
73,D->H,99.663,-16.489,1.05707
73,E->A,53.966,-9.631,1.02149
73,E->B,82.908,-6.012,0.99676
73,E->C,94.67,16.416,1.33485
73,E->D,187.372,-12.152,0.94428
73,E->F,40.566,-0.02,0.9183
73,E->G,93.951,7.537,0.91715
73,E->H,125.767,-4.067,1.05548
73,F->A,172.237,10.219,1.16196
73,F->B,57.19,-4.529,1.01621
73,F->C,59.98,5.564,0.85443
73,F->D,106.596,-11.496,0.78702
73,F->E,27.683,-3.138,1.1396
73,F->G,101.037,5.855,1.23927
73,F->H,225.751,44.855,1.05375
73,G->A,105.65,22.868,0.864
73,G->B,21.488,-3.444,1.07601
73,G->C,136.339,-0.065,1.03371
73,G->D,54.257,-6.23,1.01949
73,G->E,141.59,-12.877,1.16111
73,G->F,67.653,-3.319,1.01728
73,G->H,16.47,1.773,1.11486
73,H->A,74.424,-2.035,0.99181
73,H->B,87.365,0.155,1.07939
73,H->C,55.317,-5.162,1.10707
73,H->D,47.534,4.254,0.75429
73,H->E,235.103,-4.34,0.93345
73,H->F,119.065,-4.772,0.93775
73,H->G,134.209,-7.987,0.99482
74,A->B,64.404,-3.387,1.17076
74,A->C,47.61,-5.162,0.8475
74,A->D,23.974,-2.977,1.18298
74,A->E,85.861,-9.672,1.16257
74,A->F,116.035,-14.951,0.67509
74,A->G,62.163,6.144,0.81487
74,A->H,129.501,-5.297,0.94449
74,B->A,31.789,2.773,0.95755
74,B->C,30.275,12.031,1.01374
74,B->D,86.747,2.776,0.87945
74,B->E,63.596,-4.269,1.07655
74,B->F,110.953,-13.879,1.02906
74,B->G,95.089,-17.012,1.0283
74,B->H,61.135,-11.541,1.10882
74,C->A,31.083,-0.59,1.06489
74,C->B,59.08,-1.392,0.87966
74,C->D,102.834,2.391,1.09337
74,C->E,110.559,-5.736,0.87042
74,C->F,53.636,-3.757,1.06457
74,C->G,16.87,-6.523,0.93441
74,C->H,,-9.12,1.05684
74,D->A,97.837,6.879,0.91963
74,D->B,55.522,-0.574,1.194
74,D->C,59.021,-0.844,0.96335
74,D->E,46.054,-2.57,0.91468
74,D->F,45.533,4.394,0.96531
74,D->G,128.423,8.925,1.04648
74,D->H,98.004,4.446,1.05433
74,E->A,54.392,7.566,1.01924
74,E->B,77.163,-6.128,0.99222
74,E->C,90.464,7.537,1.32481
74,E->D,174.447,-3.119,0.94323
74,E->F,34.327,6.048,0.91842
74,E->G,83.65,-0.737,0.92067
74,E->H,120.733,-3.059,1.05239
74,F->A,172.402,19.528,1.15831
74,F->B,52.016,-10.058,1.00803
74,F->C,59.354,0.865,0.85709
74,F->D,106.521,-7.775,0.78639
74,F->E,18.992,-5.874,1.14048
74,F->G,89.041,4.545,1.24368
74,F->H,207.47,-23.446,1.0478
74,G->A,93.751,9.466,0.86314
74,G->B,44.701,-5.868,1.07714
74,G->C,42.113,-6.746,1.03427
74,G->D,49.868,-4.514,1.02543
74,G->E,126.436,16.647,1.17204
74,G->F,68.396,-0.12,1.01712
74,G->H,16.609,2.231,1.10865
74,H->A,70.641,0.359,0.9965
74,H->B,81.151,-17.824,1.06866
74,H->C,53.231,-7.053,1.10574
74,H->D,42.505,-2.909,0.7541
74,H->E,229.967,0.196,0.93892
74,H->F,109.975,2.422,0.94079
74,H->G,129.643,3.264,0.98889
75,A->B,63.156,-1.262,1.173
75,A->C,41.372,4.862,0.84694
75,A->D,27.432,0.501,1.18722
75,A->E,76.053,1.792,1.17242
75,A->F,105.619,-9.713,0.67795
75,A->G,53.525,-1.069,0.81066
75,A->H,112.092,8.115,0.94177
75,B->A,34.155,-1.374,0.96303
75,B->C,38.527,3.27,1.01651
75,B->D,78.259,-11.83,0.87912
75,B->E,59.211,-2.437,1.07408
75,B->F,112.511,3.75,1.02605
75,B->G,89.401,11.31,1.02611
75,B->H,60.08,0.245,1.10535
75,C->A,37.023,3.218,1.0556
75,C->B,55.647,9.174,0.8811
75,C->D,97.918,8.209,1.09414
75,C->E,106.262,12.46,0.87317
75,C->F,54.161,-3.67,1.06036
75,C->G,24.243,-4.049,0.93825
75,C->H,25.472,-3.269,1.06075
75,D->A,101.928,13.902,0.92334
75,D->B,55.715,10.98,1.1882
75,D->C,60.369,-5.522,0.96226
75,D->E,25.772,-5.132,0.91588
75,D->F,40.549,2.36,0.96126
75,D->G,119.661,0.824,1.05322
75,D->H,102.56,-2.386,1.05696
75,E->A,53.051,7.558,1.01672
75,E->B,76.763,4.803,0.99479
75,E->C,87.853,-4.577,1.3248
75,E->D,,-4.831,0.94386
75,E->F,36.607,-1.692,0.91734
75,E->G,82.882,1.012,0.92084
75,E->H,112.608,7.583,1.04868
75,F->A,162.255,25.145,1.16001
75,F->B,41.443,-9.444,1.00052
75,F->C,46.933,-6.284,0.84968
75,F->D,94.764,-3.149,0.78645
75,F->E,24.162,-4.802,1.1386
75,F->G,84.678,-14.23,1.24223
75,F->H,202.733,43.091,1.03887
75,G->A,88.74,10.163,0.86586
75,G->B,14.565,-6.526,1.07337
75,G->C,44.028,-10.347,1.02731
75,G->D,46.093,-5.467,1.01524
75,G->E,121.637,-0.666,1.17545
75,G->F,65.058,-1.354,1.0174
75,G->H,24.366,0.356,1.11219
75,H->A,66.946,9.017,1.00339
75,H->B,83.286,1.045,1.06738
75,H->C,50.975,-9.892,1.09616
75,H->D,38.091,-0.835,0.75098
75,H->E,210.361,-15.116,0.94118
75,H->F,118.541,-1.392,0.94
75,H->G,111.337,3.212,0.98578
76,A->B,32.418,-4.465,1.1844
76,A->C,12.547,0.523,0.84423
76,A->D,17.905,-1.641,1.17773
76,A->E,34.381,-3.797,1.16811
76,A->F,57.458,1.98,0.67108
76,A->G,32.411,-3.877,0.81051
76,A->H,68.27,-0.228,0.94418
76,B->A,24.652,-0.765,0.95539
76,B->C,28.425,0.413,1.01611
76,B->D,42.098,1.824,0.88388
76,B->E,25.898,4.39,1.06831
76,B->F,63.974,4.381,1.01527
76,B->G,53.249,-1.163,1.02449
76,B->H,25.192,3.16,1.1082
76,C->A,17.5,1.538,1.0564
76,C->B,31.433,0.803,0.87732
76,C->D,42.164,4.495,1.0974
76,C->E,49.805,0.775,0.87239
76,C->F,24.757,1.043,1.05902
76,C->G,14.23,-1.676,0.94086
76,C->H,8.457,-3.94,1.06092
76,D->A,44.587,1.106,0.92778
76,D->B,32.202,2.284,1.1898
76,D->C,38.599,4.411,0.96632
76,D->E,16.16,-1.33,0.92701
76,D->F,22.537,3.327,0.96115
76,D->G,69.787,-5.871,1.04343
76,D->H,54.699,4.088,1.05212
76,E->A,30.852,-4.482,1.01737
76,E->B,44.726,3.678,0.98122
76,E->C,51.977,-5.331,1.31323
76,E->D,90.545,4.568,0.94752
76,E->F,14.242,1.978,0.92066
76,E->G,32.534,7.148,0.91792
76,E->H,63.02,3.012,1.04823
76,F->A,79.632,-26.384,1.1576
76,F->B,21.271,-1.377,0.99363
76,F->C,32.319,1.411,0.85372
76,F->D,59.253,1.916,0.78996
76,F->E,35.193,-1.404,1.14275
76,F->G,50.464,-2.19,1.25112
76,F->H,111.089,19.475,1.04012
76,G->A,46.772,1.593,0.86787
76,G->B,8.166,-1.896,1.07323
76,G->C,18.311,-0.085,1.02994
76,G->D,25.228,3.134,1.01801
76,G->E,67.585,-0.534,1.17707
76,G->F,33.859,-0.047,1.02787
76,G->H,3.044,0.558,1.11743
76,H->A,38.096,6.603,0.99959
76,H->B,45.058,-1.037,1.06894
76,H->C,26.847,-2.715,1.09358
76,H->D,10.384,-0.88,0.747
76,H->E,105.473,-8.578,0.94284
76,H->F,68.564,-0.713,0.93636
76,H->G,76.462,10.009,0.98482
77,A->B,26.507,1.07,1.1862
77,A->C,23.34,-1.001,0.84034
77,A->D,3.666,-0.568,1.17576
77,A->E,37.592,0.232,1.178
77,A->F,46.623,3.161,0.67176
77,A->G,32.152,1.275,0.81679
77,A->H,54.087,-2.948,0.93558
77,B->A,13.277,-2.215,0.95403
77,B->C,18.131,3.041,1.02181
77,B->D,36.097,0.989,0.88675
77,B->E,12.893,0.854,1.07092
77,B->F,45.988,-2.874,1.02383
77,B->G,31.914,4.388,1.02806
77,B->H,23.881,3.053,1.11371
77,C->A,24.098,0.703,1.04975
77,C->B,18.15,0.851,0.87711
77,C->D,51.92,-1.424,1.09121
77,C->E,45.284,6.253,0.86875
77,C->F,24.669,-0.02,1.06224
77,C->G,1.0,-1.962,0.94227
77,C->H,19.996,-1.816,1.06037
77,D->A,42.491,3.401,0.92288
77,D->B,,0.491,1.19221
77,D->C,21.429,-0.595,0.9708
77,D->E,18.661,1.779,0.92928
77,D->F,16.117,2.434,0.9588
77,D->G,53.636,-3.101,1.04885
77,D->H,38.166,-7.718,1.0539
77,E->A,26.721,-1.091,1.01327
77,E->B,23.664,0.377,0.9705
77,E->C,52.15,-0.894,1.30507
77,E->D,72.073,-7.213,0.9455
77,E->F,11.573,-0.58,0.91875
77,E->G,40.045,1.196,0.90991
77,E->H,44.846,-1.76,1.04409
77,F->A,70.342,-0.402,1.14906
77,F->B,17.476,-2.571,0.99848
77,F->C,39.761,-0.388,0.85123
77,F->D,52.774,-2.87,0.79342
77,F->E,6.407,0.159,1.14235
77,F->G,38.175,4.587,1.25541
77,F->H,97.002,2.523,1.05466
77,G->A,39.219,5.049,0.86679
77,G->B,10.575,-1.649,1.06908
77,G->C,23.164,1.659,1.02901
77,G->D,22.377,0.52,1.01502
77,G->E,55.878,-1.084,1.16734
77,G->F,29.205,-6.431,1.02657
77,G->H,16.463,-1.459,1.11287
77,H->A,27.336,8.29,1.00149
77,H->B,35.733,4.19,1.07917
77,H->C,23.166,-2.015,1.09896
77,H->D,22.215,1.956,0.74253
77,H->E,101.897,-8.863,0.93843
77,H->F,51.142,3.004,0.93104
77,H->G,49.523,-5.555,0.9859
78,A->B,62.885,-4.669,1.19213
78,A->C,44.542,-9.958,0.84343
78,A->D,30.105,-3.195,1.18139
78,A->E,77.944,-0.956,1.18703
78,A->F,102.602,-7.772,0.67506
78,A->G,49.449,0.377,0.82213
78,A->H,109.911,3.85,0.93082
78,B->A,38.055,2.009,0.9521
78,B->C,35.932,10.287,1.02835
78,B->D,78.559,-5.596,0.8887
78,B->E,61.34,-4.307,1.07111
78,B->F,310.552,10.807,1.03057
78,B->G,,9.098,1.0358
78,B->H,67.415,3.498,1.11467
78,C->A,34.446,0.232,1.04619
78,C->B,61.396,8.324,0.87482
78,C->D,92.616,-2.592,1.08503
78,C->E,103.875,31.228,0.87133
78,C->F,56.741,-1.581,1.06934
78,C->G,15.133,-5.322,0.94436
78,C->H,77.115,-4.403,1.06233
78,D->A,86.767,18.898,0.92203
78,D->B,56.877,1.048,1.19413
78,D->C,54.492,1.463,0.96681
78,D->E,37.538,-1.729,0.93171
78,D->F,31.992,2.32,0.96161
78,D->G,111.525,3.556,1.04769
78,D->H,91.081,5.907,1.05463
78,E->A,43.862,-2.387,1.01166
78,E->B,76.447,-6.413,0.97386
78,E->C,79.206,-5.672,1.30563
78,E->D,160.481,16.587,0.95158
78,E->F,30.591,-0.466,0.91193
78,E->G,84.609,20.589,0.90953
78,E->H,113.721,-5.363,1.04588
78,F->A,160.528,24.409,1.15085
78,F->B,45.663,-0.264,0.99166
78,F->C,54.933,-1.756,0.85011
78,F->D,108.125,-2.606,0.79777
78,F->E,20.483,-1.824,1.13649
78,F->G,72.744,11.515,1.25544
78,F->H,202.435,-18.868,1.05162
78,G->A,89.03,10.772,0.86797
78,G->B,12.471,-5.605,1.07878
78,G->C,46.832,-1.819,1.017
78,G->D,47.601,-3.584,1.00243
78,G->E,125.986,9.959,1.16135
78,G->F,69.41,0.62,1.03413
78,G->H,12.773,-1.643,1.11475
78,H->A,71.36,10.044,1.00676
78,H->B,79.062,3.361,1.07661
78,H->C,48.87,-0.315,1.10728
78,H->D,37.575,-1.003,0.73718
78,H->E,214.808,20.81,0.94189
78,H->F,110.422,-0.005,0.92767
78,H->G,120.55,4.892,0.98225
79,A->B,64.979,-1.109,1.19707
79,A->C,45.855,-1.784,0.84305
79,A->D,22.846,-1.71,1.1745
79,A->E,79.941,-9.85,1.1861
79,A->F,111.119,-0.308,0.67541
79,A->G,55.265,-3.518,0.81494
79,A->H,128.344,-34.283,0.93864
79,B->A,32.024,2.475,0.95075
79,B->C,38.449,4.14,1.02558
79,B->D,81.66,9.41,0.883
79,B->E,58.855,2.75,1.07354
79,B->F,108.675,-9.974,1.03387
79,B->G,100.448,-3.663,1.03316
79,B->H,64.763,-5.162,1.10917
79,C->A,32.458,4.639,1.04604
79,C->B,55.745,3.028,0.86559
79,C->D,101.085,26.096,1.08656
79,C->E,113.275,4.264,0.87098
79,C->F,56.689,4.218,1.06395
79,C->G,20.138,-0.24,0.94513
79,C->H,27.799,-10.46,1.06702
79,D->A,,3.863,0.92739
79,D->B,51.473,2.714,1.19633
79,D->C,52.269,-9.501,0.96963
79,D->E,31.867,-1.695,0.93155
79,D->F,29.689,5.64,0.96414
79,D->G,125.21,2.135,1.05464
79,D->H,97.029,-2.177,1.05736
79,E->A,55.54,1.652,1.01011
79,E->B,85.008,6.712,0.97277
79,E->C,87.64,-5.174,1.30283
79,E->D,174.762,-40.064,0.95204
79,E->F,35.607,-0.277,0.91776
79,E->G,93.003,-0.628,0.90932
79,E->H,122.871,-4.62,1.04948
79,F->A,163.511,-17.37,1.15149
79,F->B,49.814,-13.151,0.98922
79,F->C,54.33,-6.623,0.85844
79,F->D,105.083,-0.522,0.80464
79,F->E,26.003,-6.791,1.13261
79,F->G,97.014,-1.518,1.25351
79,F->H,204.254,-25.001,1.05636
79,G->A,,1.482,0.87113
79,G->B,10.06,-4.769,1.08041
79,G->C,44.015,-0.055,1.01304
79,G->D,51.208,-12.062,1.00135
79,G->E,148.325,2.286,1.16849
79,G->F,,14.387,1.03851
79,G->H,20.83,1.94,1.1145
79,H->A,66.976,12.881,1.00491
79,H->B,83.705,-1.821,1.06733
79,H->C,55.079,-8.116,1.0999
79,H->D,33.227,-0.899,0.73174
79,H->E,210.335,-10.828,0.9441
79,H->F,123.38,-11.737,0.92761
79,H->G,126.183,10.95,0.97805
80,A->B,65.725,2.414,1.18276
80,A->C,45.28,-2.451,0.83841
80,A->D,25.114,-1.48,1.17188
80,A->E,93.23,13.12,1.19235
80,A->F,119.594,1.245,0.67534
80,A->G,60.541,1.467,0.81968
80,A->H,126.7,-38.926,0.9381
80,B->A,29.062,-0.339,0.95655
80,B->C,39.559,6.544,1.02336
80,B->D,96.871,-3.053,0.88977
80,B->E,54.079,1.674,1.06782
80,B->F,113.005,13.45,1.0367
80,B->G,105.872,20.998,1.0282
80,B->H,53.013,-9.022,1.11345
80,C->A,,-1.058,1.04608
80,C->B,56.678,4.961,0.86691
80,C->D,98.776,-17.457,1.0921
80,C->E,112.885,-1.877,0.86465
80,C->F,60.317,3.696,1.06132
80,C->G,26.808,-5.493,0.93522
80,C->H,27.986,-1.18,1.06249
80,D->A,100.305,3.611,0.9269
80,D->B,72.902,7.874,1.19242
80,D->C,179.06,-3.636,0.96744
80,D->E,42.236,-9.432,0.9273
80,D->F,49.565,9.183,0.96864
80,D->G,122.748,8.377,1.05315
80,D->H,109.086,-7.337,1.06566
80,E->A,52.954,0.3,1.00675
80,E->B,80.879,0.897,0.96952
80,E->C,84.917,6.927,1.31401
80,E->D,181.676,-5.887,0.95709
80,E->F,42.843,-3.257,0.91971
80,E->G,90.707,-0.562,0.91121
80,E->H,127.245,3.988,1.04333
80,F->A,178.476,14.135,1.15542
80,F->B,49.254,-9.139,0.98133
80,F->C,54.726,-6.806,0.858
80,F->D,114.368,-12.11,0.80856
80,F->E,28.375,-6.279,1.12842
80,F->G,94.223,-2.317,1.259
80,F->H,223.953,-34.652,1.06161
80,G->A,92.959,-7.402,0.8768
80,G->B,7.011,-6.221,1.08224
80,G->C,43.016,-5.085,1.02147
80,G->D,53.437,4.138,0.9966
80,G->E,148.662,-25.667,1.16788
80,G->F,73.792,-3.945,1.0347
80,G->H,27.01,2.083,1.11294
80,H->A,75.699,-6.062,1.00972
80,H->B,91.505,1.537,1.06874
80,H->C,58.784,-3.559,1.11086
80,H->D,40.55,1.066,0.73626
80,H->E,234.888,-14.115,0.95006
80,H->F,132.624,-9.939,0.92748
80,H->G,130.995,6.257,0.98096
81,A->B,59.838,-9.489,1.18784
81,A->C,42.692,-6.158,0.83444
81,A->D,14.755,-1.154,1.17009
81,A->E,86.505,11.072,1.18858
81,A->F,114.353,-10.384,0.67391
81,A->G,60.592,-1.102,0.81924
81,A->H,118.097,2.635,0.93676
81,B->A,38.593,1.754,0.9569
81,B->C,39.172,-0.81,1.02236
81,B->D,81.796,-0.045,0.88952
81,B->E,67.664,-0.592,1.07092
81,B->F,103.135,-4.712,1.04187
81,B->G,99.604,9.114,1.03048
81,B->H,62.702,9.346,1.11152
81,C->A,34.623,-2.159,1.05346
81,C->B,46.113,-0.105,0.86453
81,C->D,101.169,-15.301,1.0965
81,C->E,114.502,-3.272,0.87011
81,C->F,53.178,8.915,1.05653
81,C->G,26.583,-4.938,0.93857
81,C->H,15.426,2.72,1.06288
81,D->A,99.107,-1.224,0.92362
81,D->B,59.909,14.557,1.19919
81,D->C,59.144,2.563,0.96773
81,D->E,42.746,-2.407,0.92971
81,D->F,42.033,12.226,0.96297
81,D->G,114.172,4.893,1.05172
81,D->H,104.111,-4.138,1.06319
81,E->A,45.897,-0.233,1.00734
81,E->B,80.194,-5.09,0.96464
81,E->C,86.47,2.264,1.31742
81,E->D,172.636,-11.38,0.96115
81,E->F,43.225,-2.379,0.91987
81,E->G,73.858,8.156,0.91727
81,E->H,131.863,-15.765,1.03772
81,F->A,165.995,-7.238,1.16313
81,F->B,55.843,-5.885,0.98681
81,F->C,57.402,-0.071,0.8611
81,F->D,94.245,-3.662,0.80814
81,F->E,30.436,-5.453,1.12955
81,F->G,98.218,-1.211,1.26431
81,F->H,210.127,-7.115,1.06463
81,G->A,,-11.602,0.87599
81,G->B,20.363,-5.921,1.08334
81,G->C,43.031,-1.448,1.03108
81,G->D,38.011,2.525,1.00251
81,G->E,138.724,-0.849,1.17061
81,G->F,67.055,16.173,1.03125
81,G->H,25.714,-0.412,1.11801
81,H->A,66.114,7.165,1.00904
81,H->B,77.374,-4.249,1.06529
81,H->C,52.272,-11.802,1.10912
81,H->D,35.506,1.326,0.73558
81,H->E,208.285,20.79,0.94788
81,H->F,114.318,1.507,0.92996
81,H->G,132.408,-16.402,0.9779
82,A->B,58.971,6.936,1.18959
82,A->C,43.876,0.836,0.82692
82,A->D,23.814,-2.951,1.15946
82,A->E,82.077,11.764,1.19037
82,A->F,115.035,-15.662,0.68103
82,A->G,59.65,-5.947,0.8207
82,A->H,111.443,-7.465,0.93315
82,B->A,29.634,3.426,0.96304
82,B->C,33.544,9.073,1.02884
82,B->D,75.033,5.189,0.88987
82,B->E,49.845,2.486,1.06939
82,B->F,96.888,-4.495,1.0444
82,B->G,93.567,1.51,1.03056
82,B->H,65.484,6.204,1.1114
82,C->A,32.555,-3.018,1.05857
82,C->B,56.668,9.172,0.86099
82,C->D,84.681,-5.749,1.10109
82,C->E,105.877,5.217,0.87282
82,C->F,55.575,-6.909,1.04927
82,C->G,20.365,-5.101,0.93577
82,C->H,34.259,-10.662,1.06619
82,D->A,97.116,-1.532,0.92799
82,D->B,168.686,5.852,1.19327
82,D->C,,0.508,0.97188
82,D->E,36.069,-1.687,0.92511
82,D->F,40.925,2.338,0.95969
82,D->G,119.021,17.817,1.05465
82,D->H,100.43,8.606,1.05744
82,E->A,47.927,-6.583,0.99961
82,E->B,,4.099,0.96184
82,E->C,84.324,4.192,1.30808
82,E->D,170.933,2.232,0.96092
82,E->F,37.392,-0.673,0.91695
82,E->G,92.521,1.408,0.9186
82,E->H,111.505,15.775,1.03695
82,F->A,151.71,-1.024,1.17093
82,F->B,50.955,-8.283,0.98577
82,F->C,50.083,0.794,0.86317
82,F->D,98.894,2.694,0.805
82,F->E,20.332,-2.394,1.12841
82,F->G,81.114,-10.013,1.26267
82,F->H,199.444,-30.214,1.06166
82,G->A,93.945,8.248,0.88657
82,G->B,11.183,-4.648,1.08646
82,G->C,35.592,-2.419,1.02818
82,G->D,53.198,0.71,0.99528
82,G->E,136.8,19.935,1.17028
82,G->F,64.35,-1.085,1.02891
82,G->H,25.324,3.74,1.11896
82,H->A,70.023,-4.037,1.01058
82,H->B,80.496,-15.052,1.07242
82,H->C,55.294,-0.385,1.10206
82,H->D,39.869,-4.857,0.73703
82,H->E,208.302,2.499,0.94746
82,H->F,112.77,4.735,0.93998
82,H->G,117.324,-11.007,0.98123
83,A->B,107.26,0.222,1.18319
83,A->C,24.643,2.751,0.82582
83,A->D,4.448,1.74,1.15133
83,A->E,46.34,0.404,1.1899
83,A->F,59.573,-1.22,0.67654
83,A->G,32.834,-4.173,0.8166
83,A->H,67.487,-10.987,0.94039
83,B->A,18.389,1.497,0.95662
83,B->C,17.745,0.487,1.03393
83,B->D,,-4.05,0.89213
83,B->E,102.402,2.41,1.07436
83,B->F,57.494,-3.354,1.04204
83,B->G,,7.011,1.03034
83,B->H,38.421,4.2,1.11124
83,C->A,12.262,-3.398,1.06121
83,C->B,31.35,0.756,0.8641
83,C->D,47.399,-6.889,1.10619
83,C->E,62.021,-0.172,0.8721
83,C->F,25.704,-0.382,1.056
83,C->G,7.617,-0.997,0.92799
83,C->H,21.903,-0.29,1.06118
83,D->A,,6.047,0.92644
83,D->B,38.753,3.977,1.19397
83,D->C,34.111,0.11,0.97229
83,D->E,25.517,2.705,0.92623
83,D->F,20.479,-0.856,0.9601
83,D->G,64.203,-0.922,1.05963
83,D->H,52.625,-6.048,1.06046
83,E->A,36.12,3.644,1.00907
83,E->B,43.299,-1.476,0.9643
83,E->C,43.938,5.88,1.30005
83,E->D,90.623,4.209,0.96568
83,E->F,26.055,2.06,0.91707
83,E->G,43.702,-4.87,0.92206
83,E->H,66.171,11.336,1.03112
83,F->A,95.202,10.891,1.1658
83,F->B,22.948,-3.689,0.98831
83,F->C,28.573,-4.384,0.8609
83,F->D,58.702,1.712,0.80015
83,F->E,17.107,-2.908,1.12927
83,F->G,50.385,-3.353,1.26569
83,F->H,112.998,25.637,1.05987
83,G->A,45.453,-0.675,0.88952
83,G->B,5.669,-2.721,1.08149
83,G->C,29.808,4.284,1.01827
83,G->D,27.627,-2.44,1.00038
83,G->E,67.928,-10.491,1.17283
83,G->F,25.31,0.106,1.02574
83,G->H,13.292,1.684,1.1232
83,H->A,45.316,1.19,1.00989
83,H->B,38.064,-3.665,1.06086
83,H->C,27.977,-1.519,1.10359
83,H->D,24.993,0.23,0.74064
83,H->E,113.538,-3.597,0.95666
83,H->F,,-0.268,0.94335
83,H->G,65.445,6.035,0.98451
84,A->B,21.402,0.515,1.18953
84,A->C,20.855,1.441,0.82603
84,A->D,9.358,-0.302,1.15304
84,A->E,33.1,-5.222,1.18828
84,A->F,41.798,5.07,0.67325
84,A->G,28.12,-1.547,0.81937
84,A->H,49.841,0.563,0.94958
84,B->A,5.177,0.761,0.95534
84,B->C,52.789,1.221,1.03491
84,B->D,36.545,1.565,0.89651
84,B->E,,1.096,1.06947
84,B->F,53.259,9.002,1.03725
84,B->G,43.664,-3.193,1.03025
84,B->H,20.816,-1.34,1.11006
84,C->A,14.309,2.551,1.05615
84,C->B,28.957,2.614,0.87196
84,C->D,33.144,1.044,1.10304
84,C->E,39.66,8.674,0.8762
84,C->F,31.736,-4.616,1.05835
84,C->G,12.394,-1.696,0.92436
84,C->H,9.461,-3.927,1.06183
84,D->A,41.469,5.568,0.92653
84,D->B,30.708,8.17,1.20261
84,D->C,27.187,-3.247,0.97367
84,D->E,12.163,-0.537,0.92851
84,D->F,17.79,2.422,0.95131
84,D->G,51.149,-1.306,1.06266
84,D->H,37.397,-2.968,1.0559
84,E->A,16.496,0.468,1.01479
84,E->B,40.862,3.551,0.96517
84,E->C,49.772,0.892,1.30752
84,E->D,78.632,-7.29,0.96107
84,E->F,6.927,-0.09,0.9231
84,E->G,31.428,-1.339,0.92138
84,E->H,43.434,-7.171,1.03594
84,F->A,71.515,0.712,1.16753
84,F->B,15.386,-0.117,0.98325
84,F->C,22.669,-1.018,0.87383
84,F->D,44.613,-8.28,0.7995
84,F->E,15.65,-2.795,1.12812
84,F->G,41.135,1.125,1.26913
84,F->H,89.321,-3.649,1.06754
84,G->A,37.113,2.944,0.89525
84,G->B,5.99,-2.007,1.0769
84,G->C,12.191,4.678,1.02028
84,G->D,24.842,1.414,1.00065
84,G->E,58.547,0.223,1.1705
84,G->F,33.529,3.349,1.03605
84,G->H,11.528,2.095,1.11787
84,H->A,35.933,1.976,1.00963
84,H->B,28.71,-5.297,1.06703
84,H->C,28.55,0.857,1.10309
84,H->D,19.41,-2.436,0.73617
84,H->E,95.189,18.651,0.96578
84,H->F,51.633,-4.087,0.94377
84,H->G,43.459,-0.669,0.97326
85,A->B,57.151,-7.101,1.18912
85,A->C,35.159,-0.554,0.8246
85,A->D,21.445,-1.098,1.14944
85,A->E,79.859,6.623,1.18531
85,A->F,106.003,0.401,0.67203
85,A->G,,-2.283,0.82363
85,A->H,125.964,3.891,0.9511
85,B->A,28.997,-2.294,0.95299
85,B->C,37.803,11.978,1.0341
85,B->D,,6.451,0.89672
85,B->E,51.333,-7.897,1.07112
85,B->F,103.193,1.471,1.03729
85,B->G,104.963,0.102,1.0343
85,B->H,68.089,-3.693,1.09775
85,C->A,26.456,-4.016,1.05633
85,C->B,44.042,2.915,0.87054
85,C->D,101.632,-2.065,1.10048
85,C->E,110.019,8.402,0.87722
85,C->F,65.281,-0.741,1.05642
85,C->G,9.752,-4.257,0.92844
85,C->H,38.66,-3.517,1.05001
85,D->A,87.422,6.314,0.92517
85,D->B,55.753,6.839,1.20466
85,D->C,58.036,-1.452,0.97789
85,D->E,31.815,-0.046,0.93481
85,D->F,48.577,2.375,0.94569
85,D->G,103.87,-11.181,1.06449
85,D->H,93.459,-1.762,1.05968
85,E->A,43.58,-0.376,1.02345
85,E->B,69.24,-7.53,0.96584
85,E->C,81.437,-10.339,1.30278
85,E->D,172.885,-1.214,0.96319
85,E->F,42.745,-2.565,0.92149
85,E->G,75.275,16.515,0.92397
85,E->H,113.13,7.909,1.04129
85,F->A,149.161,6.232,1.17656
85,F->B,45.749,2.454,0.99441
85,F->C,60.703,-7.373,0.87689
85,F->D,109.875,-1.899,0.80391
85,F->E,13.875,-1.086,1.13492
85,F->G,91.513,4.756,1.26721
85,F->H,202.756,2.945,1.06296
85,G->A,87.742,6.39,0.89785
85,G->B,14.665,-5.447,1.0798
85,G->C,44.076,-2.836,1.02203
85,G->D,47.294,-5.578,0.99646
85,G->E,130.907,-6.698,1.16697
85,G->F,59.998,3.049,1.03585
85,G->H,18.648,0.782,1.11448
85,H->A,76.571,17.926,1.00677
85,H->B,83.118,3.076,1.0652
85,H->C,43.505,-2.913,1.10791
85,H->D,33.661,0.231,0.73581
85,H->E,217.886,8.158,0.96696
85,H->F,122.089,3.743,0.94211
85,H->G,108.511,-0.207,0.97479
86,A->B,185.32,8.313,1.18712
86,A->C,42.932,-1.658,0.82269
86,A->D,23.836,-2.312,1.15435
86,A->E,84.529,6.465,1.18268
86,A->F,121.588,-14.009,0.67263
86,A->G,62.091,16.062,0.82239
86,A->H,125.919,-3.911,0.95155
86,B->A,26.364,0.095,0.95165
86,B->C,46.025,2.815,1.03944
86,B->D,82.137,1.273,0.89709
86,B->E,57.218,7.469,1.06803
86,B->F,110.12,7.198,1.03578
86,B->G,98.212,18.072,1.02906
86,B->H,64.292,2.695,1.09705
86,C->A,34.006,-4.266,1.05143
86,C->B,57.507,11.365,0.87291
86,C->D,109.925,-9.006,1.09744
86,C->E,114.159,-11.086,0.8763
86,C->F,55.052,-5.291,1.05755
86,C->G,22.186,-5.676,0.92356
86,C->H,32.02,-7.048,1.05211
86,D->A,97.361,16.456,0.9316
86,D->B,56.897,-0.004,1.21241
86,D->C,57.603,9.22,0.97677
86,D->E,48.133,-5.785,0.93131
86,D->F,36.114,0.693,0.93781
86,D->G,129.713,-26.913,1.05746
86,D->H,102.429,0.595,1.05321
86,E->A,51.035,0.819,1.0215
86,E->B,86.302,-8.384,0.96451
86,E->C,83.035,8.52,1.29901
86,E->D,172.615,12.235,0.96804
86,E->F,48.229,1.102,0.92243
86,E->G,91.469,2.425,0.91428
86,E->H,125.497,0.293,1.04621
86,F->A,164.66,-22.458,1.18311
86,F->B,52.034,-8.0,0.99613
86,F->C,60.715,4.164,0.87276
86,F->D,99.838,3.299,0.80224
86,F->E,24.046,-6.739,1.12566
86,F->G,89.372,5.869,1.26447
86,F->H,212.033,0.829,1.0606
86,G->A,104.868,19.208,0.89537
86,G->B,12.805,-4.605,1.07442
86,G->C,26.415,-0.339,1.01721
86,G->D,56.247,-3.418,0.99082
86,G->E,128.869,17.985,1.16504
86,G->F,64.178,-9.685,1.04115
86,G->H,21.97,2.854,1.1126
86,H->A,75.504,7.746,1.02102
86,H->B,81.456,-3.863,1.07204
86,H->C,43.329,-10.706,1.11956
86,H->D,40.539,-4.906,0.73477
86,H->E,222.102,25.953,0.96921
86,H->F,126.118,-10.054,0.93866
86,H->G,127.969,-5.808,0.98092
87,A->B,58.162,-5.326,1.18181
87,A->C,39.282,-3.499,0.81663
87,A->D,26.478,-1.226,1.15788
87,A->E,92.588,-3.132,1.17309
87,A->F,124.919,-1.851,0.6717
87,A->G,70.986,-8.472,0.82306
87,A->H,125.428,-9.359,0.94673
87,B->A,38.015,3.928,0.95337
87,B->C,45.549,6.088,1.03132
87,B->D,73.616,2.272,0.89603
87,B->E,62.321,0.823,1.08287
87,B->F,106.718,12.675,1.03695
87,B->G,112.59,7.335,1.02503
87,B->H,65.451,-8.888,1.09988
87,C->A,30.37,-2.441,1.04857
87,C->B,65.177,21.009,0.87311
87,C->D,111.736,-6.98,1.09734
87,C->E,110.335,-4.614,0.87898
87,C->F,60.374,-0.066,1.05849
87,C->G,18.598,-5.31,0.92785
87,C->H,23.461,-4.992,1.05393
87,D->A,95.42,-8.41,0.93528
87,D->B,66.174,7.353,1.20975
87,D->C,62.96,-14.86,0.98239
87,D->E,32.332,-2.633,0.92724
87,D->F,39.032,3.277,0.94129
87,D->G,124.941,-9.792,1.05615
87,D->H,110.053,2.803,1.03889
87,E->A,55.979,0.077,1.02119
87,E->B,76.134,-6.449,0.97244
87,E->C,106.463,-4.522,1.29125
87,E->D,192.277,41.692,0.96786
87,E->F,26.892,1.053,0.91713
87,E->G,,7.476,0.91598
87,E->H,135.552,-8.415,1.05467
87,F->A,174.67,1.423,1.17931
87,F->B,54.524,-10.248,0.99153
87,F->C,66.668,-5.516,0.8767
87,F->D,349.545,6.66,0.79662
87,F->E,29.07,-0.644,1.12603
87,F->G,93.241,-6.08,1.25931
87,F->H,219.584,24.304,1.05894
87,G->A,102.01,15.16,0.90627
87,G->B,18.861,-3.054,1.07421
87,G->C,44.855,5.626,1.01855
87,G->D,49.108,2.825,0.98524
87,G->E,134.835,4.607,1.17212
87,G->F,70.838,-2.456,1.04151
87,G->H,25.036,5.514,1.11442
87,H->A,74.113,6.911,1.01885
87,H->B,80.903,3.619,1.06373
87,H->C,61.056,-4.763,1.11682
87,H->D,41.79,-1.621,0.73664
87,H->E,232.742,29.291,0.96478
87,H->F,,-14.337,0.94286
87,H->G,139.748,-14.663,0.9922
88,A->B,199.643,0.589,1.18885
88,A->C,44.44,4.452,0.81978
88,A->D,23.903,-6.856,1.16626
88,A->E,84.833,1.925,1.16663
88,A->F,118.405,-18.089,0.66875
88,A->G,58.255,-3.698,0.82422
88,A->H,125.472,-20.097,0.94775
88,B->A,34.399,0.048,0.95774
88,B->C,42.801,9.896,1.03331
88,B->D,81.865,-0.175,0.89764
88,B->E,57.355,-0.451,1.07925
88,B->F,109.258,0.03,1.04556
88,B->G,103.496,2.771,1.0278
88,B->H,,-0.648,1.09544
88,C->A,29.315,-3.112,1.04971
88,C->B,52.752,0.39,0.87544
88,C->D,96.245,-8.741,1.09662
88,C->E,104.831,13.144,0.87565
88,C->F,68.135,-5.953,1.06015
88,C->G,22.906,-1.503,0.93119
88,C->H,32.378,-6.315,1.05501
88,D->A,98.759,14.958,0.93935
88,D->B,69.639,10.691,1.20998
88,D->C,59.696,-13.881,0.98994
88,D->E,44.801,-1.343,0.92632
88,D->F,39.796,5.321,0.94167
88,D->G,127.644,1.193,1.05494
88,D->H,102.047,-0.675,1.0494
88,E->A,54.156,-3.261,1.01676
88,E->B,80.666,-2.995,0.97914
88,E->C,74.972,10.55,1.29063
88,E->D,538.48,-2.813,0.96985
88,E->F,46.093,-4.963,0.91681
88,E->G,258.435,0.178,0.92302
88,E->H,124.654,-3.224,1.05759
88,F->A,160.828,-27.815,1.18144
88,F->B,53.366,-4.393,0.98422
88,F->C,60.192,-7.939,0.87524
88,F->D,99.906,1.075,0.79292
88,F->E,24.908,-2.526,1.13246
88,F->G,98.781,4.588,1.26287
88,F->H,222.413,-3.718,1.05944
88,G->A,91.706,4.406,0.90472
88,G->B,12.871,-5.849,1.07522
88,G->C,42.755,0.904,1.01017
88,G->D,52.07,-11.192,0.97913
88,G->E,139.988,0.662,1.16672
88,G->F,72.439,4.874,1.05045
88,G->H,13.227,2.3,1.12264
88,H->A,80.817,-0.498,1.02123
88,H->B,86.257,-15.133,1.06691
88,H->C,50.294,0.946,1.11514
88,H->D,39.68,-1.438,0.73772
88,H->E,222.482,28.668,0.96795
88,H->F,124.729,-21.784,0.94399
88,H->G,129.374,-2.642,0.98924
89,A->B,67.532,-5.778,1.18617
89,A->C,39.523,-2.351,0.81125
89,A->D,23.141,-3.474,1.16279
89,A->E,85.754,13.931,1.177
89,A->F,104.541,18.488,0.66553
89,A->G,57.463,-15.534,0.81834
89,A->H,123.018,-4.093,0.95049
89,B->A,34.285,1.89,0.95622
89,B->C,32.572,6.633,1.03372
89,B->D,80.002,2.063,0.8983
89,B->E,51.725,-6.315,1.08289
89,B->F,102.984,-19.241,1.05334
89,B->G,105.324,5.679,1.0293
89,B->H,69.326,-4.138,1.09014
89,C->A,28.444,0.007,1.05534
89,C->B,60.708,5.264,0.87345
89,C->D,108.659,-3.717,1.09927
89,C->E,104.848,12.194,0.87873
89,C->F,54.978,-4.625,1.05578
89,C->G,21.726,-5.09,0.93791
89,C->H,,-5.055,1.06161
89,D->A,95.1,2.311,0.94115
89,D->B,54.678,7.647,1.21776
89,D->C,60.259,-2.976,0.98962
89,D->E,40.38,0.401,0.9209
89,D->F,36.877,9.136,0.94453
89,D->G,114.425,-26.961,1.05733
89,D->H,96.705,-7.234,1.05245
89,E->A,40.759,8.589,1.01435
89,E->B,85.408,-8.546,0.9704
89,E->C,87.321,9.679,1.29587
89,E->D,169.942,-12.562,0.97072
89,E->F,33.334,-0.915,0.91361
89,E->G,89.235,-3.941,0.92536
89,E->H,121.751,1.248,1.05475
89,F->A,147.538,-27.426,1.17193
89,F->B,37.467,-10.422,0.98465
89,F->C,59.514,-1.574,0.88672
89,F->D,104.982,-7.088,0.79669
89,F->E,24.104,-1.951,1.12918
89,F->G,92.682,2.829,1.26299
89,F->H,195.538,-3.558,1.06217
89,G->A,96.268,16.138,0.90432
89,G->B,12.437,-4.108,1.08442
89,G->C,39.816,-3.68,1.01214
89,G->D,36.338,10.309,0.98118
89,G->E,129.747,9.704,1.15988
89,G->F,65.464,12.744,1.04961
89,G->H,25.846,0.291,1.12796
89,H->A,213.866,10.296,1.02286
89,H->B,77.535,7.118,1.06931
89,H->C,159.164,-7.494,1.11949
89,H->D,39.741,-7.177,0.73838
89,H->E,213.105,19.389,0.96606
89,H->F,117.499,2.334,0.94478
89,H->G,116.647,-27.954,0.98872
90,A->B,22.663,0.696,1.19882
90,A->C,68.972,1.051,0.8096
90,A->D,1.757,-0.236,1.16051
90,A->E,51.198,1.898,1.17511
90,A->F,71.953,-8.716,0.66915
90,A->G,35.141,-2.191,0.82252
90,A->H,71.939,-1.697,0.94848
90,B->A,11.764,-0.255,0.9516
90,B->C,14.969,0.46,1.03077
90,B->D,42.707,1.899,0.90033
90,B->E,24.731,1.472,1.08404
90,B->F,54.888,-1.184,1.05422
90,B->G,51.6,9.507,1.03804
90,B->H,35.684,2.249,1.08792
90,C->A,17.15,-3.257,1.05803
90,C->B,31.113,2.212,0.87069
90,C->D,50.753,0.884,1.09621
90,C->E,54.69,2.801,0.87767
90,C->F,23.534,1.847,1.06525
90,C->G,9.907,-2.235,0.93782
90,C->H,10.956,-0.98,1.05566
90,D->A,44.876,6.06,0.94165
90,D->B,25.114,1.704,1.21665
90,D->C,34.23,-3.17,0.98643
90,D->E,22.788,-0.014,0.91713
90,D->F,30.728,4.853,0.95348
90,D->G,63.94,3.178,1.04757
90,D->H,53.305,-0.435,1.04838
90,E->A,24.96,-2.271,1.01359
90,E->B,41.589,-1.655,0.97901
90,E->C,42.975,-5.43,1.29544
90,E->D,86.479,-5.109,0.9654
90,E->F,19.156,1.694,0.91095
90,E->G,46.978,2.875,0.91983
90,E->H,65.434,2.2,1.05095
90,F->A,83.839,-8.837,1.16814
90,F->B,32.158,0.046,0.97931
90,F->C,19.157,-1.123,0.88476
90,F->D,60.377,-2.132,0.79095
90,F->E,12.816,-0.951,1.13399
90,F->G,42.338,5.404,1.26395
90,F->H,115.527,-20.498,1.05779
90,G->A,55.025,-0.812,0.90445
90,G->B,14.303,-2.561,1.08323
90,G->C,28.298,-4.437,1.01013
90,G->D,20.565,-4.402,0.9867
90,G->E,74.237,6.409,1.15746
90,G->F,41.583,1.555,1.04808
90,G->H,11.755,0.66,1.13897
90,H->A,36.126,0.086,1.01352
90,H->B,120.598,4.914,1.06751
90,H->C,31.384,0.201,1.11923
90,H->D,14.658,-1.894,0.741
90,H->E,123.52,7.569,0.9684
90,H->F,62.879,-0.19,0.94878
90,H->G,71.263,-13.247,0.98713
91,A->B,37.127,-4.274,1.19392
91,A->C,19.024,2.548,0.81225
91,A->D,30.408,-0.376,1.16063
91,A->E,35.607,-1.527,1.17948
91,A->F,44.981,-3.03,0.66847
91,A->G,22.163,6.587,0.81247
91,A->H,52.163,1.001,0.94919
91,B->A,16.012,0.864,0.9525
91,B->C,19.325,3.66,1.02816
91,B->D,26.076,-2.318,0.89702
91,B->E,25.088,3.301,1.08475
91,B->F,45.01,-6.218,1.05582
91,B->G,43.107,0.089,1.03478
91,B->H,21.913,-3.88,1.08827
91,C->A,21.583,-1.557,1.06254
91,C->B,32.393,2.833,0.87796
91,C->D,38.724,0.782,1.09769
91,C->E,45.462,3.914,0.87697
91,C->F,21.957,-3.177,1.06081
91,C->G,5.883,0.217,0.93192
91,C->H,9.433,-1.266,1.05327
91,D->A,30.404,1.416,0.94254
91,D->B,39.002,4.487,1.20234
91,D->C,20.353,1.164,0.98419
91,D->E,21.601,-4.072,0.92194
91,D->F,10.105,3.103,0.95116
91,D->G,48.156,-9.369,1.04906
91,D->H,40.291,-2.878,1.05014
91,E->A,23.547,1.312,1.01148
91,E->B,38.187,4.161,0.9757
91,E->C,34.057,2.022,1.29831
91,E->D,77.668,15.543,0.96515
91,E->F,18.545,1.283,0.91189
91,E->G,46.991,2.18,0.92819
91,E->H,54.799,0.85,1.05539
91,F->A,78.279,6.817,1.16796
91,F->B,25.112,-1.405,0.98097
91,F->C,27.805,2.048,0.88787
91,F->D,41.267,-7.8,0.79128
91,F->E,20.746,-1.977,1.13417
91,F->G,33.439,-7.379,1.25656
91,F->H,88.695,3.246,1.04963
91,G->A,46.393,3.503,0.90421
91,G->B,14.159,-1.791,1.08265
91,G->C,20.102,-0.423,1.00804
91,G->D,24.304,-1.757,0.97735
91,G->E,59.535,3.886,1.16214
91,G->F,33.268,2.124,1.05072
91,G->H,16.153,0.531,1.1517
91,H->A,,4.696,1.01203
91,H->B,32.312,2.607,1.06609
91,H->C,22.0,1.969,1.12312
91,H->D,25.313,0.159,0.73856
91,H->E,99.669,-3.532,0.96977
91,H->F,45.139,-3.043,0.94559
91,H->G,64.579,-6.426,0.98317
92,A->B,60.7,-2.659,1.19214
92,A->C,30.639,-5.375,0.80682
92,A->D,27.907,-5.507,1.16424
92,A->E,87.144,15.114,1.18423
92,A->F,106.236,-10.229,0.67054
92,A->G,54.669,-12.657,0.81347
92,A->H,124.923,0.72,0.94961
92,B->A,27.221,5.599,0.94739
92,B->C,39.4,9.65,1.03603
92,B->D,74.62,-0.725,0.90787
92,B->E,55.251,0.364,1.08701
92,B->F,104.494,12.639,1.05925
92,B->G,100.126,10.026,1.0368
92,B->H,58.494,-5.871,1.08121
92,C->A,,0.108,1.06609
92,C->B,58.572,8.124,0.88045
92,C->D,96.698,10.357,1.10342
92,C->E,102.556,4.847,0.87694
92,C->F,164.402,11.997,1.06907
92,C->G,15.038,-6.307,0.9299
92,C->H,31.394,-4.177,1.05651
92,D->A,92.427,-7.374,0.94482
92,D->B,55.033,3.353,1.20087
92,D->C,44.361,2.243,0.9889
92,D->E,46.842,-6.546,0.92256
92,D->F,37.518,3.075,0.95618
92,D->G,117.108,-23.728,1.05655
92,D->H,98.707,-1.074,1.05542
92,E->A,50.902,-3.435,1.01072
92,E->B,72.417,-7.976,0.97645
92,E->C,72.712,5.406,1.29544
92,E->D,165.643,-1.75,0.96302
92,E->F,30.384,3.741,0.91696
92,E->G,79.278,-1.057,0.93234
92,E->H,119.815,14.732,1.06101
92,F->A,162.365,3.947,1.16578
92,F->B,45.151,-1.337,0.97898
92,F->C,52.615,-4.325,0.89063
92,F->D,106.365,-9.407,0.79121
92,F->E,32.471,-4.159,1.1399
92,F->G,82.945,-10.007,1.25515
92,F->H,201.326,3.665,1.04276
92,G->A,100.229,20.665,0.90441
92,G->B,11.913,-6.622,1.0871
92,G->C,39.66,-0.793,1.0081
92,G->D,42.292,-2.326,0.97306
92,G->E,129.573,12.709,1.16987
92,G->F,68.309,5.062,1.05045
92,G->H,25.929,3.621,1.15289
92,H->A,62.284,2.511,1.01232
92,H->B,81.148,-12.13,1.07187
92,H->C,,3.359,1.1173
92,H->D,47.554,2.743,0.73177
92,H->E,221.307,-14.721,0.97214
92,H->F,119.947,-14.832,0.95687
92,H->G,125.741,12.292,0.98158
93,A->B,59.12,1.442,1.19172
93,A->C,46.773,-1.889,0.80384
93,A->D,22.892,-3.792,1.16798
93,A->E,89.96,-8.004,1.19046
93,A->F,107.33,-0.224,0.67299
93,A->G,65.564,-9.311,0.81006
93,A->H,118.89,11.656,0.94054
93,B->A,29.904,0.69,0.94336
93,B->C,45.65,11.948,1.03669
93,B->D,91.794,13.632,0.91191
93,B->E,64.656,-4.001,1.08717
93,B->F,117.344,12.806,1.05997
93,B->G,100.389,2.336,1.03697
93,B->H,60.636,-0.152,1.07741
93,C->A,21.744,4.474,1.06159
93,C->B,59.352,3.533,0.88487
93,C->D,102.509,-2.397,1.09282
93,C->E,102.902,7.983,0.87588
93,C->F,58.795,4.63,1.06811
93,C->G,19.99,-4.885,0.93424
93,C->H,31.389,-1.852,1.06343
93,D->A,90.241,-16.113,0.95349
93,D->B,53.943,-1.708,1.19659
93,D->C,59.268,-5.155,0.99468
93,D->E,43.958,-2.312,0.921
93,D->F,35.575,7.038,0.9682
93,D->G,122.486,2.07,1.04808
93,D->H,110.689,-9.435,1.05559
93,E->A,52.171,3.399,1.00554
93,E->B,77.197,-22.47,0.97571
93,E->C,84.936,-0.462,1.29985
93,E->D,180.598,27.916,0.9609
93,E->F,20.915,3.976,0.91944
93,E->G,88.166,2.584,0.93131
93,E->H,113.519,-14.573,1.06015
93,F->A,165.762,0.066,1.16396
93,F->B,43.053,-11.162,0.97283
93,F->C,57.24,-3.408,0.89143
93,F->D,107.449,2.825,0.79314
93,F->E,24.959,-7.989,1.14034
93,F->G,85.597,7.907,1.2523
93,F->H,214.935,-0.313,1.04454
93,G->A,88.693,11.494,0.90666
93,G->B,22.536,-3.317,1.08415
93,G->C,51.149,-8.892,1.01359
93,G->D,53.566,2.992,0.97136
93,G->E,134.64,14.872,1.16105
93,G->F,73.619,13.789,1.04619
93,G->H,14.903,0.591,1.15525
93,H->A,72.176,6.86,1.0171
93,H->B,83.082,-1.443,1.07075
93,H->C,53.34,-8.681,1.12212
93,H->D,,-2.42,0.72948
93,H->E,224.407,-32.339,0.96855
93,H->F,115.361,3.862,0.95793
93,H->G,125.183,-1.916,0.98713
94,A->B,66.458,-15.348,1.19237
94,A->C,35.791,-5.013,0.80442
94,A->D,25.793,-5.267,1.16876
94,A->E,89.443,-4.05,1.18311
94,A->F,116.519,-6.933,0.67047
94,A->G,70.654,-6.843,0.80977
94,A->H,126.423,9.157,0.94572
94,B->A,30.645,0.79,0.95058
94,B->C,45.249,4.862,1.0386
94,B->D,84.316,-8.553,0.91065
94,B->E,53.795,-2.094,1.08844
94,B->F,108.761,0.383,1.06299
94,B->G,113.502,3.676,1.03797
94,B->H,66.481,2.793,1.07123
94,C->A,39.694,-1.354,1.06119
94,C->B,56.538,-3.038,0.88322
94,C->D,99.362,-4.411,1.09387
94,C->E,125.545,9.601,0.87499
94,C->F,52.57,6.628,1.06923
94,C->G,29.007,-2.903,0.9341
94,C->H,26.898,-6.135,1.06519
94,D->A,102.895,14.434,0.9586
94,D->B,67.925,6.719,1.18398
94,D->C,58.253,-7.699,1.00712
94,D->E,39.089,-1.385,0.9235
94,D->F,43.567,2.705,0.97328
94,D->G,132.323,0.946,1.04559
94,D->H,109.432,4.117,1.05446
94,E->A,56.093,2.599,0.99052
94,E->B,87.175,12.819,0.97448
94,E->C,94.753,0.935,1.2965
94,E->D,189.475,14.965,0.96282
94,E->F,40.097,3.223,0.9254
94,E->G,88.138,-5.857,0.9271
94,E->H,125.15,9.539,1.06055
94,F->A,180.819,11.308,1.16388
94,F->B,54.843,-7.545,0.97376
94,F->C,65.75,-5.448,0.886
94,F->D,118.14,-1.521,0.79185
94,F->E,29.662,2.765,1.13511
94,F->G,98.476,-14.703,1.25422
94,F->H,228.398,-10.676,1.03389
94,G->A,99.865,-0.895,0.9085
94,G->B,20.384,-1.809,1.09179
94,G->C,44.505,-2.055,1.01802
94,G->D,48.894,5.613,0.96979
94,G->E,140.903,18.033,1.15742
94,G->F,76.9,9.14,1.04221
94,G->H,29.431,1.784,1.15846
94,H->A,71.764,-0.362,1.01453
94,H->B,88.28,0.499,1.07076
94,H->C,53.206,-3.372,1.11533
94,H->D,46.848,-0.827,0.72786
94,H->E,228.74,-13.972,0.96873
94,H->F,128.473,3.933,0.95849
94,H->G,136.005,-27.739,0.98382
95,A->B,76.135,-3.297,1.18723
95,A->C,50.394,-4.563,0.80386
95,A->D,24.626,-3.229,1.17217
95,A->E,91.12,9.916,1.17873
95,A->F,119.266,16.557,0.67043
95,A->G,66.942,2.033,0.81528
95,A->H,129.367,-12.493,0.95073
95,B->A,33.904,-1.782,0.94265
95,B->C,48.067,6.188,1.04265
95,B->D,79.023,2.208,0.91001
95,B->E,55.17,-2.377,1.09745
95,B->F,116.03,7.342,1.07351
95,B->G,,8.53,1.04151
95,B->H,54.764,1.883,1.06333
95,C->A,37.241,2.401,1.06161
95,C->B,59.008,3.171,0.88167
95,C->D,104.151,7.79,1.09261
95,C->E,112.32,-5.677,0.8738
95,C->F,60.584,-2.023,1.05746
95,C->G,23.172,-2.084,0.93519
95,C->H,33.326,-5.28,1.0546
95,D->A,104.305,26.724,0.96231
95,D->B,55.745,-4.122,1.18116
95,D->C,63.386,2.882,1.00835
95,D->E,38.504,5.595,0.92877
95,D->F,41.828,-1.669,0.9729
95,D->G,122.791,-20.559,1.03933
95,D->H,94.641,-15.212,1.05121
95,E->A,55.314,6.299,0.99594
95,E->B,83.842,-6.435,0.9779
95,E->C,86.233,-1.763,1.29309
95,E->D,178.857,2.387,0.96742
95,E->F,34.953,-3.391,0.92399
95,E->G,94.668,7.386,0.9306
95,E->H,121.748,34.338,1.0651
95,F->A,161.062,-8.631,1.15801
95,F->B,50.803,-8.63,0.96588
95,F->C,56.077,-8.023,0.88211
95,F->D,102.589,-9.057,0.78496
95,F->E,30.077,-9.76,1.13824
95,F->G,92.581,2.759,1.25359
95,F->H,209.942,11.749,1.03947
95,G->A,103.318,-6.819,0.91664
95,G->B,20.624,-5.551,1.09243
95,G->C,53.542,6.977,1.01847
95,G->D,36.903,4.09,0.9678
95,G->E,136.5,-7.578,1.15854
95,G->F,66.974,8.942,1.05015
95,G->H,27.47,6.523,1.1581
95,H->A,71.065,-2.452,1.00345
95,H->B,87.498,17.576,1.0666
95,H->C,59.606,-9.024,1.11459
95,H->D,32.404,-0.965,0.72196
95,H->E,226.437,14.006,0.96931
95,H->F,,8.022,0.9595
95,H->G,126.93,-0.988,0.98134
96,A->B,58.551,0.353,1.18272
96,A->C,45.474,4.712,0.80396
96,A->D,24.631,-3.548,1.16564
96,A->E,72.93,-9.652,1.18072
96,A->F,110.366,9.99,0.66765
96,A->G,55.363,2.567,0.80851
96,A->H,,-6.029,0.95469
96,B->A,21.787,-3.019,0.94411
96,B->C,45.184,1.47,1.04061
96,B->D,80.222,-13.782,0.91435
96,B->E,51.032,4.408,1.10828
96,B->F,108.462,5.171,1.0684
96,B->G,101.957,-5.834,1.04359
96,B->H,65.33,-7.544,1.05608
96,C->A,37.386,-3.895,1.06188
96,C->B,45.019,18.866,0.88261
96,C->D,98.815,11.017,1.09769
96,C->E,109.275,-12.524,0.87913
96,C->F,52.384,-2.137,1.05324
96,C->G,24.41,-5.247,0.93411
96,C->H,23.778,-2.496,1.05317
96,D->A,95.301,1.624,0.95852
96,D->B,64.66,6.05,1.17308
96,D->C,63.569,3.913,1.00804
96,D->E,,0.754,0.93202
96,D->F,41.56,10.732,0.97829
96,D->G,112.526,-13.98,1.04653
96,D->H,90.255,15.178,1.05083
96,E->A,47.88,0.395,0.99248
96,E->B,73.498,-10.832,0.97687
96,E->C,83.091,11.784,1.28394
96,E->D,171.573,21.282,0.97512
96,E->F,32.226,-0.969,0.93276
96,E->G,78.064,-5.007,0.93072
96,E->H,109.662,-0.563,1.07338
96,F->A,142.577,-10.714,1.147
96,F->B,42.802,-5.347,0.9717
96,F->C,45.88,-5.275,0.88549
96,F->D,102.199,22.479,0.78655
96,F->E,30.014,-4.18,1.14277
96,F->G,84.257,-5.366,1.25569
96,F->H,199.891,-7.49,1.03578
96,G->A,90.898,22.248,0.91339
96,G->B,6.344,-3.597,1.07764
96,G->C,45.193,3.298,1.02419
96,G->D,47.011,-1.954,0.96242
96,G->E,127.833,-24.021,1.15116
96,G->F,64.596,5.678,1.03616
96,G->H,14.928,0.87,1.1642
96,H->A,72.355,-1.413,1.00852
96,H->B,90.796,7.49,1.05765
96,H->C,47.967,-1.935,1.12147
96,H->D,41.486,-0.639,0.71911
96,H->E,213.069,32.74,0.96746
96,H->F,116.469,-20.734,0.96972
96,H->G,128.004,-4.18,0.97678
97,A->B,30.218,-1.295,1.18777
97,A->C,24.723,6.089,0.80398
97,A->D,21.166,-1.995,1.16721
97,A->E,42.155,1.876,1.19114
97,A->F,58.106,-5.704,0.67668
97,A->G,35.685,4.895,0.80751
97,A->H,69.731,0.665,0.96205
97,B->A,17.491,1.779,0.9466
97,B->C,19.576,3.428,1.03824
97,B->D,44.82,1.264,0.91177
97,B->E,29.963,-3.227,1.10884
97,B->F,68.894,-0.817,1.07616
97,B->G,46.75,3.286,1.03791
97,B->H,36.04,1.834,1.05594
97,C->A,20.698,-0.461,1.06464
97,C->B,20.437,-1.257,0.87811
97,C->D,53.098,2.092,1.09899
97,C->E,61.558,12.089,0.88286
97,C->F,32.012,2.777,1.05704
97,C->G,10.666,-3.18,0.92415
97,C->H,21.062,-1.23,1.0517
97,D->A,45.974,-7.77,0.95114
97,D->B,35.35,2.933,1.16493
97,D->C,36.191,1.882,1.01415
97,D->E,35.338,-4.998,0.9284
97,D->F,20.14,1.599,0.98912
97,D->G,73.07,3.485,1.05227
97,D->H,52.277,-9.467,1.05211
97,E->A,26.805,3.203,0.98801
97,E->B,37.987,1.513,0.9822
97,E->C,47.078,2.542,1.27863
97,E->D,98.015,19.89,0.97837
97,E->F,25.17,-3.379,0.92797
97,E->G,33.95,1.999,0.93437
97,E->H,68.775,-5.292,1.06721
97,F->A,86.394,3.097,1.14003
97,F->B,27.709,-4.769,0.97531
97,F->C,35.142,2.331,0.88735
97,F->D,55.824,-6.026,0.78941
97,F->E,22.086,0.288,1.14089
97,F->G,50.76,0.449,1.25635
97,F->H,115.462,-5.62,1.03802
97,G->A,59.378,4.702,0.9149
97,G->B,4.774,-3.504,1.07831
97,G->C,29.21,-3.436,1.0201
97,G->D,20.35,2.346,0.96987
97,G->E,73.34,1.876,1.1496
97,G->F,46.931,4.665,1.03759
97,G->H,15.952,0.886,1.16037
97,H->A,39.749,0.911,1.00684
97,H->B,52.954,-2.771,1.05253
97,H->C,34.867,-2.989,1.11552
97,H->D,25.859,-1.593,0.72054
97,H->E,117.144,16.999,0.96886
97,H->F,69.793,-10.688,0.96142
97,H->G,71.711,-9.402,0.97704
98,A->B,28.83,-3.999,1.19012
98,A->C,11.873,2.125,0.79871
98,A->D,7.222,0.396,1.17263
98,A->E,,-3.227,1.18982
98,A->F,48.159,-7.706,0.68167
98,A->G,33.813,2.729,0.80392
98,A->H,52.094,-2.81,0.95667
98,B->A,12.537,-1.593,0.95234
98,B->C,7.125,2.439,1.03453
98,B->D,37.714,0.302,0.91182
98,B->E,30.635,-1.441,1.11518
98,B->F,48.861,-1.634,1.07535
98,B->G,,-0.216,1.03746
98,B->H,19.554,0.721,1.05908
98,C->A,18.693,0.4,1.06624
98,C->B,18.313,1.304,0.87239
98,C->D,47.359,2.523,1.09586
98,C->E,48.047,-0.69,0.88614
98,C->F,24.063,3.539,1.05747
98,C->G,17.099,-2.115,0.91533
98,C->H,9.167,-2.342,1.04725
98,D->A,35.813,2.405,0.94767
98,D->B,25.251,2.762,1.17085
98,D->C,33.627,-1.554,1.02254
98,D->E,15.233,-0.155,0.92727
98,D->F,12.119,1.581,0.98752
98,D->G,51.774,5.233,1.05099
98,D->H,42.659,-1.135,1.05602
98,E->A,24.611,-1.251,0.98273
98,E->B,37.359,2.495,0.98673
98,E->C,39.438,-2.307,1.27761
98,E->D,78.405,10.874,0.9831
98,E->F,13.602,-0.331,0.92086
98,E->G,37.191,-1.21,0.93468
98,E->H,52.625,10.939,1.08171
98,F->A,75.552,-5.628,1.14488
98,F->B,18.75,-4.74,0.96568
98,F->C,29.029,0.822,0.87718
98,F->D,42.035,-9.283,0.78556
98,F->E,8.613,-0.782,1.15272
98,F->G,48.643,-7.571,1.24336
98,F->H,92.623,-10.851,1.03426
98,G->A,49.743,0.754,0.92304
98,G->B,7.065,-1.443,1.07969
98,G->C,13.639,1.444,1.01958
98,G->D,26.659,-1.783,0.96817
98,G->E,58.195,4.22,1.14631
98,G->F,28.81,0.623,1.04269
98,G->H,6.646,0.27,1.16057
98,H->A,31.784,3.748,1.00771
98,H->B,33.281,-1.295,1.05646
98,H->C,35.528,-3.364,1.1241
98,H->D,20.47,0.691,0.71999
98,H->E,97.173,-1.427,0.96979
98,H->F,59.179,5.252,0.96153
98,H->G,55.047,-9.653,0.97507
99,A->B,53.907,4.851,1.19244
99,A->C,35.808,-0.884,0.80093
99,A->D,18.026,-1.276,1.17262
99,A->E,78.807,6.452,1.19503
99,A->F,105.11,-8.497,0.67896
99,A->G,62.148,-6.523,0.8063
99,A->H,124.529,-12.065,0.95692
99,B->A,22.811,-2.351,0.95273
99,B->C,37.741,12.157,1.02866
99,B->D,79.412,4.633,0.91465
99,B->E,53.688,8.703,1.09976
99,B->F,114.344,-16.49,1.07309
99,B->G,94.621,12.27,1.04374
99,B->H,57.114,3.956,1.06521
99,C->A,25.551,0.722,1.07176
99,C->B,53.081,5.279,0.87433
99,C->D,90.455,-0.917,1.08665
99,C->E,124.004,16.068,0.88761
99,C->F,56.47,2.146,1.04714
99,C->G,29.394,-4.305,0.91183
99,C->H,27.824,-8.149,1.04643
99,D->A,96.283,-0.809,0.94662
99,D->B,70.569,7.109,1.16361
99,D->C,54.238,2.543,1.01689
99,D->E,36.22,1.344,0.9195
99,D->F,39.838,0.847,0.99779
99,D->G,122.089,0.0,1.05127
99,D->H,93.415,-1.457,1.0531
99,E->A,50.914,-5.878,0.98497
99,E->B,73.148,1.941,0.9947
99,E->C,79.972,-3.502,1.2815
99,E->D,173.503,-1.197,0.98467
99,E->F,30.348,0.785,0.92689
99,E->G,81.68,0.964,0.93262
99,E->H,128.692,-9.442,1.08523
99,F->A,155.207,6.536,1.15708
99,F->B,47.877,-7.51,0.96019
99,F->C,53.617,-18.744,0.8784
99,F->D,101.725,1.446,0.78396
99,F->E,23.73,-5.321,1.15346
99,F->G,97.743,3.406,1.24048
99,F->H,201.202,-2.337,1.02313
99,G->A,92.43,0.811,0.92328
99,G->B,8.633,-6.647,1.07693
99,G->C,41.991,4.091,1.02708
99,G->D,55.706,-0.667,0.9707
99,G->E,134.186,17.371,1.14592
99,G->F,71.42,-1.344,1.03396
99,G->H,15.273,4.412,1.16619
99,H->A,73.482,9.097,1.01032
99,H->B,,-9.269,1.05278
99,H->C,56.971,-9.75,1.11481
99,H->D,38.831,-5.702,0.72425
99,H->E,218.688,-22.001,0.98
99,H->F,117.26,6.068,0.96406
99,H->G,123.981,3.619,0.978
100,A->B,61.674,-8.249,1.19597
100,A->C,44.114,-0.124,0.80091
100,A->D,20.201,-2.455,1.17943
100,A->E,84.11,15.116,1.19319
100,A->F,116.611,-5.882,0.67644
100,A->G,68.248,-13.276,0.81344
100,A->H,121.153,-24.534,0.95066
100,B->A,,-0.181,0.95808
100,B->C,56.791,5.433,1.02509
100,B->D,85.342,1.869,0.92145
100,B->E,55.289,2.1,1.09619
100,B->F,123.675,17.244,1.06732
100,B->G,89.829,5.665,1.03753
100,B->H,59.705,-1.245,1.07316
100,C->A,27.921,-2.423,1.07407
100,C->B,66.619,-4.166,0.87238
100,C->D,100.4,-5.924,1.08948
100,C->E,111.193,2.897,0.88606
100,C->F,49.044,2.323,1.0426
100,C->G,19.882,-3.637,0.91392
100,C->H,35.627,-6.214,1.04644
100,D->A,98.695,15.016,0.94379
100,D->B,54.088,13.749,1.15634
100,D->C,54.55,5.28,1.01557
100,D->E,32.999,-3.283,0.93288
100,D->F,43.227,3.106,1.0115
100,D->G,128.62,-19.582,1.04666
100,D->H,92.774,-3.766,1.05201
100,E->A,54.908,-5.515,0.99195
100,E->B,241.176,-10.146,0.99148
100,E->C,89.364,-7.966,1.28439
100,E->D,180.087,-27.918,0.97555
100,E->F,41.962,6.47,0.92971
100,E->G,84.569,9.002,0.93813
100,E->H,124.272,21.187,1.08411
100,F->A,166.587,-17.64,1.15241
100,F->B,44.186,-0.562,0.96072
100,F->C,46.794,-7.16,0.87502
100,F->D,103.81,-17.801,0.78952
100,F->E,28.063,-1.705,1.15403
100,F->G,94.777,7.816,1.23275
100,F->H,209.821,-51.635,1.02414
100,G->A,100.891,7.13,0.92332
100,G->B,9.039,-3.52,1.07059
100,G->C,38.587,-0.972,1.03927
100,G->D,48.718,-2.553,0.97709
100,G->E,142.435,-24.48,1.14071
100,G->F,62.873,5.937,1.03682
100,G->H,23.63,-0.341,1.17568
100,H->A,71.99,9.275,1.00789
100,H->B,,8.386,1.04618
100,H->C,55.101,2.987,1.10646
100,H->D,37.289,-6.143,0.72305
100,H->E,228.283,10.826,0.97459
100,H->F,127.927,-15.602,0.96183
100,H->G,142.355,-10.009,0.97779
101,A->B,74.736,0.21,1.19466
101,A->C,44.292,-0.988,0.79159
101,A->D,13.693,-0.118,1.17627
101,A->E,85.377,13.803,1.20284
101,A->F,110.371,2.957,0.67315
101,A->G,60.739,-8.078,0.80817
101,A->H,130.834,-3.274,0.94558
101,B->A,40.148,1.413,0.95841
101,B->C,43.406,9.444,1.03335
101,B->D,90.834,4.608,0.91946
101,B->E,58.33,-5.585,1.09562
101,B->F,115.969,2.994,1.06586
101,B->G,109.297,0.078,1.03948
101,B->H,61.232,-5.045,1.06706
101,C->A,42.334,-3.733,1.06228
101,C->B,63.704,1.505,0.87119
101,C->D,100.589,-10.186,1.0798
101,C->E,124.051,-0.717,0.88128
101,C->F,63.911,5.598,1.04685
101,C->G,16.742,-9.632,0.91267
101,C->H,25.063,-5.017,1.04314
101,D->A,103.314,0.223,0.94148
101,D->B,63.835,5.13,1.16745
101,D->C,66.812,12.938,1.01686
101,D->E,38.382,-9.615,0.94084
101,D->F,37.757,5.982,1.00703
101,D->G,127.701,-22.234,1.051
101,D->H,103.904,3.301,1.05202
101,E->A,59.037,1.71,0.9864
101,E->B,83.243,2.316,0.98914
101,E->C,86.314,17.079,1.28414
101,E->D,189.432,-28.937,0.97178
101,E->F,31.676,-3.484,0.92024
101,E->G,96.918,3.066,0.9362
101,E->H,141.401,-7.316,1.08635
101,F->A,,-6.512,1.15399
101,F->B,47.234,2.438,0.96354
101,F->C,55.055,4.617,0.87493
101,F->D,114.708,6.093,0.7937
101,F->E,26.711,-3.724,1.1498
101,F->G,104.665,-14.765,1.23305
101,F->H,673.295,16.54,1.02432
101,G->A,101.041,3.853,0.91745
101,G->B,11.417,-4.069,1.06841
101,G->C,41.938,2.444,1.04422
101,G->D,50.84,-6.449,0.98109
101,G->E,148.037,38.479,1.14131
101,G->F,85.6,5.436,1.04334
101,G->H,20.765,-2.382,1.1663
101,H->A,72.831,17.008,1.00231
101,H->B,87.809,7.281,1.05015
101,H->C,52.067,4.103,1.10061
101,H->D,43.518,-2.837,0.72248
101,H->E,238.094,-25.648,0.97788
101,H->F,122.957,17.377,0.96218
101,H->G,129.733,-12.3,0.97862
102,A->B,60.694,-7.937,1.19261
102,A->C,52.05,-0.239,0.79221
102,A->D,23.797,-0.26,1.18169
102,A->E,85.143,-3.652,1.20015
102,A->F,112.679,-14.771,0.67431
102,A->G,58.485,7.021,0.81072
102,A->H,126.505,-4.614,0.94182
102,B->A,23.737,-3.528,0.95745
102,B->C,45.902,4.233,1.02508
102,B->D,89.126,10.05,0.92234
102,B->E,54.04,3.633,1.09908
102,B->F,107.056,-5.975,1.07
102,B->G,98.962,6.289,1.02999
102,B->H,61.233,7.42,1.06961
102,C->A,,5.231,1.06264
102,C->B,51.066,3.585,0.86902
102,C->D,105.061,-17.589,1.07385
102,C->E,111.38,6.557,0.87801
102,C->F,59.094,4.871,1.03554
102,C->G,17.393,-6.418,0.91209
102,C->H,39.2,-3.886,1.03844
102,D->A,92.886,26.718,0.9435
102,D->B,66.173,-8.529,1.16044
102,D->C,55.273,-11.798,1.01771
102,D->E,40.573,-8.898,0.93907
102,D->F,30.772,7.429,1.0114
102,D->G,121.436,-9.877,1.05359
102,D->H,104.714,-4.812,1.06707
102,E->A,52.925,-8.153,0.98654
102,E->B,79.918,1.328,0.99214
102,E->C,101.859,-2.826,1.27665
102,E->D,182.174,-30.323,0.97247
102,E->F,41.558,6.594,0.91746
102,E->G,87.356,8.282,0.93844
102,E->H,122.33,-4.989,1.0903
102,F->A,166.365,20.209,1.16058
102,F->B,46.815,-2.009,0.95897
102,F->C,55.039,-0.954,0.88314
102,F->D,112.778,-3.394,0.78686
102,F->E,31.929,-3.615,1.15017
102,F->G,100.624,-6.531,1.23081
102,F->H,213.752,7.736,1.02753
102,G->A,91.977,5.751,0.92112
102,G->B,13.253,-6.286,1.0753
102,G->C,38.632,1.853,1.04426
102,G->D,57.21,8.793,0.98248
102,G->E,140.76,-39.674,1.14132
102,G->F,75.279,2.39,1.03538
102,G->H,30.841,1.301,1.15433
102,H->A,75.44,-2.175,0.99892
102,H->B,77.085,-1.1,1.04317
102,H->C,50.81,-6.414,1.09829
102,H->D,42.22,0.978,0.72811
102,H->E,219.444,38.053,0.98038
102,H->F,124.604,5.975,0.96038
102,H->G,125.41,-25.729,0.97746
103,A->B,54.878,1.242,1.18874
103,A->C,34.638,-0.848,0.78922
103,A->D,24.877,-2.335,1.17864
103,A->E,83.794,-9.4,1.20787
103,A->F,329.007,-14.483,0.6758
103,A->G,46.987,3.617,0.81074
103,A->H,124.753,-10.951,0.93538
103,B->A,27.391,2.778,0.95893
103,B->C,44.267,5.202,1.03066
103,B->D,79.507,6.21,0.92748
103,B->E,59.432,-3.329,1.10743
103,B->F,314.045,-5.807,1.07163
103,B->G,89.232,-4.814,1.02461
103,B->H,60.944,9.311,1.0652
103,C->A,32.871,2.159,1.05368
103,C->B,154.89,-0.105,0.86947
103,C->D,97.771,-5.604,1.07735
103,C->E,102.31,29.423,0.88027
103,C->F,46.913,-2.178,1.04481
103,C->G,18.367,-1.017,0.91097
103,C->H,21.705,-4.801,1.03408
103,D->A,90.26,14.606,0.93457
103,D->B,60.278,6.427,1.16205
103,D->C,62.212,-4.964,1.02192
103,D->E,31.218,-7.861,0.93854
103,D->F,41.124,8.141,1.00939
103,D->G,116.556,-5.903,1.05072
103,D->H,280.848,-4.291,1.0679
103,E->A,47.379,3.115,0.98326
103,E->B,82.012,6.035,0.98695
103,E->C,79.699,-7.354,1.28135
103,E->D,166.585,12.291,0.96911
103,E->F,42.113,-2.01,0.91103
103,E->G,,15.118,0.93254
103,E->H,116.294,-6.338,1.09018
103,F->A,157.849,-7.286,1.15886
103,F->B,57.32,-8.742,0.95729
103,F->C,59.462,-2.826,0.88818
103,F->D,102.575,8.702,0.78622
103,F->E,21.543,-1.843,1.1358
103,F->G,88.519,2.39,1.22528
103,F->H,206.102,40.677,1.03425
103,G->A,89.186,-1.389,0.91409
103,G->B,13.091,-6.007,1.07509
103,G->C,50.255,-5.545,1.05011
103,G->D,43.238,-4.822,0.99142
103,G->E,135.054,-5.801,1.14218
103,G->F,62.62,8.629,1.03421
103,G->H,21.342,2.98,1.15155
103,H->A,73.182,-2.752,1.00335
103,H->B,73.943,-1.301,1.0403
103,H->C,54.731,-6.817,1.09816
103,H->D,35.274,-4.026,0.72805
103,H->E,216.604,-36.364,0.97837
103,H->F,115.79,4.012,0.96101
103,H->G,125.302,-11.016,0.98095
104,A->B,34.499,4.304,1.18925
104,A->C,28.832,-0.936,0.7837
104,A->D,12.559,-1.485,1.17519
104,A->E,47.009,-4.134,1.19726
104,A->F,53.724,8.706,0.66818
104,A->G,37.344,-1.332,0.81611
104,A->H,67.868,6.047,0.93136
104,B->A,18.667,-2.792,0.96584
104,B->C,9.862,0.619,1.03837
104,B->D,45.182,3.285,0.92995
104,B->E,27.248,1.445,1.10818
104,B->F,56.282,0.707,1.07007
104,B->G,60.685,-0.692,1.02934
104,B->H,96.689,-1.941,1.06245
104,C->A,23.383,-1.542,1.05161
104,C->B,32.662,4.934,0.87397
104,C->D,56.607,4.873,1.06748
104,C->E,65.613,-1.845,0.87753
104,C->F,32.742,-6.237,1.03868
104,C->G,17.891,-2.176,0.91615
104,C->H,10.751,-1.028,1.03636
104,D->A,49.187,4.486,0.93654
104,D->B,30.972,-0.726,1.15133
104,D->C,39.768,4.573,1.02684
104,D->E,13.871,-2.856,0.92904
104,D->F,22.016,2.947,1.00592
104,D->G,65.079,-9.233,1.05646
104,D->H,46.104,-0.718,1.07096
104,E->A,21.194,1.75,0.99209
104,E->B,41.366,4.494,0.98293
104,E->C,49.334,-7.154,1.28537
104,E->D,282.369,5.37,0.96901
104,E->F,16.045,3.348,0.91248
104,E->G,40.934,-3.803,0.93266
104,E->H,61.03,0.426,1.09123
104,F->A,80.526,13.525,1.15933
104,F->B,31.728,-4.735,0.95419
104,F->C,31.848,-2.301,0.88313
104,F->D,58.021,-8.139,0.79124
104,F->E,12.543,-2.075,1.1447
104,F->G,47.083,-2.28,1.24157
104,F->H,108.11,2.01,1.0368
104,G->A,61.325,1.848,0.91556
104,G->B,3.47,-2.756,1.07226
104,G->C,24.551,-0.38,1.05141
104,G->D,28.542,0.632,0.98353
104,G->E,67.314,0.878,1.14524
104,G->F,,2.223,1.03257
104,G->H,32.066,0.579,1.14094
104,H->A,27.593,5.537,1.00309
104,H->B,40.315,-4.357,1.03616
104,H->C,39.475,-0.605,1.10134
104,H->D,20.532,0.891,0.72787
104,H->E,117.863,-4.402,0.9751
104,H->F,66.611,-0.696,0.96613
104,H->G,61.906,0.69,0.98023
105,A->B,28.968,-0.877,1.18863
105,A->C,16.909,1.811,0.78356
105,A->D,6.039,-2.004,1.17499
105,A->E,32.176,-1.856,1.20074
105,A->F,55.034,-1.077,0.66796
105,A->G,30.11,1.11,0.81962
105,A->H,61.231,1.967,0.93106
105,B->A,17.177,0.759,0.96846
105,B->C,24.903,1.553,1.04022
105,B->D,101.736,-3.041,0.92605
105,B->E,30.334,-0.874,1.11519
105,B->F,48.019,4.276,1.0762
105,B->G,34.865,5.717,1.02246
105,B->H,30.725,-3.982,1.06007
105,C->A,15.685,-3.762,1.05793
105,C->B,25.626,2.88,0.88038
105,C->D,45.766,0.59,1.06748
105,C->E,54.388,7.241,0.88171
105,C->F,81.723,2.464,1.04643
105,C->G,7.669,-2.705,0.91011
105,C->H,14.116,-1.583,1.0288
105,D->A,42.15,-3.657,0.93221
105,D->B,27.336,5.228,1.15062
105,D->C,25.521,-1.917,1.01922
105,D->E,23.867,-1.929,0.92102
105,D->F,45.305,-3.218,1.00109
105,D->G,56.713,-5.977,1.05652
105,D->H,42.158,-1.731,1.07455
105,E->A,20.416,-0.541,0.99069
105,E->B,34.206,3.719,0.98385
105,E->C,29.877,6.327,1.28437
105,E->D,83.025,-12.497,0.97557
105,E->F,19.966,0.082,0.91487
105,E->G,32.458,3.452,0.92422
105,E->H,161.648,-13.763,1.0851
105,F->A,67.832,19.444,1.15781
105,F->B,17.011,-5.633,0.95903
105,F->C,32.21,1.184,0.87843
105,F->D,45.354,-1.475,0.79066
105,F->E,11.237,-2.51,1.15116
105,F->G,40.193,5.005,1.24074
105,F->H,281.398,-3.031,1.04341
105,G->A,46.207,1.79,0.91606
105,G->B,10.287,-2.445,1.07602
105,G->C,26.006,-0.607,1.04999
105,G->D,26.027,-3.99,0.98781
105,G->E,71.745,-3.547,1.13825
105,G->F,34.364,-0.121,1.0283
105,G->H,7.363,0.692,1.15278
105,H->A,28.411,2.707,1.00032
105,H->B,35.268,4.927,1.04011
105,H->C,28.749,-2.88,1.09657
105,H->D,14.968,-3.588,0.72479
105,H->E,99.261,5.651,0.9702
105,H->F,61.729,6.945,0.95821
105,H->G,47.355,4.429,0.98134
106,A->B,64.155,6.651,1.19522
106,A->C,41.572,6.327,0.77294
106,A->D,13.995,-0.116,1.17187
106,A->E,253.945,-13.202,1.20395
106,A->F,120.275,-8.808,0.67281
106,A->G,51.592,-9.976,0.81007
106,A->H,119.941,-5.703,0.9374
106,B->A,30.539,6.674,0.97147
106,B->C,,3.572,1.03757
106,B->D,,-2.757,0.93008
106,B->E,57.293,-12.216,1.09833
106,B->F,97.449,-7.737,1.08119
106,B->G,98.519,-4.515,1.02644
106,B->H,58.767,5.361,1.05611
106,C->A,31.829,3.51,1.0511
106,C->B,56.246,10.106,0.87606
106,C->D,99.355,1.448,1.06773
106,C->E,103.675,-14.004,0.87678
106,C->F,,5.178,1.03611
106,C->G,25.21,-2.908,0.91458
106,C->H,21.162,-7.489,1.03369
106,D->A,99.523,-6.646,0.93557
106,D->B,60.613,11.297,1.14659
106,D->C,60.887,6.308,1.01768
106,D->E,34.47,3.848,0.92586
106,D->F,43.53,5.904,0.99906
106,D->G,120.28,28.97,1.05601
106,D->H,98.307,-12.157,1.07413
106,E->A,53.934,2.616,0.99268
106,E->B,69.709,-3.358,0.9798
106,E->C,85.665,8.626,1.27707
106,E->D,169.253,8.688,0.98339
106,E->F,42.284,-0.16,0.92124
106,E->G,86.956,20.235,0.92561
106,E->H,123.218,12.097,1.08342
106,F->A,163.669,9.142,1.15013
106,F->B,43.8,-3.77,0.95351
106,F->C,62.149,-5.167,0.88402
106,F->D,108.251,-19.966,0.79146
106,F->E,20.446,-6.103,1.15497
106,F->G,82.558,-5.722,1.23447
106,F->H,210.307,3.26,1.04866
106,G->A,,-3.726,0.90937
106,G->B,39.027,-3.776,1.07781
106,G->C,42.672,-0.085,1.05421
106,G->D,48.9,0.558,0.98491
106,G->E,118.563,-6.061,1.13897
106,G->F,61.506,9.414,1.03045
106,G->H,13.771,3.998,1.16261
106,H->A,75.569,2.917,0.98828
106,H->B,87.35,-1.218,1.03797
106,H->C,53.645,-6.522,1.09801
106,H->D,41.483,1.444,0.72552
106,H->E,221.54,-12.934,0.97438
106,H->F,118.464,12.451,0.95382
106,H->G,121.355,-0.423,0.97256
107,A->B,64.58,-0.056,1.18626
107,A->C,43.342,-0.849,0.77353
107,A->D,16.705,-0.147,1.16471
107,A->E,90.902,5.904,1.20545
107,A->F,115.002,5.099,0.67412
107,A->G,61.244,-3.08,0.80242
107,A->H,128.895,-9.66,0.93535
107,B->A,18.921,4.234,0.97413
107,B->C,45.618,2.625,1.03971
107,B->D,87.038,3.632,0.93887
107,B->E,57.403,11.5,1.09638
107,B->F,338.49,13.549,1.08107
107,B->G,92.521,5.567,1.02685
107,B->H,62.483,2.808,1.05819
107,C->A,32.546,1.459,1.04599
107,C->B,57.81,6.164,0.8795
107,C->D,103.443,22.274,1.06136
107,C->E,113.272,19.168,0.88569
107,C->F,54.434,-2.487,1.02913
107,C->G,22.874,-0.499,0.92403
107,C->H,35.919,-0.959,1.03598
107,D->A,93.018,-6.186,0.93533
107,D->B,60.184,-4.358,1.13455
107,D->C,60.567,-4.07,1.01305
107,D->E,39.861,1.271,0.92943
107,D->F,40.621,10.622,1.00318
107,D->G,125.799,-26.7,1.06344
107,D->H,93.06,-3.479,1.07269
107,E->A,49.956,-6.511,0.98141
107,E->B,75.746,-12.143,0.98151
107,E->C,84.239,1.335,1.26803
107,E->D,179.069,7.456,0.97372
107,E->F,43.563,0.263,0.93117
107,E->G,89.026,9.005,0.92291
107,E->H,124.811,-3.963,1.08612
107,F->A,168.697,-11.68,1.14484
107,F->B,41.522,-2.336,0.9536
107,F->C,60.58,-8.23,0.89099
107,F->D,109.99,-8.045,0.78402
107,F->E,29.814,-4.159,1.16042
107,F->G,89.395,-9.224,1.23092
107,F->H,214.753,1.635,1.04438
107,G->A,102.438,10.303,0.90934
107,G->B,9.51,-4.573,1.07699
107,G->C,31.584,-2.757,1.04521
107,G->D,47.353,-7.211,0.98967
107,G->E,139.955,11.836,1.13725
107,G->F,66.241,7.836,1.03059
107,G->H,25.828,-2.799,1.16057
107,H->A,,-13.075,0.99672
107,H->B,87.737,-7.186,1.02507
107,H->C,58.332,-8.654,1.09899
107,H->D,38.552,0.995,0.72657
107,H->E,232.202,-17.892,0.95953
107,H->F,118.577,-18.14,0.95108
107,H->G,119.09,-26.664,0.97807
108,A->B,61.59,-0.602,1.18403
108,A->C,40.954,8.784,0.77218
108,A->D,21.408,-3.853,1.17257
108,A->E,87.572,11.263,1.18846
108,A->F,118.169,0.223,0.67582
108,A->G,66.535,-5.472,0.80284
108,A->H,134.788,6.01,0.93626
108,B->A,24.156,1.133,0.97735
108,B->C,42.611,9.007,1.04194
108,B->D,84.434,7.122,0.94063
108,B->E,56.449,12.221,1.09953
108,B->F,121.501,1.411,1.08007
108,B->G,102.325,25.631,1.02206
108,B->H,60.78,3.605,1.06785
108,C->A,42.48,0.89,1.04505
108,C->B,51.239,6.423,0.88678
108,C->D,103.003,14.769,1.06226
108,C->E,119.905,27.832,0.88738
108,C->F,61.666,-7.665,1.02545
108,C->G,26.507,-6.161,0.91268
108,C->H,28.647,-8.904,1.04617
108,D->A,103.886,3.307,0.92949
108,D->B,53.908,7.741,1.13646
108,D->C,74.67,-3.099,1.01192
108,D->E,38.447,0.782,0.93859
108,D->F,30.483,-2.589,1.00854
108,D->G,129.001,13.607,1.06745
108,D->H,106.465,15.32,1.07553
108,E->A,55.611,10.075,0.97813
108,E->B,84.936,-15.098,0.9851
108,E->C,82.71,7.982,1.27654
108,E->D,194.007,23.52,0.97627
108,E->F,43.995,-1.983,0.93709
108,E->G,93.149,14.115,0.93102
108,E->H,130.997,18.584,1.0872
108,F->A,174.877,-9.291,1.13767
108,F->B,55.214,-12.738,0.95356
108,F->C,60.858,3.023,0.8883
108,F->D,125.421,-7.661,0.78744
108,F->E,22.158,-6.568,1.15615
108,F->G,99.95,-12.012,1.23146
108,F->H,226.319,16.07,1.04063
108,G->A,105.918,16.594,0.91589
108,G->B,12.086,-6.599,1.07275
108,G->C,44.068,0.048,1.05808
108,G->D,54.303,-4.151,0.97973
108,G->E,150.679,24.32,1.12998
108,G->F,63.075,-5.198,1.03151
108,G->H,23.302,3.872,1.16638
108,H->A,83.898,11.58,1.00117
108,H->B,88.398,-1.395,1.02646
108,H->C,51.151,-5.508,1.09879
108,H->D,49.478,-0.491,0.72396
108,H->E,242.221,-24.682,0.95869
108,H->F,125.14,-3.786,0.94052
108,H->G,130.922,-23.888,0.97488
109,A->B,67.453,-8.932,1.1839
109,A->C,43.979,0.899,0.76624
109,A->D,11.976,-5.205,1.1669
109,A->E,87.556,0.002,1.18889
109,A->F,116.387,2.222,0.67655
109,A->G,71.55,-7.029,0.80834
109,A->H,134.782,-8.708,0.93314
109,B->A,95.745,0.477,0.9753
109,B->C,38.473,8.964,1.04636
109,B->D,86.255,-1.878,0.93173
109,B->E,53.081,-9.764,1.0999
109,B->F,115.713,7.856,1.08629
109,B->G,104.999,-0.102,1.02237
109,B->H,68.801,-0.28,1.06907
109,C->A,32.105,2.931,1.04139
109,C->B,51.992,5.315,0.8898
109,C->D,110.722,2.471,1.05976
109,C->E,111.521,1.631,0.89205
109,C->F,58.457,0.606,1.02312
109,C->G,26.406,-4.466,0.91891
109,C->H,36.562,-4.71,1.04551
109,D->A,99.67,18.024,0.9284
109,D->B,65.363,11.908,1.13112
109,D->C,67.422,7.125,1.01245
109,D->E,33.657,-2.479,0.94422
109,D->F,32.02,8.09,1.00126
109,D->G,120.855,-16.319,1.06855
109,D->H,102.084,3.009,1.08056
109,E->A,54.953,5.699,0.97724
109,E->B,74.571,2.623,0.99027
109,E->C,87.137,-0.016,1.28229
109,E->D,180.405,-8.775,0.98302
109,E->F,45.751,-4.966,0.93908
109,E->G,86.07,-3.616,0.92336
109,E->H,371.606,9.758,1.08966
109,F->A,174.977,43.781,1.13531
109,F->B,49.317,-10.132,0.96795
109,F->C,53.211,3.058,0.88431
109,F->D,111.199,-23.58,0.78551
109,F->E,24.076,-1.673,1.16879
109,F->G,93.744,-6.375,1.23695
109,F->H,221.79,19.747,1.04843
109,G->A,93.031,2.69,0.91771
109,G->B,14.814,-5.258,1.08028
109,G->C,37.667,2.443,1.05556
109,G->D,54.123,-13.03,0.98275
109,G->E,137.004,-14.434,1.12753
109,G->F,71.786,-3.083,1.04103
109,G->H,24.233,2.444,1.16536
109,H->A,,-10.609,1.00735
109,H->B,90.672,-22.817,1.03065
109,H->C,49.211,6.784,1.08919
109,H->D,42.142,1.486,0.723
109,H->E,226.041,1.66,0.95134
109,H->F,126.404,6.308,0.9368
109,H->G,,0.735,0.96947
110,A->B,187.586,-6.654,1.18482
110,A->C,43.31,6.641,0.76688
110,A->D,21.798,-5.186,1.16509
110,A->E,78.782,-11.107,1.18947
110,A->F,111.743,-1.865,0.68127
110,A->G,59.189,-6.511,0.80444
110,A->H,124.321,3.853,0.93004
110,B->A,25.751,4.811,0.97727
110,B->C,36.185,6.909,1.04161
110,B->D,84.073,5.525,0.93931
110,B->E,49.221,0.185,1.10618
110,B->F,108.626,-4.779,1.08877
110,B->G,90.517,4.501,1.02206
110,B->H,53.672,9.881,1.05344
110,C->A,31.881,0.23,1.04197
110,C->B,47.357,3.427,0.88524
110,C->D,105.695,12.614,1.06485
110,C->E,110.113,26.208,0.88797
110,C->F,59.769,-9.082,1.01693
110,C->G,22.603,1.031,0.91849
110,C->H,32.206,-4.139,1.05127
110,D->A,95.637,-11.394,0.93451
110,D->B,71.602,5.627,1.12994
110,D->C,64.644,-8.455,1.01516
110,D->E,39.448,-8.376,0.94859
110,D->F,38.035,4.214,1.00699
110,D->G,117.794,-16.345,1.06941
110,D->H,98.029,11.784,1.08083
110,E->A,47.584,8.01,0.9777
110,E->B,82.016,3.334,0.97672
110,E->C,86.873,1.726,1.28805
110,E->D,173.558,0.876,0.98741
110,E->F,36.621,3.284,0.94344
110,E->G,83.491,-0.312,0.92451
110,E->H,132.803,-17.528,1.09052
110,F->A,164.475,-13.512,1.13824
110,F->B,45.914,-13.757,0.97257
110,F->C,54.933,-3.506,0.87707
110,F->D,104.916,-3.105,0.78596
110,F->E,27.777,-7.033,1.17278
110,F->G,88.915,-3.371,1.23759
110,F->H,207.672,22.924,1.0494
110,G->A,86.676,6.094,0.92136
110,G->B,12.449,-3.456,1.08496
110,G->C,44.158,-2.177,1.0529
110,G->D,44.854,-5.117,0.97766
110,G->E,144.723,3.862,1.13085
110,G->F,77.415,3.823,1.03772
110,G->H,23.277,-1.028,1.16701
110,H->A,68.065,7.607,0.99447
110,H->B,67.008,6.068,1.03346
110,H->C,,-8.617,1.08534
110,H->D,35.575,-0.906,0.7206
110,H->E,218.761,-6.994,0.95119
110,H->F,124.781,20.038,0.92844
110,H->G,118.58,-9.488,0.96668
111,A->B,29.615,-5.28,1.18941
111,A->C,17.414,1.568,0.76408
111,A->D,21.018,-0.684,1.16326
111,A->E,39.12,9.458,1.19902
111,A->F,71.381,6.727,0.68023
111,A->G,36.486,1.809,0.80948
111,A->H,61.058,-0.229,0.92711
111,B->A,19.06,2.495,0.97912
111,B->C,30.668,2.658,1.04433
111,B->D,34.342,-2.881,0.94285
111,B->E,40.243,-2.044,1.10049
111,B->F,66.048,-5.52,1.09282
111,B->G,55.361,1.529,1.03156
111,B->H,31.512,-5.548,1.05202
111,C->A,14.277,0.347,1.04582
111,C->B,24.833,2.791,0.89136
111,C->D,63.852,-1.167,1.05945
111,C->E,61.307,1.277,0.88517
111,C->F,26.586,3.487,1.02614
111,C->G,9.006,-3.008,0.92197
111,C->H,25.486,-2.162,1.06332
111,D->A,53.068,-2.044,0.93826
111,D->B,34.04,-2.92,1.13263
111,D->C,33.526,-1.898,1.01449
111,D->E,15.23,-1.805,0.94108
111,D->F,11.312,2.539,1.00556
111,D->G,70.508,-0.264,1.06598
111,D->H,50.23,-1.669,1.08385
111,E->A,,5.501,0.98184
111,E->B,42.017,3.858,0.97884
111,E->C,42.748,1.275,1.29123
111,E->D,94.932,-1.04,0.98859
111,E->F,12.129,3.709,0.95057
111,E->G,45.675,4.754,0.92913
111,E->H,70.754,9.967,1.09287
111,F->A,93.964,2.473,1.14098
111,F->B,20.485,-1.826,0.97044
111,F->C,29.219,1.079,0.88039
111,F->D,51.166,-7.267,0.78178
111,F->E,8.963,0.153,1.18031
111,F->G,40.728,-2.033,1.2377
111,F->H,106.369,2.341,1.05267
111,G->A,57.039,-4.68,0.92129
111,G->B,1.0,-2.653,1.09008
111,G->C,,-0.494,1.04614
111,G->D,25.181,1.841,0.97244
111,G->E,74.088,-1.384,1.13
111,G->F,34.431,-0.255,1.04343
111,G->H,17.078,1.503,1.15912
111,H->A,42.349,5.96,0.98625
111,H->B,51.009,3.902,1.04047
111,H->C,27.795,1.144,1.07813
111,H->D,28.115,-1.417,0.72409
111,H->E,116.129,9.166,0.95073
111,H->F,71.988,-6.34,0.92158
111,H->G,,8.568,0.97171
112,A->B,34.751,-1.728,1.198
112,A->C,9.63,0.21,0.76295
112,A->D,6.532,-0.943,1.17075
112,A->E,37.84,2.044,1.19884
112,A->F,46.469,1.544,0.682
112,A->G,27.134,0.177,0.81356
112,A->H,52.771,-1.928,0.92137
112,B->A,12.151,0.383,0.97241
112,B->C,13.699,1.16,1.04482
112,B->D,30.038,0.245,0.93932
112,B->E,25.23,2.918,1.09671
112,B->F,55.169,-0.0,1.09958
112,B->G,45.586,4.374,1.02418
112,B->H,31.744,6.735,1.04423
112,C->A,10.693,-1.339,1.04782
112,C->B,28.798,4.438,0.89445
112,C->D,129.565,3.022,1.0539
112,C->E,43.46,2.102,0.88052
112,C->F,21.433,0.053,1.01378
112,C->G,10.128,-2.516,0.92647
112,C->H,9.049,0.42,1.06457
112,D->A,32.91,-0.029,0.9404
112,D->B,23.516,5.056,1.13721
112,D->C,25.123,-5.513,1.01626
112,D->E,17.991,1.14,0.93701
112,D->F,16.918,3.381,1.00298
112,D->G,54.182,-2.631,1.06291
112,D->H,31.576,-4.798,1.08456
112,E->A,27.525,0.245,0.97362
112,E->B,27.001,-1.873,0.98582
112,E->C,33.104,0.689,1.28956
112,E->D,82.368,0.759,0.99112
112,E->F,12.065,0.164,0.95646
112,E->G,35.971,7.403,0.91864
112,E->H,52.607,-1.727,1.09813
112,F->A,79.426,1.184,1.13893
112,F->B,16.137,-2.558,0.96921
112,F->C,22.862,3.19,0.87878
112,F->D,138.478,-0.348,0.77715
112,F->E,15.697,-0.191,1.17011
112,F->G,50.938,-3.085,1.22959
112,F->H,84.842,-11.269,1.05343
112,G->A,40.099,1.599,0.92741
112,G->B,4.863,-1.527,1.09927
112,G->C,17.775,-3.095,1.03665
112,G->D,19.487,-1.2,0.96381
112,G->E,52.403,0.74,1.12218
112,G->F,31.881,-0.468,1.03116
112,G->H,6.893,1.068,1.16166
112,H->A,34.328,0.853,0.98836
112,H->B,42.159,1.694,1.03083
112,H->C,16.323,-2.862,1.09258
112,H->D,24.76,-1.904,0.72506
112,H->E,110.209,-5.902,0.95931
112,H->F,56.74,-0.332,0.92119
112,H->G,58.614,-11.784,0.96784
113,A->B,64.117,1.197,1.20041
113,A->C,38.817,-0.444,0.7637
113,A->D,20.891,-0.059,1.1683
113,A->E,80.13,8.691,1.19751
113,A->F,117.522,-12.156,0.68335
113,A->G,55.024,1.09,0.81844
113,A->H,126.382,-16.31,0.91829
113,B->A,22.116,-0.385,0.98094
113,B->C,35.17,3.448,1.05428
113,B->D,85.782,-10.125,0.93488
113,B->E,52.988,-3.564,1.10023
113,B->F,107.574,-6.236,1.10062
113,B->G,100.079,14.22,1.02455
113,B->H,64.678,3.63,1.04576
113,C->A,26.453,-0.562,1.045
113,C->B,57.778,3.427,0.88355
113,C->D,97.474,-12.553,1.05619
113,C->E,109.376,4.291,0.87992
113,C->F,58.245,1.843,1.01951
113,C->G,33.118,-4.17,0.92646
113,C->H,28.308,-3.026,1.06803
113,D->A,88.807,10.094,0.94046
113,D->B,53.492,-1.329,1.13903
113,D->C,59.034,-4.856,1.01882
113,D->E,43.644,1.258,0.92985
113,D->F,39.526,-7.363,1.00397
113,D->G,113.375,19.627,1.06907
113,D->H,85.75,1.544,1.07716
113,E->A,49.948,-3.208,0.97972
113,E->B,72.799,0.179,0.98482
113,E->C,91.906,14.972,1.29614
113,E->D,167.979,-18.898,0.98907
113,E->F,31.601,1.147,0.95601
113,E->G,75.053,7.955,0.92593
113,E->H,116.349,7.028,1.09405
113,F->A,164.765,-11.235,1.13061
113,F->B,49.28,-2.295,0.96823
113,F->C,56.515,1.804,0.8888
113,F->D,110.734,-27.903,0.77839
113,F->E,25.187,-6.454,1.16758
113,F->G,96.805,14.35,1.22437
113,F->H,201.652,-21.839,1.05072
113,G->A,99.848,15.989,0.92873
113,G->B,10.566,-4.172,1.1005
113,G->C,40.329,-0.263,1.03396
113,G->D,48.445,5.575,0.9589
113,G->E,131.256,2.385,1.12541
113,G->F,198.093,7.794,1.02923
113,G->H,25.415,5.87,1.15738
113,H->A,79.126,4.776,0.98688
113,H->B,76.547,9.013,1.03416
113,H->C,50.028,-2.931,1.09696
113,H->D,41.723,-4.478,0.72267
113,H->E,214.004,34.773,0.96589
113,H->F,122.309,-1.256,0.91957
113,H->G,128.909,-14.113,0.96974
114,A->B,73.688,-8.407,1.2135
114,A->C,43.813,-3.121,0.76162
114,A->D,17.378,-2.784,1.16064
114,A->E,79.577,-9.454,1.20756
114,A->F,117.064,4.329,0.68738
114,A->G,62.243,-0.558,0.82132
114,A->H,117.224,-6.122,0.91701
114,B->A,34.08,-2.187,0.99011
114,B->C,44.997,9.691,1.05623
114,B->D,88.102,-10.032,0.93586
114,B->E,48.993,-7.489,1.10053
114,B->F,113.668,-4.323,1.09902
114,B->G,98.556,-8.193,1.02034
114,B->H,57.81,4.54,1.04631
114,C->A,39.622,-7.808,1.05553
114,C->B,58.284,8.665,0.88231
114,C->D,,32.274,1.06289
114,C->E,112.565,8.234,0.8824
114,C->F,66.016,6.426,1.01231
114,C->G,26.57,-5.816,0.93102
114,C->H,25.711,-17.699,1.06389
114,D->A,101.833,16.693,0.93891
114,D->B,53.486,-2.161,1.14221
114,D->C,58.875,-5.468,1.02353
114,D->E,30.35,0.858,0.9276
114,D->F,38.857,7.131,0.99887
114,D->G,124.984,0.947,1.075
114,D->H,97.308,-5.69,1.07198
114,E->A,52.617,1.473,0.98243
114,E->B,73.474,1.899,0.98477
114,E->C,91.799,1.083,1.2972
114,E->D,,-4.835,0.98326
114,E->F,38.226,-0.21,0.96395
114,E->G,89.35,17.168,0.92323
114,E->H,127.0,6.421,1.09858
114,F->A,167.731,12.187,1.12542
114,F->B,48.364,-16.03,0.96859
114,F->C,61.197,3.39,0.88872
114,F->D,117.716,5.442,0.77262
114,F->E,31.998,-8.895,1.17218
114,F->G,91.48,8.076,1.22507
114,F->H,209.053,24.909,1.05823
114,G->A,92.269,-7.266,0.92415
114,G->B,20.955,-5.336,1.08826
114,G->C,46.363,-1.5,1.03177
114,G->D,62.564,7.274,0.95497
114,G->E,139.899,7.685,1.13023
114,G->F,68.818,7.806,1.02789
114,G->H,25.903,0.039,1.15781
114,H->A,70.572,1.885,0.98474
114,H->B,85.083,3.361,1.02993
114,H->C,55.209,-3.714,1.09308
114,H->D,39.729,-2.021,0.72254
114,H->E,218.012,-12.814,0.96034
114,H->F,127.95,8.969,0.91826
114,H->G,135.414,-1.319,0.96956
115,A->B,69.524,-7.648,1.21554
115,A->C,45.322,-5.01,0.76199
115,A->D,19.767,-0.135,1.16967
115,A->E,268.775,5.825,1.20814
115,A->F,121.616,17.824,0.68465
115,A->G,67.653,-6.456,0.82696
115,A->H,135.889,-16.366,0.91272
115,B->A,36.236,3.624,0.99054
115,B->C,44.168,11.708,1.0614
115,B->D,93.614,-3.211,0.93865
115,B->E,52.85,11.043,1.10322
115,B->F,,3.496,1.09611
115,B->G,89.852,10.031,1.0213
115,B->H,194.776,1.927,1.04774
115,C->A,44.533,-4.072,1.05355
115,C->B,65.047,4.885,0.88131
115,C->D,100.511,3.453,1.05761
115,C->E,129.076,9.925,0.88036
115,C->F,74.022,8.114,1.01385
115,C->G,17.477,-9.596,0.93141
115,C->H,31.846,-3.524,1.06821
115,D->A,101.336,11.419,0.94372
115,D->B,65.09,12.062,1.13367
115,D->C,188.742,-2.43,1.02186
115,D->E,48.67,1.074,0.92727
115,D->F,42.638,16.15,0.99162
115,D->G,132.7,-1.053,1.07193
115,D->H,110.101,9.396,1.06062
115,E->A,56.676,1.961,0.98228
115,E->B,78.903,4.956,0.97775
115,E->C,105.703,-15.218,1.29264
115,E->D,190.539,19.912,0.98474
115,E->F,37.378,10.611,0.96519
115,E->G,91.575,12.433,0.91821
115,E->H,135.13,5.553,1.10235
115,F->A,183.957,-8.188,1.12894
115,F->B,65.265,-4.257,0.97155
115,F->C,62.381,-0.607,0.89727
115,F->D,118.094,5.828,0.76754
115,F->E,28.354,-8.154,1.15996
115,F->G,100.404,-5.824,1.22486
115,F->H,230.713,-7.51,1.05647
115,G->A,98.541,3.066,0.92173
115,G->B,16.513,-1.691,1.08946
115,G->C,142.913,1.643,1.02666
115,G->D,59.887,-12.321,0.95572
115,G->E,145.472,-27.996,1.13557
115,G->F,77.468,13.876,1.01965
115,G->H,29.046,4.961,1.17273
115,H->A,77.303,-10.693,0.9843
115,H->B,81.045,3.311,1.02593
115,H->C,56.156,-5.115,1.08775
115,H->D,39.233,-8.919,0.73167
115,H->E,237.621,-11.188,0.96227
115,H->F,138.522,-0.074,0.91314
115,H->G,127.824,-19.615,0.96706
116,A->B,71.763,-2.106,1.21271
116,A->C,42.483,1.129,0.76018
116,A->D,19.373,-1.648,1.16084
116,A->E,94.48,17.041,1.21156
116,A->F,116.98,3.199,0.68496
116,A->G,70.181,-6.948,0.82388
116,A->H,117.975,-10.582,0.90286
116,B->A,33.064,-1.881,0.98782
116,B->C,37.232,9.81,1.06346
116,B->D,69.918,3.314,0.93361
116,B->E,67.324,-4.97,1.09767
116,B->F,116.887,31.627,1.09982
116,B->G,99.195,7.546,1.01643
116,B->H,65.457,7.782,1.04517
116,C->A,29.248,-0.916,1.04873
116,C->B,60.783,2.192,0.87408
116,C->D,113.668,0.137,1.05833
116,C->E,131.75,1.403,0.886
116,C->F,49.857,12.219,1.01558
116,C->G,22.71,-6.825,0.92019
116,C->H,27.299,-6.43,1.07606
116,D->A,97.086,-6.594,0.94798
116,D->B,61.146,6.649,1.13619
116,D->C,60.58,-1.722,1.01706
116,D->E,44.027,-1.336,0.92698
116,D->F,41.729,7.074,0.99322
116,D->G,128.357,2.143,1.06263
116,D->H,101.105,-15.962,1.07176
116,E->A,55.083,-7.83,0.99233
116,E->B,79.436,2.973,0.98616
116,E->C,88.863,13.071,1.29587
116,E->D,184.611,-6.496,0.98067
116,E->F,40.413,4.232,0.95488
116,E->G,89.89,1.338,0.92475
116,E->H,124.74,9.978,1.10944
116,F->A,172.331,-16.947,1.11802
116,F->B,59.06,-10.836,0.97095
116,F->C,57.226,1.868,0.89192
116,F->D,339.152,-20.01,0.76704
116,F->E,30.688,-4.478,1.16969
116,F->G,97.988,-3.209,1.21682
116,F->H,214.81,2.218,1.04884
116,G->A,98.309,-4.432,0.9185
116,G->B,14.086,-6.228,1.08495
116,G->C,34.754,1.657,1.02303
116,G->D,55.047,-2.222,0.95464
116,G->E,134.262,-12.776,1.126
116,G->F,75.584,2.898,1.01856
116,G->H,26.706,4.583,1.16564
116,H->A,71.745,8.267,0.98707
116,H->B,90.305,-5.806,1.02558
116,H->C,54.242,3.351,1.09063
116,H->D,42.018,-1.939,0.74003
116,H->E,231.812,2.102,0.96564
116,H->F,129.704,-15.989,0.91407
116,H->G,136.519,-26.339,0.96624
117,A->B,55.343,0.488,1.21013
117,A->C,41.567,3.573,0.76545
117,A->D,20.865,-4.252,1.16258
117,A->E,76.559,14.93,1.21325
117,A->F,107.728,-20.332,0.68828
117,A->G,55.653,2.615,0.82315
117,A->H,,2.363,0.89649
117,B->A,29.676,3.751,0.99446
117,B->C,39.702,6.666,1.06096
117,B->D,93.797,-1.662,0.93861
117,B->E,54.69,-0.097,1.08765
117,B->F,100.76,13.492,1.09249
117,B->G,103.893,6.795,1.02118
117,B->H,58.91,-5.828,1.0436
117,C->A,26.911,3.867,1.05077
117,C->B,57.096,-7.283,0.87894
117,C->D,99.021,9.667,1.05917
117,C->E,110.424,9.554,0.89436
117,C->F,53.913,4.006,1.022
117,C->G,21.84,-3.218,0.91444
117,C->H,25.214,-5.499,1.08352
117,D->A,91.489,18.797,0.94686
117,D->B,41.373,13.163,1.13136
117,D->C,66.555,2.322,1.02077
117,D->E,47.242,-0.858,0.92357
117,D->F,38.702,0.949,0.9954
117,D->G,120.375,-2.328,1.06716
117,D->H,,-0.314,1.07291
117,E->A,44.563,2.187,0.98454
117,E->B,76.245,7.481,0.98086
117,E->C,83.279,3.964,1.29409
117,E->D,512.635,6.079,0.96558
117,E->F,44.84,9.167,0.95936
117,E->G,78.91,-11.438,0.93336
117,E->H,112.526,6.88,1.10462
117,F->A,173.706,4.548,1.11718
117,F->B,37.741,-20.366,0.97059
117,F->C,62.066,5.115,0.89812
117,F->D,107.068,-5.595,0.76104
117,F->E,23.289,-5.461,1.16187
117,F->G,86.091,6.359,1.21459
117,F->H,208.48,16.793,1.0535
117,G->A,100.094,20.487,0.91879
117,G->B,10.271,-4.0,1.08264
117,G->C,41.295,-2.605,1.02643
117,G->D,45.723,-2.66,0.95763
117,G->E,135.89,-12.019,1.13113
117,G->F,64.124,5.135,1.01854
117,G->H,18.562,-0.363,1.15874
117,H->A,73.895,3.35,0.98386
117,H->B,77.674,-6.539,1.02903
117,H->C,59.488,1.406,1.09161
117,H->D,40.532,-0.273,0.74021
117,H->E,221.939,-13.898,0.96256
117,H->F,124.58,-4.933,0.91706
117,H->G,131.971,5.602,0.96625
118,A->B,26.789,-3.13,1.21293
118,A->C,20.89,6.561,0.76803
118,A->D,13.398,-3.246,1.16066
118,A->E,47.141,2.973,1.2096
118,A->F,59.775,-2.787,0.69004
118,A->G,40.793,-1.484,0.82174
118,A->H,68.923,-3.691,0.89473
118,B->A,13.709,0.505,0.99146
118,B->C,19.08,1.301,1.06653
118,B->D,47.767,-3.368,0.94407
118,B->E,32.279,1.471,1.08782
118,B->F,54.107,2.522,1.0981
118,B->G,56.52,0.069,1.01886
118,B->H,38.209,-0.412,1.0465
118,C->A,18.236,1.206,1.05921
118,C->B,38.494,7.053,0.8807
118,C->D,49.691,-6.326,1.05219
118,C->E,57.12,2.189,0.89821
118,C->F,28.826,3.214,1.02164
118,C->G,25.756,-1.518,0.91692
118,C->H,16.243,-1.1,1.0814
118,D->A,61.316,11.147,0.95287
118,D->B,35.818,0.691,1.13019
118,D->C,33.79,0.831,1.02029
118,D->E,24.806,-2.706,0.92307
118,D->F,21.43,4.675,1.00101
118,D->G,58.727,-1.669,1.07226
118,D->H,57.032,-0.374,1.07157
118,E->A,21.313,3.951,0.99202
118,E->B,34.92,-4.907,0.98213
118,E->C,55.668,-0.241,1.28697
118,E->D,97.806,-3.554,0.9671
118,E->F,16.81,2.324,0.95672
118,E->G,44.686,0.291,0.9275
118,E->H,64.793,6.403,1.10191
118,F->A,91.848,0.175,1.12096
118,F->B,85.57,-1.189,0.97466
118,F->C,23.411,-0.916,0.90098
118,F->D,54.201,-6.682,0.75897
118,F->E,14.274,-2.384,1.15996
118,F->G,41.066,-4.444,1.21122
118,F->H,358.496,-4.412,1.05581
118,G->A,60.066,6.901,0.91077
118,G->B,4.794,-3.558,1.08326
118,G->C,27.414,2.13,1.02569
118,G->D,31.672,-2.913,0.96494
118,G->E,80.722,1.301,1.13343
118,G->F,40.081,3.867,1.01033
118,G->H,19.005,1.839,1.14998
118,H->A,46.617,0.06,0.98908
118,H->B,39.612,-1.144,1.02323
118,H->C,36.882,-3.344,1.0832
118,H->D,18.916,0.963,0.73935
118,H->E,126.025,-11.069,0.95535
118,H->F,59.588,3.047,0.91585
118,H->G,60.617,1.937,0.96044
119,A->B,31.473,-5.0,1.20567
119,A->C,17.918,1.458,0.76763
119,A->D,4.762,-1.621,1.16946
119,A->E,41.773,2.394,1.21163
119,A->F,48.048,0.524,0.68417
119,A->G,29.959,-2.421,0.82206
119,A->H,47.138,-3.536,0.89777
119,B->A,15.043,-3.103,1.00117
119,B->C,18.487,2.816,1.06678
119,B->D,49.486,2.623,0.94431
119,B->E,29.85,-1.595,1.09001
119,B->F,40.941,8.062,1.09672
119,B->G,42.722,0.619,1.02729
119,B->H,34.313,3.073,1.05282
119,C->A,,-2.51,1.06938
119,C->B,29.805,0.482,0.87783
119,C->D,45.59,-1.977,1.04825
119,C->E,49.369,-1.977,0.90087
119,C->F,21.233,3.936,1.02541
119,C->G,1.0,-0.773,0.92109
119,C->H,43.174,-0.725,1.08103
119,D->A,44.57,4.865,0.95094
119,D->B,30.313,-1.021,1.12397
119,D->C,28.318,-3.129,1.02494
119,D->E,23.401,-2.206,0.91897
119,D->F,48.234,4.709,1.0025
119,D->G,62.328,-2.512,1.07774
119,D->H,46.066,7.285,1.06922
119,E->A,15.683,-3.977,0.98709
119,E->B,30.428,-4.859,0.9897
119,E->C,45.845,4.983,1.29299
119,E->D,83.97,2.245,0.96334
119,E->F,24.242,0.5,0.95344
119,E->G,44.882,2.868,0.92505
119,E->H,46.515,-1.113,1.1083
119,F->A,74.392,3.695,1.11466
119,F->B,19.587,-4.812,0.97204
119,F->C,21.236,0.421,0.8993
119,F->D,47.696,-4.509,0.75607
119,F->E,17.847,-2.032,1.15864
119,F->G,36.54,4.583,1.21135
119,F->H,95.557,-9.896,1.05577
119,G->A,43.577,-0.188,0.90072
119,G->B,4.456,-2.152,1.08664
119,G->C,18.909,-1.671,1.03431
119,G->D,25.06,-3.853,0.96175
119,G->E,61.9,5.481,1.13689
119,G->F,21.941,-0.515,1.00984
119,G->H,1.0,-1.028,1.14959
119,H->A,27.061,2.453,0.99554
119,H->B,34.418,1.376,1.03017
119,H->C,22.422,0.389,1.0881
119,H->D,9.868,-0.422,0.73864
119,H->E,304.865,-6.529,0.94786
119,H->F,59.288,-6.723,0.91053
119,H->G,48.796,-11.656,0.95667
120,A->B,58.974,4.112,1.20642
120,A->C,37.772,8.009,0.76634
120,A->D,21.702,-0.334,1.17309
120,A->E,86.358,-2.165,1.21085
120,A->F,104.443,-0.738,0.68406
120,A->G,65.048,-0.918,0.83076
120,A->H,122.608,6.558,0.90389
120,B->A,26.627,1.01,1.00681
120,B->C,43.773,0.128,1.0608
120,B->D,242.403,11.661,0.93931
120,B->E,,3.458,1.08832
120,B->F,108.574,9.854,1.09779
120,B->G,92.231,2.973,1.02499
120,B->H,59.85,6.738,1.04304
120,C->A,33.479,0.402,1.06937
120,C->B,55.786,-4.385,0.87654
120,C->D,93.342,9.245,1.04263
120,C->E,112.337,6.575,0.89945
120,C->F,57.438,-1.111,1.02015
120,C->G,28.969,-5.244,0.91796
120,C->H,29.02,-6.169,1.08299
120,D->A,95.04,0.671,0.95087
120,D->B,58.398,-3.103,1.11567
120,D->C,62.988,-5.907,1.0236
120,D->E,45.481,-2.01,0.91818
120,D->F,43.672,9.011,1.00321
120,D->G,124.265,-13.587,1.07756
120,D->H,294.119,18.06,1.06863
120,E->A,55.776,-0.46,1.00274
120,E->B,82.9,-10.072,1.00124
120,E->C,79.259,-1.273,1.29265
120,E->D,171.742,-48.529,0.96647
120,E->F,36.759,-1.67,0.94862
120,E->G,92.447,2.933,0.93161
120,E->H,123.769,-5.252,1.10684
120,F->A,166.582,1.854,1.10877
120,F->B,48.481,-1.964,0.96718
120,F->C,54.214,11.779,0.90034
120,F->D,103.192,-15.272,0.75438
120,F->E,31.818,-6.049,1.15325
120,F->G,94.996,-0.628,1.21554
120,F->H,215.407,-14.164,1.05001
120,G->A,95.893,12.738,0.9012
120,G->B,14.774,-3.788,1.07896
120,G->C,42.694,-6.783,1.03152
120,G->D,46.983,0.583,0.95904
120,G->E,131.067,1.695,1.14046
120,G->F,66.821,2.613,1.00985
120,G->H,8.665,1.384,1.14891
120,H->A,65.563,20.075,0.99713
120,H->B,76.368,4.343,1.02375
120,H->C,56.389,8.218,1.0886
120,H->D,41.028,2.729,0.7441
120,H->E,216.902,-23.815,0.9453
120,H->F,115.2,7.331,0.9076
120,H->G,127.201,-13.348,0.94762
121,A->B,64.675,-5.109,1.20971
121,A->C,40.998,-0.361,0.76794
121,A->D,17.165,-1.716,1.17213
121,A->E,86.144,1.728,1.20907
121,A->F,,-11.327,0.68198
121,A->G,52.113,-20.465,0.83127
121,A->H,130.351,15.15,0.90347
121,B->A,20.153,3.428,1.01307
121,B->C,36.348,11.28,1.06345
121,B->D,86.796,-8.436,0.93928
121,B->E,62.368,-13.25,1.08831
121,B->F,106.919,8.435,1.09253
121,B->G,99.769,14.402,1.0275
121,B->H,62.682,-4.152,1.03516
121,C->A,36.883,-0.589,1.06293
121,C->B,61.755,9.895,0.88352
121,C->D,104.56,-8.065,1.03693
121,C->E,114.825,-13.324,0.89973
121,C->F,65.008,0.178,1.02584
121,C->G,23.998,-2.364,0.91188
121,C->H,24.391,-8.597,1.08072
121,D->A,100.807,7.613,0.96085
121,D->B,58.665,-1.851,1.12229
121,D->C,61.279,7.159,1.01851
121,D->E,32.603,-3.501,0.92287
121,D->F,39.08,1.18,1.00605
121,D->G,124.938,7.21,1.08734
121,D->H,96.665,3.597,1.07757
121,E->A,50.749,4.106,1.00855
121,E->B,78.478,19.819,0.99679
121,E->C,89.1,9.203,1.2995
121,E->D,178.809,13.795,0.96854
121,E->F,33.182,-1.691,0.94247
121,E->G,84.522,8.733,0.93655
121,E->H,128.285,0.24,1.09927
121,F->A,170.875,0.077,1.11749
121,F->B,51.978,1.772,0.96638
121,F->C,64.056,-2.063,0.89355
121,F->D,115.696,-9.56,0.75326
121,F->E,26.406,-3.045,1.14643
121,F->G,89.084,-9.357,1.22387
121,F->H,218.511,24.341,1.06028
121,G->A,99.554,2.221,0.90243
121,G->B,16.379,-5.894,1.08143
121,G->C,52.2,-0.886,1.02649
121,G->D,57.172,-2.003,0.95682
121,G->E,138.075,-10.097,1.14972
121,G->F,72.185,0.801,1.00723
121,G->H,17.483,0.576,1.14919
121,H->A,72.93,7.351,1.00188
121,H->B,83.645,-5.782,1.01896
121,H->C,52.343,-2.883,1.08756
121,H->D,44.126,2.945,0.74207
121,H->E,694.023,-27.255,0.94341
121,H->F,123.057,-4.394,0.90133
121,H->G,140.618,18.134,0.94836
122,A->B,66.982,-2.502,1.21358
122,A->C,46.272,5.202,0.76889
122,A->D,22.807,-0.663,1.17122
122,A->E,93.752,0.328,1.21095
122,A->F,121.225,-10.44,0.68112
122,A->G,67.669,-6.671,0.82957
122,A->H,130.819,12.264,0.90298
122,B->A,35.114,5.597,1.00782
122,B->C,50.18,5.365,1.05553
122,B->D,81.264,3.085,0.93727
122,B->E,57.755,-3.486,1.09143
122,B->F,116.681,8.263,1.0948
122,B->G,,-3.905,1.03008
122,B->H,67.398,9.737,1.0384
122,C->A,27.135,-5.469,1.06047
122,C->B,52.187,1.441,0.87769
122,C->D,113.739,4.504,1.03473
122,C->E,132.195,-8.594,0.90691
122,C->F,63.611,9.48,1.02753
122,C->G,28.796,-4.529,0.90248
122,C->H,31.756,-6.646,1.08789
122,D->A,104.559,27.898,0.96078
122,D->B,65.073,17.765,1.11607
122,D->C,66.829,-2.521,1.01815
122,D->E,40.03,-0.381,0.92265
122,D->F,37.015,8.301,1.00882
122,D->G,125.598,-5.026,1.08609
122,D->H,100.741,-0.44,1.07488
122,E->A,67.646,2.065,1.001
122,E->B,79.141,2.093,0.98992
122,E->C,94.766,10.594,1.29552
122,E->D,188.351,-16.574,0.97236
122,E->F,42.747,4.951,0.94455
122,E->G,98.413,-2.927,0.93257
122,E->H,133.799,8.225,1.09875
122,F->A,179.974,-13.087,1.11142
122,F->B,53.306,-9.011,0.9658
122,F->C,60.546,5.395,0.89257
122,F->D,110.449,6.76,0.75486
122,F->E,39.869,-5.041,1.15244
122,F->G,102.411,4.996,1.22863
122,F->H,226.384,-9.899,1.05878
122,G->A,102.345,-12.011,0.90938
122,G->B,25.505,-5.825,1.07994
122,G->C,,-2.184,1.0242
122,G->D,57.253,-13.671,0.95649
122,G->E,147.579,-11.011,1.14862
122,G->F,79.367,12.179,0.99853
122,G->H,15.927,3.847,1.15192
122,H->A,80.581,-5.475,1.00226
122,H->B,,1.485,1.02015
122,H->C,61.065,-7.912,1.08976
122,H->D,40.794,-0.086,0.74072
122,H->E,242.058,-27.922,0.94994
122,H->F,135.985,19.905,0.89702
122,H->G,138.534,-11.211,0.94858
123,A->B,63.383,1.608,1.22145
123,A->C,41.695,-0.811,0.76057
123,A->D,25.93,1.676,1.17539
123,A->E,93.052,1.673,1.21787
123,A->F,110.25,11.288,0.68241
123,A->G,65.363,3.854,0.82761
123,A->H,130.337,-1.314,0.90014
123,B->A,29.885,1.737,1.00917
123,B->C,43.951,4.304,1.05335
123,B->D,82.976,11.466,0.92911
123,B->E,61.024,6.588,1.09418
123,B->F,108.588,6.729,1.09234
123,B->G,108.937,2.782,1.0307
123,B->H,53.095,0.497,1.03681
123,C->A,38.861,1.507,1.05876
123,C->B,65.226,-1.562,0.87115
123,C->D,104.649,-1.982,1.03952
123,C->E,116.117,-4.45,0.90222
123,C->F,58.644,1.612,1.03536
123,C->G,25.78,-5.276,0.90378
123,C->H,31.486,0.053,1.08449
123,D->A,108.389,-2.667,0.95889
123,D->B,65.812,-0.585,1.11653
123,D->C,66.105,-5.498,1.0116
123,D->E,39.098,-3.393,0.9179
123,D->F,35.115,3.841,1.00871
123,D->G,134.006,-12.358,1.08062
123,D->H,95.499,4.448,1.06951
123,E->A,47.417,8.17,1.00905
123,E->B,75.398,14.84,0.98866
123,E->C,90.608,5.123,1.28111
123,E->D,180.311,22.086,0.96598
123,E->F,33.128,2.249,0.94732
123,E->G,85.222,6.736,0.93209
123,E->H,121.391,-17.442,1.09548
123,F->A,165.821,9.982,1.11912
123,F->B,47.048,-6.104,0.95635
123,F->C,61.821,13.07,0.88696
123,F->D,106.619,14.729,0.76306
123,F->E,27.224,-4.707,1.1544
123,F->G,91.991,-1.899,1.22809
123,F->H,224.327,16.303,1.0636
123,G->A,91.778,9.245,0.89772
123,G->B,11.416,-8.466,1.07987
123,G->C,42.463,-3.978,1.02393
123,G->D,52.232,-10.787,0.95733
123,G->E,146.415,-13.899,1.15683
123,G->F,74.925,13.923,1.008
123,G->H,25.29,2.404,1.14784
123,H->A,79.212,20.374,0.99685
123,H->B,88.686,-1.538,1.02425
123,H->C,60.658,3.646,1.09137
123,H->D,42.856,-4.312,0.74413
123,H->E,231.916,5.329,0.94992
123,H->F,126.526,18.522,0.90013
123,H->G,130.624,23.626,0.94507
124,A->B,73.038,-4.755,1.22486
124,A->C,41.695,-2.447,0.76316
124,A->D,19.459,3.127,1.17121
124,A->E,82.326,3.842,1.23154
124,A->F,105.422,-3.731,0.6782
124,A->G,54.125,0.264,0.82765
124,A->H,122.532,-24.604,0.90116
124,B->A,27.172,1.412,1.00288
124,B->C,34.933,7.823,1.04298
124,B->D,79.064,11.14,0.93262
124,B->E,170.753,7.411,1.08429
124,B->F,109.881,6.415,1.09635
124,B->G,102.849,3.775,1.02832
124,B->H,62.935,-1.74,1.04178
124,C->A,29.305,-0.4,1.05551
124,C->B,55.895,14.666,0.8712
124,C->D,106.767,20.996,1.0304
124,C->E,329.666,0.814,0.89977
124,C->F,61.759,-2.201,1.03366
124,C->G,19.913,-3.401,0.90948
124,C->H,93.266,-8.043,1.09138
124,D->A,93.641,9.908,0.96664
124,D->B,60.206,1.183,1.11572
124,D->C,61.987,3.323,1.01572
124,D->E,36.688,-2.84,0.92176
124,D->F,34.838,2.843,1.01165
124,D->G,123.844,-10.152,1.08316
124,D->H,88.254,-5.684,1.06586
124,E->A,52.431,2.402,1.01441
124,E->B,81.399,-13.42,0.99393
124,E->C,83.965,8.911,1.2762
124,E->D,175.052,-15.675,0.96567
124,E->F,31.528,0.963,0.94133
124,E->G,91.391,-5.896,0.92899
124,E->H,116.975,-5.535,1.09594
124,F->A,169.403,-4.212,1.1112
124,F->B,52.745,-13.407,0.95007
124,F->C,52.733,-0.758,0.87994
124,F->D,110.368,-25.567,0.76812
124,F->E,29.148,-1.92,1.16612
124,F->G,85.226,-3.88,1.23251
124,F->H,202.766,0.405,1.05908
124,G->A,97.946,11.054,0.8962
124,G->B,12.068,-5.951,1.06864
124,G->C,38.901,-7.044,1.02179
124,G->D,50.02,-1.936,0.95476
124,G->E,134.762,12.922,1.16142
124,G->F,66.153,-10.331,1.01355
124,G->H,21.552,4.783,1.15088
124,H->A,66.001,5.574,0.98734
124,H->B,76.801,4.305,1.02696
124,H->C,51.526,10.815,1.09301
124,H->D,44.965,-3.755,0.73887
124,H->E,217.636,-0.382,0.94221
124,H->F,121.887,7.952,0.90194
124,H->G,127.322,-15.902,0.94188
125,A->B,36.309,2.804,1.2265
125,A->C,17.856,-1.267,0.76311
125,A->D,36.487,-1.358,1.17122
125,A->E,47.625,-2.639,1.2236
125,A->F,63.069,-3.082,0.68176
125,A->G,37.864,-4.947,0.8248
125,A->H,70.067,5.611,0.89419
125,B->A,13.691,-0.872,0.9917
125,B->C,24.984,0.638,1.04294
125,B->D,39.439,0.644,0.92883
125,B->E,32.044,1.635,1.08139
125,B->F,67.874,5.34,1.09846
125,B->G,46.736,-1.988,1.03842
125,B->H,36.765,3.067,1.03828
125,C->A,15.671,1.367,1.04856
125,C->B,26.869,2.789,0.87127
125,C->D,67.952,3.324,1.02984
125,C->E,52.453,2.567,0.90465
125,C->F,28.517,1.51,1.04602
125,C->G,11.641,-2.621,0.90926
125,C->H,19.781,-3.269,1.09786
125,D->A,51.238,1.758,0.96076
125,D->B,31.427,6.038,1.11077
125,D->C,31.383,2.479,1.01589
125,D->E,23.905,1.038,0.9205
125,D->F,31.294,-2.234,1.01403
125,D->G,66.664,2.896,1.0843
125,D->H,52.195,4.16,1.06419
125,E->A,34.523,0.354,1.0022
125,E->B,41.568,-1.74,0.99226
125,E->C,50.865,1.134,1.28342
125,E->D,99.088,0.933,0.97022
125,E->F,15.506,-1.137,0.9295
125,E->G,52.446,-2.573,0.93104
125,E->H,62.83,-2.054,1.08746
125,F->A,91.144,-14.025,1.10837
125,F->B,22.859,-2.475,0.94741
125,F->C,26.916,-1.616,0.88457
125,F->D,60.457,-1.533,0.76785
125,F->E,9.628,-0.868,1.16527
125,F->G,53.872,-8.429,1.2318
125,F->H,115.856,-19.464,1.05582
125,G->A,56.55,1.08,0.88738
125,G->B,6.776,-1.406,1.07174
125,G->C,22.579,0.359,1.02687
125,G->D,25.403,1.683,0.95679
125,G->E,75.115,-11.731,1.15649
125,G->F,43.741,1.907,1.01082
125,G->H,11.892,0.352,1.15761
125,H->A,38.646,0.239,0.99007
125,H->B,47.101,-0.801,1.02522
125,H->C,30.089,0.231,1.09377
125,H->D,22.882,-2.103,0.74388
125,H->E,119.221,13.617,0.94639
125,H->F,65.267,6.165,0.89867
125,H->G,69.576,-2.368,0.94603
126,A->B,21.466,0.423,1.22826
126,A->C,20.041,-1.125,0.7703
126,A->D,6.232,-1.759,1.16304
126,A->E,33.241,-2.908,1.22546
126,A->F,148.253,1.515,0.6795
126,A->G,18.601,3.625,0.82717
126,A->H,65.031,4.286,0.89575
126,B->A,4.638,-0.241,0.99499
126,B->C,15.514,3.395,1.04724
126,B->D,47.185,-0.829,0.91719
126,B->E,22.496,-3.322,1.08644
126,B->F,54.532,-2.302,1.09887
126,B->G,47.012,-1.401,1.03626
126,B->H,18.998,2.782,1.0413
126,C->A,13.283,-2.55,1.05047
126,C->B,22.42,-0.513,0.86611
126,C->D,45.996,-0.977,1.0301
126,C->E,58.005,6.707,0.90212
126,C->F,22.565,0.555,1.04664
126,C->G,4.317,-0.426,0.90837
126,C->H,14.687,0.649,1.09244
126,D->A,41.039,0.281,0.95577
126,D->B,25.773,2.362,1.11267
126,D->C,28.11,-0.28,1.01086
126,D->E,13.521,-0.236,0.92763
126,D->F,48.123,4.91,1.01374
126,D->G,52.026,-5.768,1.08074
126,D->H,37.354,2.874,1.06776
126,E->A,24.446,0.236,0.99607
126,E->B,35.336,2.922,0.99121
126,E->C,26.764,-2.807,1.28427
126,E->D,79.008,-4.879,0.97782
126,E->F,9.126,-2.507,0.93231
126,E->G,39.863,-2.6,0.93474
126,E->H,52.284,-2.035,1.08944
126,F->A,74.724,-0.406,1.10522
126,F->B,17.924,-0.411,0.94646
126,F->C,22.94,1.518,0.8858
126,F->D,149.904,1.856,0.75954
126,F->E,6.467,-3.808,1.16446
126,F->G,47.118,6.161,1.22
126,F->H,97.428,-6.906,1.05331
126,G->A,35.162,-8.416,0.89303
126,G->B,1.0,-1.507,1.0866
126,G->C,25.791,-2.171,1.02499
126,G->D,16.223,2.111,0.95213
126,G->E,61.55,2.684,1.15618
126,G->F,33.121,-4.292,1.01934
126,G->H,10.952,0.245,1.15658
126,H->A,32.258,2.643,0.99743
126,H->B,28.258,1.774,1.02513
126,H->C,21.556,5.045,1.09398
126,H->D,21.9,-0.556,0.74554
126,H->E,96.236,-22.821,0.94456
126,H->F,,5.596,0.89049
126,H->G,58.731,-6.197,0.94348
127,A->B,70.663,-1.899,1.21936
127,A->C,46.492,3.745,0.77272
127,A->D,23.918,-4.094,1.16125
127,A->E,86.763,-3.977,1.22104
127,A->F,110.179,-6.687,0.6798
127,A->G,54.27,-0.856,0.8283
127,A->H,114.233,1.235,0.89186
127,B->A,27.605,-0.741,0.99374
127,B->C,34.187,4.577,1.05335
127,B->D,83.461,-1.015,0.91674
127,B->E,60.612,14.002,1.07929
127,B->F,103.925,0.407,1.09636
127,B->G,99.962,3.624,1.04184
127,B->H,60.538,10.3,1.04431
127,C->A,28.939,0.521,1.0435
127,C->B,49.225,-2.321,0.86601
127,C->D,89.026,32.804,1.03587
127,C->E,110.458,3.703,0.90825
127,C->F,61.654,-6.472,1.04529
127,C->G,13.84,-5.26,0.91539
127,C->H,30.263,-4.866,1.08958
127,D->A,96.172,12.293,0.95839
127,D->B,63.108,6.809,1.10742
127,D->C,,8.078,1.00854
127,D->E,47.93,0.204,0.92946
127,D->F,32.073,-0.022,1.01465
127,D->G,125.406,-2.618,1.07886
127,D->H,94.96,7.287,1.0677
127,E->A,56.257,9.502,0.98931
127,E->B,236.714,2.213,0.9802
127,E->C,92.403,-8.167,1.28407
127,E->D,172.294,-19.567,0.97946
127,E->F,34.565,4.002,0.94535
127,E->G,82.245,10.39,0.92848
127,E->H,119.746,-19.975,1.09447
127,F->A,163.64,-23.866,1.10395
127,F->B,51.495,-3.46,0.94637
127,F->C,55.212,-12.674,0.88612
127,F->D,100.916,-15.902,0.76208
127,F->E,22.929,-3.443,1.16086
127,F->G,90.644,-11.938,1.22013
127,F->H,208.832,1.697,1.05468
127,G->A,98.072,7.576,0.90238
127,G->B,17.113,-5.414,1.07979
127,G->C,50.663,3.3,1.02413
127,G->D,44.558,-0.363,0.9583
127,G->E,135.693,9.346,1.13917
127,G->F,71.632,-10.192,1.01185
127,G->H,21.355,6.944,1.15068
127,H->A,70.872,6.576,0.99374
127,H->B,89.283,-4.505,1.02686
127,H->C,53.316,-13.572,1.09444
127,H->D,34.956,-7.283,0.74723
127,H->E,214.329,-9.602,0.93834
127,H->F,130.197,6.884,0.89401
127,H->G,126.795,4.168,0.95363
128,A->B,67.321,-1.545,1.22086
128,A->C,49.239,9.389,0.77263
128,A->D,23.318,0.198,1.15185
128,A->E,93.831,12.448,1.2262
128,A->F,114.769,-15.104,0.68303
128,A->G,67.238,-2.496,0.83065
128,A->H,125.894,-5.051,0.89286
128,B->A,28.187,-4.01,0.98802
128,B->C,44.93,1.798,1.04358
128,B->D,93.268,1.711,0.91002
128,B->E,58.804,9.026,1.07404
128,B->F,113.044,-7.469,1.09261
128,B->G,104.812,5.821,1.03407
128,B->H,59.296,-4.135,1.05014
128,C->A,,-0.525,1.05098
128,C->B,63.807,-10.348,0.87093
128,C->D,112.789,-1.674,1.03352
128,C->E,126.594,4.961,0.91576
128,C->F,64.878,-5.98,1.04476
128,C->G,19.812,-1.868,0.92183
128,C->H,27.794,-6.304,1.0935
128,D->A,109.138,-1.27,0.9539
128,D->B,59.586,4.917,1.09344
128,D->C,60.341,-7.509,1.01551
128,D->E,49.567,10.722,0.92895
128,D->F,32.755,1.896,1.01883
128,D->G,120.392,-5.545,1.07539
128,D->H,102.753,-10.509,1.06766
128,E->A,54.731,1.045,0.99011
128,E->B,82.76,-12.159,0.98063
128,E->C,83.412,-0.244,1.28953
128,E->D,182.349,12.381,0.98194
128,E->F,38.395,6.646,0.94918
128,E->G,94.791,17.057,0.92994
128,E->H,125.628,1.378,1.09713
128,F->A,170.61,3.345,1.11457
128,F->B,48.541,-7.277,0.94068
128,F->C,62.709,5.337,0.87588
128,F->D,113.403,-2.626,0.75893
128,F->E,22.062,-3.238,1.15543
128,F->G,95.101,-5.458,1.21766
128,F->H,212.338,-15.446,1.06026
128,G->A,100.355,-10.017,0.8974
128,G->B,12.94,-5.18,1.08193
128,G->C,40.766,4.443,1.02951
128,G->D,56.195,-7.733,0.96005
128,G->E,151.292,-6.025,1.14216
128,G->F,81.209,-7.177,1.01101
128,G->H,24.538,-1.869,1.14615
128,H->A,74.518,-6.819,0.99699
128,H->B,81.939,6.286,1.03047
128,H->C,54.857,-4.697,1.08736
128,H->D,40.276,3.316,0.74937
128,H->E,236.189,-15.576,0.93593
128,H->F,119.213,-12.117,0.89712
128,H->G,142.674,1.115,0.94924
129,A->B,70.045,2.782,1.21599
129,A->C,42.595,-12.089,0.77145
129,A->D,31.633,-2.239,1.15565
129,A->E,90.307,5.186,1.22173
129,A->F,127.085,2.276,0.6843
129,A->G,69.312,4.326,0.83157
129,A->H,135.895,11.696,0.89146
129,B->A,30.401,2.469,0.99747
129,B->C,53.74,5.319,1.04705
129,B->D,87.336,20.947,0.91546
129,B->E,53.785,-2.285,1.08763
129,B->F,113.504,-8.77,1.09217
129,B->G,97.817,12.068,1.02815
129,B->H,72.651,9.676,1.05188
129,C->A,27.85,4.999,1.04712
129,C->B,55.368,6.941,0.87196
129,C->D,117.17,25.616,1.04001
129,C->E,124.346,13.855,0.9193
129,C->F,70.885,-5.516,1.04834
129,C->G,18.563,-5.375,0.92025
129,C->H,38.261,-7.191,1.09547
129,D->A,104.882,-3.511,0.95657
129,D->B,71.127,3.636,1.0981
129,D->C,65.013,-7.083,1.01191
129,D->E,47.608,-0.911,0.92258
129,D->F,46.374,8.833,1.03582
129,D->G,127.499,-0.057,1.07549
129,D->H,102.813,0.659,1.07513
129,E->A,51.346,2.281,0.98856
129,E->B,85.3,11.103,0.98111
129,E->C,98.456,6.465,1.29958
129,E->D,192.768,-6.424,0.98567
129,E->F,49.386,-4.606,0.95199
129,E->G,94.672,1.475,0.91672
129,E->H,131.839,-2.841,1.09509
129,F->A,185.207,21.688,1.11791
129,F->B,47.294,-3.739,0.937
129,F->C,63.089,7.173,0.88281
129,F->D,117.708,10.711,0.75344
129,F->E,32.45,-1.807,1.14517
129,F->G,94.249,-2.262,1.22075
129,F->H,222.237,-5.039,1.05608
129,G->A,112.481,28.024,0.89833
129,G->B,10.079,-4.269,1.07926
129,G->C,45.665,2.189,1.02887
129,G->D,51.418,4.746,0.96473
129,G->E,151.266,-23.379,1.14719
129,G->F,71.711,-7.644,1.02179
129,G->H,20.533,0.928,1.15017
129,H->A,81.885,-8.41,0.99974
129,H->B,86.373,17.984,1.03361
129,H->C,57.818,1.205,1.08908
129,H->D,42.951,1.681,0.74943
129,H->E,242.732,38.732,0.93719
129,H->F,131.892,-7.007,0.89437
129,H->G,131.039,4.593,0.94176
130,A->B,66.883,-0.723,1.21509
130,A->C,53.446,0.843,0.7724
130,A->D,17.242,0.243,1.14711
130,A->E,89.269,-2.109,1.22593
130,A->F,121.588,0.896,0.6844
130,A->G,57.95,-0.915,0.83004
130,A->H,125.963,-12.241,0.89002
130,B->A,31.831,7.26,0.99957
130,B->C,47.42,4.746,1.04369
130,B->D,87.351,9.025,0.91609
130,B->E,65.412,-2.476,1.08736
130,B->F,118.405,0.225,1.09971
130,B->G,102.342,26.259,1.02635
130,B->H,61.396,2.753,1.05836
130,C->A,32.988,-3.185,1.04763
130,C->B,53.625,12.432,0.87132
130,C->D,107.464,-8.527,1.04195
130,C->E,105.477,30.482,0.91446
130,C->F,65.503,-1.635,1.04441
130,C->G,20.2,-2.818,0.92721
130,C->H,32.505,-11.007,1.10294
130,D->A,101.303,6.384,0.95198
130,D->B,56.495,2.175,1.0929
130,D->C,70.799,-2.391,1.00505
130,D->E,38.401,-0.372,0.92051
130,D->F,122.058,9.226,1.037
130,D->G,125.603,-3.451,1.08004
130,D->H,100.849,0.632,1.07083
130,E->A,51.327,-1.275,0.99465
130,E->B,89.939,-6.068,0.98616
130,E->C,,19.903,1.28947
130,E->D,182.064,40.96,0.98798
130,E->F,41.377,-0.843,0.94862
130,E->G,89.752,7.168,0.91389
130,E->H,131.151,-14.857,1.09075
130,F->A,179.829,24.845,1.13149
130,F->B,47.336,5.143,0.93913
130,F->C,54.849,-6.797,0.88332
130,F->D,109.18,14.548,0.75244
130,F->E,17.622,-5.161,1.14796
130,F->G,93.855,1.224,1.21222
130,F->H,227.8,6.254,1.04659
130,G->A,97.347,2.524,0.9005
130,G->B,18.695,-4.267,1.08034
130,G->C,47.007,0.234,1.02115
130,G->D,53.124,-3.106,0.96473
130,G->E,139.321,-8.542,1.14712
130,G->F,67.634,-3.267,1.03824
130,G->H,26.786,4.214,1.14973
130,H->A,82.734,14.462,1.00757
130,H->B,85.122,16.953,1.03122
130,H->C,60.547,0.497,1.08712
130,H->D,41.612,-1.411,0.74219
130,H->E,239.467,-15.599,0.93792
130,H->F,125.611,7.093,0.8974
130,H->G,130.108,-8.909,0.94188
131,A->B,59.26,11.102,1.21461
131,A->C,39.773,4.225,0.76901
131,A->D,16.199,-6.008,1.15232
131,A->E,86.347,-5.834,1.23497
131,A->F,116.174,5.604,0.68644
131,A->G,65.21,-8.538,0.82905
131,A->H,120.62,8.319,0.89375
131,B->A,31.164,2.755,0.99962
131,B->C,35.905,8.342,1.05746
131,B->D,82.774,-6.792,0.92184
131,B->E,56.525,6.14,1.07857
131,B->F,106.694,4.853,1.1016
131,B->G,100.396,13.084,1.01943
131,B->H,62.538,3.218,1.06572
131,C->A,33.207,-7.495,1.04549
131,C->B,54.291,3.014,0.86727
131,C->D,92.578,6.498,1.03774
131,C->E,117.033,-0.749,0.91195
131,C->F,54.275,3.207,1.05529
131,C->G,22.99,-7.7,0.9271
131,C->H,36.832,-3.534,1.10965
131,D->A,95.823,16.06,0.9577
131,D->B,57.097,10.297,1.09779
131,D->C,58.503,0.541,1.00365
131,D->E,37.573,0.73,0.92121
131,D->F,39.051,-2.75,1.04654
131,D->G,127.243,-5.457,1.08356
131,D->H,102.046,-11.41,1.07366
131,E->A,48.332,1.743,0.99417
131,E->B,81.317,3.136,0.98181
131,E->C,84.694,-11.217,1.28923
131,E->D,173.058,7.666,0.99425
131,E->F,51.01,2.229,0.94263
131,E->G,87.847,7.416,0.91099
131,E->H,118.521,-14.444,1.08588
131,F->A,160.585,15.119,1.12818
131,F->B,52.734,-2.511,0.94853
131,F->C,60.734,6.081,0.88381
131,F->D,,-9.04,0.75216
131,F->E,20.86,-5.823,1.13819
131,F->G,92.947,-1.463,1.22314
131,F->H,211.914,10.122,1.04544
131,G->A,95.763,-9.696,0.90365
131,G->B,14.345,-7.046,1.08731
131,G->C,49.65,-8.746,1.02172
131,G->D,51.692,-6.006,0.97023
131,G->E,129.669,-7.399,1.14574
131,G->F,59.352,6.445,1.04973
131,G->H,22.657,3.604,1.15352
131,H->A,79.46,-1.111,0.99797
131,H->B,88.967,-10.209,1.03909
131,H->C,41.822,-8.82,1.08368
131,H->D,35.141,-0.024,0.73698
131,H->E,235.802,-19.583,0.94701
131,H->F,118.08,6.653,0.89804
131,H->G,129.086,-5.872,0.93871
132,A->B,33.879,-0.027,1.20608
132,A->C,11.887,2.694,0.76687
132,A->D,10.096,-1.484,1.16154
132,A->E,51.463,-4.142,1.23624
132,A->F,63.1,-3.427,0.68587
132,A->G,41.713,-1.769,0.82309
132,A->H,72.091,-5.876,0.89155
132,B->A,13.473,-2.141,0.9974
132,B->C,23.315,6.552,1.06721
132,B->D,44.36,-1.906,0.9167
132,B->E,,-1.127,1.07676
132,B->F,62.158,11.815,1.09681
132,B->G,61.449,-5.487,1.02112
132,B->H,36.058,0.569,1.06832
132,C->A,24.844,-0.587,1.04336
132,C->B,30.446,-1.613,0.87141
132,C->D,45.584,1.394,1.03738
132,C->E,55.26,3.381,0.91008
132,C->F,26.794,3.449,1.05971
132,C->G,8.964,-2.127,0.92545
132,C->H,19.651,-5.961,1.10648
132,D->A,54.636,8.942,0.95563
132,D->B,24.178,0.412,1.09893
132,D->C,35.682,-3.326,0.99624
132,D->E,15.907,-3.809,0.92015
132,D->F,23.945,2.015,1.04975
132,D->G,67.28,7.018,1.08659
132,D->H,50.883,-5.953,1.06926
132,E->A,85.812,4.75,0.99657
132,E->B,46.251,4.733,0.98105
132,E->C,48.557,-7.628,1.27759
132,E->D,96.061,8.252,0.98552
132,E->F,29.536,4.773,0.93918
132,E->G,45.908,-5.07,0.92156
132,E->H,63.26,6.872,1.09048
132,F->A,89.235,-12.879,1.12928
132,F->B,26.029,1.373,0.95299
132,F->C,35.073,0.722,0.87829
132,F->D,53.071,-6.348,0.75043
132,F->E,11.974,-0.819,1.1282
132,F->G,52.036,-4.143,1.21665
132,F->H,110.067,-0.39,1.04158
132,G->A,58.812,4.084,0.90189
132,G->B,5.871,-2.08,1.08854
132,G->C,23.968,-1.692,1.02187
132,G->D,26.446,-1.108,0.97361
132,G->E,75.565,-5.649,1.14478
132,G->F,44.278,-1.95,1.05648
132,G->H,10.804,2.436,1.15616
132,H->A,33.958,-0.439,0.99835
132,H->B,51.877,6.97,1.04718
132,H->C,30.497,-1.065,1.08927
132,H->D,18.41,-1.204,0.73209
132,H->E,122.355,4.108,0.94696
132,H->F,57.788,3.568,0.89809
132,H->G,79.073,-11.304,0.93792
133,A->B,26.273,-0.119,1.20857
133,A->C,21.186,-0.253,0.76928
133,A->D,14.774,-1.245,1.16634
133,A->E,37.49,-0.829,1.23307
133,A->F,45.495,3.381,0.6851
133,A->G,10.333,-2.095,0.82405
133,A->H,51.761,-3.323,0.89755
133,B->A,12.887,2.704,0.99942
133,B->C,12.253,1.591,1.07582
133,B->D,39.163,-1.208,0.91928
133,B->E,21.274,-3.191,1.08182
133,B->F,52.705,-10.25,1.09717
133,B->G,39.043,1.182,1.01752
133,B->H,24.511,-3.196,1.06952
133,C->A,11.74,-2.184,1.04955
133,C->B,22.108,-0.679,0.87015
133,C->D,51.409,-2.583,1.02546
133,C->E,,-1.572,0.9039
133,C->F,24.56,2.927,1.06209
133,C->G,11.445,-3.693,0.92476
133,C->H,22.532,-0.738,1.10422
133,D->A,49.323,-4.261,0.9562
133,D->B,24.989,-1.782,1.10202
133,D->C,24.374,-1.984,0.98822
133,D->E,22.708,0.594,0.922
133,D->F,22.325,-0.484,1.04733
133,D->G,62.754,3.203,1.0833
133,D->H,44.985,-7.078,1.07631
133,E->A,27.838,0.123,0.99697
133,E->B,36.057,0.156,0.98142
133,E->C,44.023,4.066,1.27975
133,E->D,67.156,-2.223,0.97621
133,E->F,13.732,-0.423,0.93447
133,E->G,38.577,-1.798,0.92577
133,E->H,53.903,-0.529,1.08768
133,F->A,79.394,-7.716,1.13135
133,F->B,21.26,-1.58,0.95644
133,F->C,28.424,-0.81,0.8734
133,F->D,49.496,0.941,0.74733
133,F->E,18.032,-0.871,1.12403
133,F->G,27.841,5.718,1.21437
133,F->H,90.672,-5.687,1.0429
133,G->A,40.846,1.575,0.8981
133,G->B,2.009,-2.286,1.10162
133,G->C,23.815,1.063,1.02327
133,G->D,23.045,-0.351,0.96608
133,G->E,55.116,-3.592,1.14213
133,G->F,35.638,-4.495,1.05376
133,G->H,18.213,0.035,1.16523
133,H->A,31.299,0.637,0.99824
133,H->B,37.788,2.103,1.04259
133,H->C,31.955,-0.034,1.09305
133,H->D,16.696,-2.869,0.73244
133,H->E,107.411,-17.578,0.94682
133,H->F,59.135,3.683,0.90723
133,H->G,59.822,5.698,0.93574
134,A->B,70.883,4.551,1.1933
134,A->C,39.09,2.723,0.76875
134,A->D,,0.122,1.16438
134,A->E,82.977,11.182,1.22897
134,A->F,102.729,15.285,0.68202
134,A->G,68.314,-5.025,0.82618
134,A->H,121.967,-16.825,0.89299
134,B->A,25.576,-0.737,0.99965
134,B->C,41.661,7.987,1.07436
134,B->D,89.077,-4.387,0.91274
134,B->E,63.254,-7.015,1.07708
134,B->F,105.394,-12.886,1.09886
134,B->G,98.825,-5.98,1.01912
134,B->H,58.442,2.943,1.0691
134,C->A,29.089,0.428,1.06328
134,C->B,55.033,3.82,0.87345
134,C->D,102.71,1.449,1.03309
134,C->E,109.463,-18.369,0.90967
134,C->F,62.606,-1.125,1.06735
134,C->G,21.413,-6.074,0.91912
134,C->H,36.872,-5.809,1.09892
134,D->A,94.024,10.63,0.9556
134,D->B,64.042,3.672,1.10543
134,D->C,59.046,-2.704,0.98276
134,D->E,35.971,-0.038,0.92879
134,D->F,37.494,-0.661,1.05434
134,D->G,118.65,-18.12,1.08879
134,D->H,102.678,-5.437,1.08316
134,E->A,49.21,5.564,0.99727
134,E->B,86.731,-2.722,0.98567
134,E->C,81.741,6.122,1.28191
134,E->D,187.959,-7.47,0.97442
134,E->F,38.096,-0.531,0.93635
134,E->G,86.403,2.866,0.93055
134,E->H,116.177,14.751,1.09564
134,F->A,164.902,12.472,1.12572
134,F->B,43.881,-12.156,0.95706
134,F->C,,-3.976,0.87913
134,F->D,100.422,0.648,0.74956
134,F->E,25.113,-2.221,1.11725
134,F->G,89.679,-4.969,1.21474
134,F->H,205.935,-10.305,1.03695
134,G->A,96.969,15.39,0.90258
134,G->B,8.915,-8.022,1.1007
134,G->C,37.487,-3.6,1.02159
134,G->D,53.786,-2.057,0.96723
134,G->E,130.068,7.09,1.14047
134,G->F,73.301,-2.146,1.05629
134,G->H,31.299,1.39,1.1664
134,H->A,73.881,-3.072,1.00673
134,H->B,81.012,-6.746,1.04797
134,H->C,49.29,-10.988,1.0932
134,H->D,44.07,-0.609,0.73214
134,H->E,222.67,14.319,0.9524
134,H->F,133.678,7.813,0.90597
134,H->G,128.963,-10.921,0.93566
135,A->B,79.64,1.061,1.18949
135,A->C,35.692,2.604,0.77121
135,A->D,18.37,-1.927,1.16717
135,A->E,81.539,9.974,1.23093
135,A->F,118.842,-16.994,0.67692
135,A->G,75.967,-5.141,0.82637
135,A->H,130.219,-12.788,0.88849
135,B->A,30.959,1.071,0.99715
135,B->C,41.401,1.538,1.0742
135,B->D,257.53,-8.506,0.9129
135,B->E,60.84,-0.843,1.07747
135,B->F,110.25,-11.364,1.09399
135,B->G,95.255,9.887,1.02563
135,B->H,54.425,1.993,1.06054
135,C->A,22.882,3.608,1.05662
135,C->B,56.327,6.678,0.87022
135,C->D,98.229,4.011,1.02766
135,C->E,115.699,0.736,0.91136
135,C->F,64.233,2.38,1.06423
135,C->G,20.767,0.357,0.926
135,C->H,29.957,-6.742,1.09961
135,D->A,103.656,15.274,0.95834
135,D->B,68.876,5.794,1.10556
135,D->C,58.254,4.884,0.98474
135,D->E,43.289,-1.622,0.92303
135,D->F,41.264,7.264,1.04509
135,D->G,134.265,26.267,1.08882
135,D->H,106.948,1.409,1.08469
135,E->A,61.462,3.883,1.00223
135,E->B,76.402,-20.267,0.97943
135,E->C,93.477,-2.366,1.28172
135,E->D,185.681,-10.639,0.97444
135,E->F,39.196,8.332,0.93825
135,E->G,94.16,-2.233,0.9356
135,E->H,127.952,14.887,1.09779
135,F->A,178.048,-7.271,1.11934
135,F->B,56.17,-1.746,0.95395
135,F->C,56.955,1.247,0.88076
135,F->D,118.63,-14.314,0.75271
135,F->E,24.593,-2.724,1.12105
135,F->G,92.862,-6.063,1.21068
135,F->H,223.528,-15.0,1.04262
135,G->A,101.977,-0.63,0.90728
135,G->B,12.313,-1.529,1.0887
135,G->C,45.824,1.424,1.02189
135,G->D,61.934,-16.439,0.9762
135,G->E,143.53,18.479,1.14572
135,G->F,61.752,12.964,1.05966
135,G->H,16.551,1.959,1.1742
135,H->A,84.443,1.656,1.02129
135,H->B,83.623,3.525,1.04344
135,H->C,54.773,-4.235,1.09608
135,H->D,36.159,-0.761,0.72903
135,H->E,234.711,5.048,0.94327
135,H->F,127.411,2.344,0.90658
135,H->G,132.855,0.904,0.93296
136,A->B,66.69,-3.754,1.18298
136,A->C,44.97,-5.906,0.76255
136,A->D,24.972,0.286,1.17025
136,A->E,101.351,-2.342,1.22857
136,A->F,127.876,4.041,0.67497
136,A->G,63.384,5.058,0.82629
136,A->H,138.343,-16.813,0.88567
136,B->A,46.661,2.391,0.99369
136,B->C,48.775,4.593,1.07638
136,B->D,95.915,-15.757,0.91335
136,B->E,59.111,-4.367,1.0762
136,B->F,117.319,19.985,1.09196
136,B->G,108.989,-30.703,1.03185
136,B->H,61.265,5.854,1.06524
136,C->A,36.604,-0.409,1.05961
136,C->B,184.682,10.092,0.87602
136,C->D,119.287,12.773,1.02464
136,C->E,133.785,-6.142,0.91542
136,C->F,53.217,-5.33,1.06613
136,C->G,23.823,-8.031,0.93425
136,C->H,39.398,-8.864,1.10031
136,D->A,109.955,-0.844,0.9586
136,D->B,62.665,2.121,1.10969
136,D->C,66.84,-7.219,0.97488
136,D->E,41.585,-2.758,0.92306
136,D->F,49.661,11.275,1.04373
136,D->G,132.113,1.187,1.087
136,D->H,103.254,-8.936,1.09044
136,E->A,162.075,-4.16,1.00422
136,E->B,84.595,-5.884,0.98049
136,E->C,89.406,0.858,1.27285
136,E->D,197.395,6.035,0.96903
136,E->F,31.709,5.156,0.93319
136,E->G,97.272,-1.723,0.93481
136,E->H,138.565,10.047,1.1035
136,F->A,180.609,20.392,1.11999
136,F->B,58.5,-12.097,0.94648
136,F->C,64.324,5.082,0.87362
136,F->D,111.309,-21.51,0.7533
136,F->E,26.49,-8.226,1.11983
136,F->G,97.75,-5.334,1.21565
136,F->H,226.153,20.378,1.03905
136,G->A,,-19.383,0.91386
136,G->B,16.517,-3.598,1.08827
136,G->C,41.384,8.888,1.02004
136,G->D,57.466,0.721,0.97289
136,G->E,156.097,-0.21,1.14517
136,G->F,86.979,12.675,1.06352
136,G->H,25.229,1.187,1.15879
136,H->A,86.323,6.638,1.01327
136,H->B,93.541,-10.592,1.04089
136,H->C,56.998,-8.633,1.1017
136,H->D,44.426,8.15,0.72595
136,H->E,243.319,-42.5,0.94706
136,H->F,132.995,20.893,0.90429
136,H->G,129.324,-6.22,0.93261
137,A->B,60.935,5.845,1.1912
137,A->C,35.446,4.027,0.76637
137,A->D,23.183,-1.744,1.16746
137,A->E,87.844,-6.306,1.2285
137,A->F,110.091,-3.725,0.67769
137,A->G,69.997,2.145,0.83348
137,A->H,123.258,-11.298,0.88821
137,B->A,33.448,-1.933,0.99296
137,B->C,52.786,7.676,1.07407
137,B->D,83.463,-1.081,0.90937
137,B->E,59.42,-1.223,1.06998
137,B->F,120.0,-5.057,1.09482
137,B->G,105.055,20.538,1.03802
137,B->H,,-1.363,1.06763
137,C->A,31.295,1.676,1.05916
137,C->B,48.759,3.574,0.87212
137,C->D,102.95,-3.963,1.02568
137,C->E,112.433,14.044,0.90941
137,C->F,59.146,9.001,1.07065
137,C->G,26.831,-6.989,0.93436
137,C->H,34.981,-6.966,1.10569
137,D->A,100.199,17.551,0.9533
137,D->B,73.33,1.687,1.11337
137,D->C,58.004,-9.782,0.98077
137,D->E,37.912,3.435,0.92776
137,D->F,48.397,1.919,1.0398
137,D->G,127.406,-14.685,1.08826
137,D->H,97.158,-10.07,1.08693
137,E->A,53.127,-1.557,1.00816
137,E->B,75.093,-7.252,0.98323
137,E->C,86.886,0.82,1.26313
137,E->D,183.555,-19.961,0.97397
137,E->F,43.006,1.836,0.93896
137,E->G,88.415,34.89,0.93719
137,E->H,127.907,13.706,1.09323
137,F->A,179.273,-17.825,1.11394
137,F->B,54.941,-12.3,0.95559
137,F->C,60.97,5.595,0.87532
137,F->D,106.905,-11.501,0.75539
137,F->E,25.281,-1.413,1.11518
137,F->G,92.961,1.547,1.21728
137,F->H,226.633,10.206,1.0425
137,G->A,95.948,3.093,0.91897
137,G->B,9.093,-3.914,1.08534
137,G->C,48.047,2.103,1.02408
137,G->D,60.815,-13.842,0.97314
137,G->E,139.65,-2.126,1.14733
137,G->F,75.411,-4.182,1.06916
137,G->H,29.407,3.626,1.17177
137,H->A,77.605,6.663,1.00739
137,H->B,82.586,-1.144,1.03407
137,H->C,62.504,1.937,1.107
137,H->D,42.871,3.674,0.72096
137,H->E,225.794,-23.797,0.94458
137,H->F,120.156,2.755,0.90344
137,H->G,139.392,-22.781,0.92487
138,A->B,71.493,-1.518,1.1906
138,A->C,43.983,-1.685,0.77031
138,A->D,19.651,-1.348,1.16599
138,A->E,82.178,4.889,1.24262
138,A->F,110.507,-15.255,0.68082
138,A->G,63.796,-0.492,0.8284
138,A->H,115.772,-8.26,0.88979
138,B->A,34.309,1.834,0.99702
138,B->C,38.856,9.41,1.07009
138,B->D,86.264,10.727,0.90513
138,B->E,63.024,7.764,1.06742
138,B->F,108.93,1.507,1.10011
138,B->G,97.262,9.299,1.04259
138,B->H,59.443,6.08,1.06246
138,C->A,31.595,-4.571,1.06248
138,C->B,,1.338,0.86964
138,C->D,87.132,-2.703,1.01825
138,C->E,102.626,8.513,0.9071
138,C->F,59.398,3.121,1.06145
138,C->G,23.3,-6.699,0.93221
138,C->H,28.483,-8.056,1.10742
138,D->A,100.556,16.915,0.94491
138,D->B,68.501,20.618,1.10955
138,D->C,59.451,-1.651,0.98389
138,D->E,49.543,-8.72,0.93276
138,D->F,46.487,7.382,1.03594
138,D->G,125.69,1.146,1.09601
138,D->H,100.182,1.477,1.08642
138,E->A,48.558,1.463,1.0064
138,E->B,83.896,-2.022,0.97688
138,E->C,87.374,8.228,1.26411
138,E->D,164.998,-0.375,0.97024
138,E->F,50.303,1.287,0.93539
138,E->G,82.304,1.171,0.94296
138,E->H,119.277,-21.036,1.08205
138,F->A,167.818,5.305,1.11002
138,F->B,47.471,-6.193,0.95558
138,F->C,61.812,-7.35,0.87469
138,F->D,109.294,-0.521,0.74877
138,F->E,17.638,-3.81,1.1118
138,F->G,95.753,-12.024,1.20268
138,F->H,217.378,-24.831,1.0421
138,G->A,94.969,-7.302,0.92129
138,G->B,14.086,-8.004,1.07555
138,G->C,45.18,0.147,1.03135
138,G->D,57.092,-1.62,0.97516
138,G->E,139.729,2.256,1.14887
138,G->F,76.139,3.476,1.07206
138,G->H,22.13,1.652,1.17887
138,H->A,70.268,7.304,1.00898
138,H->B,81.889,2.125,1.03315
138,H->C,55.001,-15.255,1.1058
138,H->D,40.764,-1.645,0.72179
138,H->E,217.263,-36.27,0.94667
138,H->F,120.713,29.499,0.90223
138,H->G,124.551,-12.682,0.91897
139,A->B,35.808,-2.809,1.18777
139,A->C,21.989,0.924,0.76404
139,A->D,9.935,-1.191,1.16524
139,A->E,50.779,-0.947,1.23173
139,A->F,61.798,3.927,0.6776
139,A->G,34.643,-2.001,0.82459
139,A->H,58.942,-7.973,0.8891
139,B->A,14.499,0.385,0.98776
139,B->C,20.825,4.029,1.07286
139,B->D,45.278,6.063,0.91177
139,B->E,33.745,-5.228,1.07439
139,B->F,,3.793,1.09707
139,B->G,44.529,-1.961,1.05449
139,B->H,33.077,-0.948,1.06265
139,C->A,21.953,2.135,1.05632
139,C->B,26.988,3.273,0.88866
139,C->D,59.664,5.097,1.01488
139,C->E,64.862,1.065,0.91459
139,C->F,30.425,-6.309,1.06053
139,C->G,14.992,-0.921,0.92317
139,C->H,14.771,-4.807,1.11482
139,D->A,45.926,5.641,0.94365
139,D->B,34.454,-4.329,1.11242
139,D->C,32.095,5.964,0.9804
139,D->E,22.37,-1.322,0.93318
139,D->F,21.481,0.856,1.03216
139,D->G,79.108,-2.292,1.08848
139,D->H,51.746,-9.814,1.08512
139,E->A,24.175,-0.214,1.00257
139,E->B,45.4,4.923,0.97444
139,E->C,53.717,-3.513,1.26911
139,E->D,95.703,4.111,0.96498
139,E->F,20.9,-1.3,0.93663
139,E->G,47.919,10.984,0.94354
139,E->H,200.835,-5.91,1.09029
139,F->A,92.305,-7.073,1.11539
139,F->B,,-5.22,0.94843
139,F->C,22.355,-3.533,0.86933
139,F->D,62.711,4.221,0.75068
139,F->E,21.877,-4.049,1.11142
139,F->G,52.36,4.316,1.19427
139,F->H,118.174,-5.61,1.04604
139,G->A,44.935,2.159,0.92344
139,G->B,2.431,-3.325,1.07203
139,G->C,14.28,0.337,1.02955
139,G->D,26.22,-0.786,0.97395
139,G->E,79.42,11.321,1.14878
139,G->F,41.035,-1.529,1.08471
139,G->H,3.571,1.788,1.1913
139,H->A,31.122,-3.359,1.01054
139,H->B,47.392,4.696,1.03947
139,H->C,35.493,0.066,1.10906
139,H->D,16.133,0.114,0.7222
139,H->E,118.065,8.793,0.94677
139,H->F,76.472,-0.134,0.90063
139,H->G,75.399,3.721,0.91869
140,A->B,29.818,-0.397,1.18936
140,A->C,27.159,-2.255,0.76625
140,A->D,1.0,-1.289,1.1624
140,A->E,46.145,5.051,1.23224
140,A->F,45.416,5.181,0.67994
140,A->G,29.644,0.869,0.82453
140,A->H,48.28,-1.109,0.88806
140,B->A,7.545,-0.213,0.99616
140,B->C,17.44,3.721,1.06189
140,B->D,32.247,1.525,0.91536
140,B->E,23.82,1.113,1.07695
140,B->F,50.444,-5.446,1.1012
140,B->G,43.403,5.291,1.0602
140,B->H,16.887,-1.588,1.05763
140,C->A,10.214,-0.406,1.05596
140,C->B,30.313,1.1,0.89023
140,C->D,56.068,4.052,1.01967
140,C->E,43.219,1.132,0.91798
140,C->F,27.575,0.828,1.05672
140,C->G,10.504,-1.348,0.92642
140,C->H,12.478,-4.928,1.11923
140,D->A,39.446,11.368,0.94233
140,D->B,80.289,6.857,1.10733
140,D->C,29.263,-0.159,0.97994
140,D->E,22.953,0.121,0.93622
140,D->F,23.429,1.967,1.02496
140,D->G,56.818,-3.272,1.08918
140,D->H,45.554,3.411,1.08416
140,E->A,22.206,2.834,1.0016
140,E->B,31.26,6.979,0.96651
140,E->C,116.657,-0.039,1.26404
140,E->D,77.017,-11.263,0.96146
140,E->F,16.038,-1.367,0.94412
140,E->G,43.292,10.058,0.94784
140,E->H,56.483,5.96,1.09106
140,F->A,65.497,2.086,1.11948
140,F->B,28.24,-4.284,0.95053
140,F->C,25.709,-2.822,0.86991
140,F->D,44.758,-0.144,0.75991
140,F->E,8.99,-2.373,1.11084
140,F->G,39.95,-10.248,1.20194
140,F->H,95.543,11.089,1.05146
140,G->A,47.443,7.55,0.92185
140,G->B,1.0,-1.732,1.07554
140,G->C,17.89,-1.155,1.02772
140,G->D,25.224,-0.67,0.97516
140,G->E,56.19,8.893,1.1451
140,G->F,30.882,0.178,1.08316
140,G->H,19.379,1.059,1.18885
140,H->A,40.304,-2.798,1.00832
140,H->B,30.716,-5.186,1.03601
140,H->C,21.433,-2.213,1.10839
140,H->D,19.936,-5.159,0.72451
140,H->E,106.759,-17.644,0.94084
140,H->F,53.831,4.916,0.90241
140,H->G,60.314,-3.008,0.91673
141,A->B,56.146,8.814,1.18498
141,A->C,36.638,5.342,0.7704
141,A->D,22.539,-6.693,1.15014
141,A->E,78.611,-9.482,1.23149
141,A->F,115.04,7.51,0.67422
141,A->G,63.163,-8.136,0.82246
141,A->H,134.153,-0.507,0.88824
141,B->A,29.681,4.066,0.99517
141,B->C,32.029,7.18,1.06054
141,B->D,78.003,2.414,0.90947
141,B->E,65.502,-5.416,1.06982
141,B->F,95.003,10.52,1.10005
141,B->G,95.597,-7.699,1.04997
141,B->H,58.367,5.846,1.05793
141,C->A,40.244,0.246,1.0514
141,C->B,56.695,11.796,0.88686
141,C->D,98.471,18.716,1.01891
141,C->E,114.899,3.28,0.91747
141,C->F,60.583,-9.616,1.05808
141,C->G,23.701,-0.552,0.92535
141,C->H,35.725,-3.406,1.12039
141,D->A,102.553,3.643,0.93931
141,D->B,,3.04,1.11035
141,D->C,65.42,-4.404,0.96926
141,D->E,37.337,-4.907,0.92895
141,D->F,44.628,7.054,1.02248
141,D->G,120.853,-4.456,1.09887
141,D->H,102.533,5.352,1.08557
141,E->A,46.19,3.131,0.99855
141,E->B,87.843,1.622,0.966
141,E->C,89.29,1.675,1.26571
141,E->D,173.202,6.445,0.95793
141,E->F,31.898,0.061,0.95459
141,E->G,81.653,16.752,0.95171
141,E->H,123.091,0.384,1.0878
141,F->A,166.522,-29.296,1.12526
141,F->B,55.819,-7.681,0.94767
141,F->C,55.657,3.426,0.86765
141,F->D,106.089,-6.47,0.7597
141,F->E,30.106,-5.809,1.11073
141,F->G,100.944,-5.188,1.2091
141,F->H,220.373,-10.298,1.04534
141,G->A,93.147,2.728,0.91335
141,G->B,9.771,-6.278,1.07137
141,G->C,45.995,2.631,1.02786
141,G->D,53.086,6.436,0.97058
141,G->E,141.347,-1.699,1.14828
141,G->F,67.415,-7.208,1.08817
141,G->H,23.074,-1.289,1.19141
141,H->A,79.221,9.296,1.00743
141,H->B,78.116,0.846,1.03206
141,H->C,61.583,-6.351,1.11325
141,H->D,35.712,6.33,0.72047
141,H->E,221.487,31.181,0.93605
141,H->F,119.746,1.821,0.90578
141,H->G,133.311,-8.286,0.91565
142,A->B,64.794,7.134,1.17671
142,A->C,41.047,-7.124,0.77067
142,A->D,16.698,0.485,1.15319
142,A->E,89.306,17.366,1.23558
142,A->F,116.896,2.078,0.6732
142,A->G,69.0,-5.063,0.82332
142,A->H,127.204,2.647,0.88938
142,B->A,22.474,5.809,0.98485
142,B->C,37.978,4.538,1.0605
142,B->D,80.473,3.428,0.90639
142,B->E,59.916,2.624,1.06963
142,B->F,116.085,8.846,1.11124
142,B->G,112.083,9.22,1.06002
142,B->H,62.094,4.152,1.05463
142,C->A,34.729,-6.342,1.05273
142,C->B,46.53,12.146,0.88498
142,C->D,105.85,0.861,1.02597
142,C->E,115.791,10.517,0.91149
142,C->F,67.502,1.118,1.06159
142,C->G,14.702,-4.657,0.92091
142,C->H,36.932,-5.011,1.11916
142,D->A,104.129,9.196,0.94186
142,D->B,56.704,5.655,1.11646
142,D->C,61.527,13.928,0.97616
142,D->E,32.181,1.624,0.93485
142,D->F,42.634,3.216,1.02331
142,D->G,131.303,-4.561,1.10115
142,D->H,102.091,-11.69,1.09
142,E->A,57.259,8.948,1.00091
142,E->B,84.906,11.604,0.97046
142,E->C,270.043,-12.926,1.26381
142,E->D,189.481,-15.418,0.95487
142,E->F,38.008,-2.071,0.95913
142,E->G,90.231,-4.915,0.95164
142,E->H,128.311,21.276,1.08615
142,F->A,178.063,-10.642,1.11655
142,F->B,44.587,-14.642,0.95032
142,F->C,60.675,10.65,0.87323
142,F->D,115.742,-23.458,0.75232
142,F->E,28.727,-5.886,1.1131
142,F->G,91.553,1.805,1.20334
142,F->H,226.359,-5.145,1.04831
142,G->A,,16.618,0.90774
142,G->B,11.317,-5.256,1.07466
142,G->C,41.43,-0.034,1.02582
142,G->D,53.381,-6.387,0.97064
142,G->E,134.432,12.482,1.15257
142,G->F,67.236,1.382,1.08528
142,G->H,20.761,1.161,1.19585
142,H->A,78.471,12.477,1.01276
142,H->B,91.408,-3.04,1.02077
142,H->C,56.291,1.924,1.10809
142,H->D,,-2.126,0.72226
142,H->E,232.817,13.95,0.93418
142,H->F,141.79,-11.569,0.91155
142,H->G,137.644,-10.573,0.91691
143,A->B,68.252,1.81,1.1714
143,A->C,48.871,-6.259,0.76681
143,A->D,27.137,-5.047,1.15694
143,A->E,89.298,-12.74,1.24146
143,A->F,126.91,-8.719,0.67185
143,A->G,64.761,-5.669,0.8237
143,A->H,400.211,14.318,0.88964
143,B->A,43.827,8.646,0.99408
143,B->C,52.345,4.87,1.06338
143,B->D,,-0.656,0.91333
143,B->E,62.264,0.492,1.06544
143,B->F,115.988,3.894,1.11705
143,B->G,101.778,-4.5,1.05897
143,B->H,60.375,10.454,1.05076
143,C->A,35.921,-3.358,1.05273
143,C->B,61.726,-8.434,0.88921
143,C->D,115.901,7.929,1.02641
143,C->E,121.634,4.026,0.91671
143,C->F,61.188,8.446,1.05847
143,C->G,11.736,-5.52,0.92009
143,C->H,25.448,-5.57,1.1144
143,D->A,113.991,1.403,0.95202
143,D->B,77.855,-5.538,1.11338
143,D->C,56.437,3.442,0.9697
143,D->E,46.729,0.394,0.94054
143,D->F,46.279,4.314,1.02256
143,D->G,132.542,15.087,1.0948
143,D->H,101.776,-4.88,1.09361
143,E->A,56.039,7.24,0.99515
143,E->B,90.511,-14.989,0.9731
143,E->C,96.738,9.211,1.25863
143,E->D,194.183,13.41,0.95644
143,E->F,44.269,-2.221,0.95505
143,E->G,84.476,-2.344,0.9489
143,E->H,134.977,-6.224,1.08392
143,F->A,175.918,29.191,1.12632
143,F->B,59.309,-4.466,0.95927
143,F->C,71.097,-1.637,0.87563
143,F->D,125.727,-9.942,0.74874
143,F->E,38.004,-6.787,1.11098
143,F->G,93.185,5.891,1.19304
143,F->H,228.407,8.555,1.03548
143,G->A,100.517,-3.299,0.91469
143,G->B,11.154,-6.995,1.07337
143,G->C,42.329,-9.791,1.02916
143,G->D,59.47,-11.051,0.96414
143,G->E,154.594,5.894,1.14923
143,G->F,82.736,7.015,1.09049
143,G->H,20.519,2.363,1.19953
143,H->A,82.832,3.948,1.01345
143,H->B,93.923,4.237,1.01822
143,H->C,58.846,0.109,1.10358
143,H->D,130.726,-2.936,0.7292
143,H->E,251.465,6.838,0.93149
143,H->F,135.038,21.566,0.91432
143,H->G,143.761,-26.037,0.91775
144,A->B,75.06,-2.303,1.16663
144,A->C,51.152,1.706,0.7688
144,A->D,19.092,-1.18,1.15244
144,A->E,93.524,-1.695,1.24286
144,A->F,118.813,3.723,0.67025
144,A->G,63.71,-6.155,0.82381
144,A->H,129.241,-2.18,0.8919
144,B->A,32.802,2.791,0.98748
144,B->C,41.925,-3.736,1.06643
144,B->D,81.627,-2.045,0.90527
144,B->E,64.24,-6.689,1.06764
144,B->F,116.506,0.225,1.12157
144,B->G,108.756,15.717,1.05943
144,B->H,62.868,0.818,1.05008
144,C->A,29.587,-1.097,1.05905
144,C->B,65.39,4.097,0.88483
144,C->D,103.39,8.007,1.03123
144,C->E,102.724,4.456,0.91623
144,C->F,65.672,-5.196,1.05309
144,C->G,17.991,-5.278,0.91596
144,C->H,94.144,-11.85,1.10717
144,D->A,99.235,12.076,0.94517
144,D->B,59.629,8.171,1.10702
144,D->C,53.508,-3.683,0.97188
144,D->E,40.466,-10.375,0.94216
144,D->F,30.478,4.109,1.02616
144,D->G,128.391,-10.382,1.09317
144,D->H,99.979,-19.528,1.09715
144,E->A,58.399,1.768,0.99119
144,E->B,75.477,6.136,0.96875
144,E->C,81.61,15.614,1.25793
144,E->D,179.872,-42.111,0.96557
144,E->F,41.971,1.694,0.95256
144,E->G,87.685,10.716,0.94546
144,E->H,131.471,23.76,1.09498
144,F->A,170.07,-14.976,1.123
144,F->B,40.691,-0.048,0.96335
144,F->C,68.31,-0.891,0.87289
144,F->D,113.412,-0.612,0.74918
144,F->E,25.639,-3.006,1.11599
144,F->G,101.684,-18.95,1.1988
144,F->H,230.347,2.798,1.03524
144,G->A,107.702,2.197,0.9048
144,G->B,17.587,-3.577,1.0736
144,G->C,49.386,-3.536,1.03018
144,G->D,53.974,5.158,0.96753
144,G->E,140.321,18.769,1.15092
144,G->F,74.91,-7.409,1.09561
144,G->H,34.122,2.245,1.20018
144,H->A,81.834,3.273,1.01797
144,H->B,75.733,-10.525,1.02685
144,H->C,53.797,-6.2,1.11018
144,H->D,44.185,1.79,0.72894
144,H->E,242.742,0.096,0.93372
144,H->F,130.25,9.599,0.91081
144,H->G,136.08,-19.861,0.91698
145,A->B,67.802,-0.05,1.17812
145,A->C,42.124,1.468,0.77151
145,A->D,15.538,-1.082,1.1588
145,A->E,75.211,6.265,1.22771
145,A->F,120.215,-4.327,0.67172
145,A->G,64.837,4.291,0.82665
145,A->H,130.253,10.048,0.89649
145,B->A,34.083,3.797,0.99002
145,B->C,43.672,7.378,1.07126
145,B->D,81.663,13.087,0.90897
145,B->E,58.984,1.25,1.06946
145,B->F,107.346,14.287,1.13121
145,B->G,303.813,7.231,1.05229
145,B->H,61.539,-5.265,1.05426
145,C->A,31.866,-2.996,1.06124
145,C->B,57.305,0.604,0.88306
145,C->D,96.522,-2.253,1.03097
145,C->E,119.705,5.618,0.92282
145,C->F,62.041,-2.829,1.06277
145,C->G,24.872,-7.149,0.91573
145,C->H,29.473,-0.267,1.1026
145,D->A,100.224,13.788,0.94804
145,D->B,57.343,0.251,1.10005
145,D->C,61.993,-0.477,0.96677
145,D->E,36.318,-0.827,0.94689
145,D->F,43.989,-0.335,1.03513
145,D->G,115.547,-17.926,1.09289
145,D->H,100.143,0.729,1.1102
145,E->A,49.754,-1.433,0.99079
145,E->B,68.065,-0.176,0.96586
145,E->C,85.834,-4.546,1.25525
145,E->D,174.243,-29.697,0.96293
145,E->F,110.463,-4.314,0.94834
145,E->G,93.499,17.176,0.94267
145,E->H,118.185,-7.376,1.09404
145,F->A,167.045,-3.612,1.13061
145,F->B,49.034,-7.604,0.95681
145,F->C,51.219,1.449,0.87439
145,F->D,119.397,-0.259,0.75425
145,F->E,26.258,-3.143,1.11394
145,F->G,81.479,-4.329,1.20415
145,F->H,,27.421,1.03203
145,G->A,103.189,-2.046,0.90309
145,G->B,11.251,-4.37,1.08181
145,G->C,,3.41,1.03127
145,G->D,43.566,-1.143,0.97472
145,G->E,135.686,-5.722,1.16156
145,G->F,72.951,-1.028,1.09993
145,G->H,13.904,2.838,1.20149
145,H->A,74.866,9.932,1.01527
145,H->B,91.065,7.223,1.02803
145,H->C,48.616,-3.241,1.11642
145,H->D,35.899,-0.894,0.72446
145,H->E,219.938,-17.212,0.93508
145,H->F,371.851,-18.348,0.91426
145,H->G,138.183,-21.755,0.9197
146,A->B,31.961,-1.597,1.17407
146,A->C,21.61,2.098,0.77694
146,A->D,8.908,-4.353,1.1622
146,A->E,50.857,-1.696,1.23089
146,A->F,69.765,7.647,0.66763
146,A->G,28.103,-3.276,0.83394
146,A->H,60.907,0.845,0.8931
146,B->A,17.82,1.65,0.98782
146,B->C,18.585,2.711,1.06804
146,B->D,39.687,0.543,0.91403
146,B->E,36.524,-0.09,1.06627
146,B->F,66.156,-1.451,1.1216
146,B->G,59.695,1.033,1.04813
146,B->H,31.925,4.792,1.05926
146,C->A,11.879,1.398,1.04969
146,C->B,28.586,1.98,0.88492
146,C->D,58.508,-0.19,1.02672
146,C->E,57.732,12.319,0.91476
146,C->F,36.759,0.523,1.06975
146,C->G,10.185,0.084,0.91061
146,C->H,19.199,-4.448,1.11269
146,D->A,55.438,3.012,0.94862
146,D->B,28.88,-0.017,1.10458
146,D->C,31.098,4.782,0.96599
146,D->E,19.425,-3.315,0.94893
146,D->F,18.178,6.118,1.03149
146,D->G,66.989,1.163,1.09798
146,D->H,45.707,-0.44,1.10731
146,E->A,18.337,2.452,0.99212
146,E->B,45.504,-1.932,0.96262
146,E->C,53.504,0.121,1.25905
146,E->D,94.21,8.549,0.9642
146,E->F,10.084,-0.554,0.95188
146,E->G,35.709,1.14,0.94239
146,E->H,60.938,6.658,1.09716
146,F->A,89.227,-1.526,1.12762
146,F->B,18.661,-0.827,0.95765
146,F->C,28.193,-5.434,0.87055
146,F->D,52.408,5.814,0.74942
146,F->E,,-2.727,1.11232
146,F->G,52.636,1.72,1.21787
146,F->H,119.473,4.792,1.02707
146,G->A,57.974,6.2,0.90913
146,G->B,10.274,-2.587,1.08007
146,G->C,23.839,2.821,1.03765
146,G->D,29.081,1.991,0.97423
146,G->E,83.155,-2.621,1.15886
146,G->F,44.004,9.066,1.09996
146,G->H,12.512,-0.034,1.19903
146,H->A,31.655,0.753,1.01154
146,H->B,43.117,-2.545,1.0321
146,H->C,21.839,0.186,1.12261
146,H->D,24.697,-1.227,0.71992
146,H->E,131.2,-16.211,0.93797
146,H->F,50.174,15.028,0.91866
146,H->G,77.065,0.501,0.91706
147,A->B,26.01,-0.61,1.17935
147,A->C,15.997,-1.768,0.77459
147,A->D,4.732,-0.169,1.15749
147,A->E,33.365,4.421,1.22544
147,A->F,56.67,-1.897,0.67431
147,A->G,25.927,-4.493,0.8338
147,A->H,60.859,-1.794,0.88997
147,B->A,20.958,0.869,0.98705
147,B->C,56.204,4.703,1.06182
147,B->D,36.101,4.581,0.90759
147,B->E,34.649,2.127,1.06754
147,B->F,59.442,-3.708,1.12868
147,B->G,50.997,6.497,1.04869
147,B->H,26.775,1.305,1.06468
147,C->A,11.579,-0.154,1.04083
147,C->B,29.84,1.659,0.88581
147,C->D,44.52,-3.812,1.02871
147,C->E,49.743,0.43,0.92586
147,C->F,24.393,-3.005,1.06277
147,C->G,6.889,-0.53,0.90042
147,C->H,13.33,-2.72,1.11157
147,D->A,47.514,2.798,0.94824
147,D->B,30.209,1.343,1.10601
147,D->C,31.74,0.446,0.97163
147,D->E,16.268,-0.55,0.94042
147,D->F,20.673,2.51,1.02606
147,D->G,55.754,0.539,1.09892
147,D->H,46.053,-1.768,1.1097
147,E->A,21.618,-0.17,0.98758
147,E->B,34.693,5.961,0.96741
147,E->C,42.59,7.667,1.26407
147,E->D,85.532,17.414,0.963
147,E->F,13.2,-0.932,0.95379
147,E->G,43.301,4.13,0.9483
147,E->H,61.575,-2.191,1.09533
147,F->A,74.973,-10.187,1.12612
147,F->B,20.346,-2.029,0.94997
147,F->C,,0.079,0.86947
147,F->D,59.518,0.607,0.74691
147,F->E,24.504,-0.645,1.10946
147,F->G,46.238,0.681,1.2224
147,F->H,106.636,2.866,1.02693
147,G->A,45.873,1.835,0.91747
147,G->B,1.0,-0.7,1.07364
147,G->C,8.775,2.744,1.03808
147,G->D,26.358,0.206,0.97978
147,G->E,59.451,4.244,1.15586
147,G->F,29.768,4.441,1.092
147,G->H,1.0,-0.351,1.19719
147,H->A,,-0.52,1.00552
147,H->B,40.265,-6.824,1.02935
147,H->C,23.423,-3.536,1.12885
147,H->D,12.531,0.15,0.72126
147,H->E,96.623,0.78,0.94136
147,H->F,52.185,-2.263,0.92652
147,H->G,61.836,-7.988,0.91824
148,A->B,64.555,0.513,1.17423
148,A->C,39.207,5.403,0.77706
148,A->D,18.553,-1.863,1.15651
148,A->E,81.779,13.266,1.22453
148,A->F,120.436,5.709,0.67518
148,A->G,65.753,-6.878,0.83113
148,A->H,130.493,1.401,0.88652
148,B->A,42.626,-0.141,0.9908
148,B->C,40.045,12.406,1.05499
148,B->D,91.295,4.195,0.91066
148,B->E,52.425,-5.487,1.06875
148,B->F,108.085,-5.185,1.13368
148,B->G,104.066,-5.398,1.05501
148,B->H,62.36,-8.83,1.0578
148,C->A,32.173,-2.06,1.04104
148,C->B,63.223,8.269,0.88394
148,C->D,95.594,24.406,1.0283
148,C->E,112.761,-5.154,0.92827
148,C->F,53.124,-1.913,1.06045
148,C->G,33.199,-5.95,0.89987
148,C->H,33.966,-2.892,1.12295
148,D->A,287.502,0.08,0.95439
148,D->B,44.268,-7.572,1.10597
148,D->C,67.227,6.71,0.97248
148,D->E,40.888,0.372,0.93472
148,D->F,26.734,1.524,1.03313
148,D->G,115.358,5.546,1.09651
148,D->H,103.248,-11.188,1.11217
148,E->A,51.658,-0.047,0.9797
148,E->B,71.673,-13.689,0.95564
148,E->C,86.305,-2.76,1.26893
148,E->D,179.391,-5.597,0.96101
148,E->F,37.092,0.834,0.9493
148,E->G,94.525,17.148,0.95276
148,E->H,130.739,-12.969,1.09554
148,F->A,166.025,21.642,1.12653
148,F->B,37.527,-5.251,0.94634
148,F->C,56.25,1.195,0.87115
148,F->D,109.643,-3.981,0.74721
148,F->E,25.747,-5.251,1.11166
148,F->G,96.58,-2.166,1.22816
148,F->H,217.701,-41.677,1.00903
148,G->A,99.443,16.708,0.91736
148,G->B,10.208,-4.892,1.075
148,G->C,130.649,-4.863,1.034
148,G->D,52.183,-9.307,0.99242
148,G->E,137.725,-13.447,1.15797
148,G->F,73.976,2.628,1.083
148,G->H,15.748,-0.433,1.20348
148,H->A,76.613,3.39,1.00522
148,H->B,85.221,11.55,1.02948
148,H->C,54.163,-6.652,1.13287
148,H->D,42.946,6.651,0.72243
148,H->E,235.965,-10.834,0.93476
148,H->F,129.013,-7.65,0.92606
148,H->G,131.874,-0.243,0.92245
149,A->B,68.674,-0.904,1.17277
149,A->C,58.475,5.946,0.78132
149,A->D,21.676,-2.108,1.14817
149,A->E,77.46,-6.368,1.23207
149,A->F,124.364,-8.817,0.67438
149,A->G,69.483,-7.507,0.83382
149,A->H,128.092,15.657,0.88955
149,B->A,30.186,-1.097,0.9921
149,B->C,38.388,8.173,1.05809
149,B->D,83.536,-12.289,0.91189
149,B->E,183.479,-0.467,1.07011
149,B->F,117.736,7.536,1.13233
149,B->G,103.168,6.062,1.05832
149,B->H,64.415,-5.329,1.06206
149,C->A,37.017,0.289,1.03657
149,C->B,69.278,2.604,0.8837
149,C->D,106.392,12.064,1.02607
149,C->E,108.54,12.949,0.92019
149,C->F,61.236,0.953,1.06065
149,C->G,35.72,-5.203,0.89438
149,C->H,23.304,-8.729,1.11537
149,D->A,96.962,10.261,0.94189
149,D->B,61.589,12.51,1.09369
149,D->C,66.273,2.663,0.97349
149,D->E,54.198,-6.753,0.92812
149,D->F,51.05,16.794,1.03188
149,D->G,134.368,-32.929,1.08919
149,D->H,96.27,-8.861,1.10297
149,E->A,51.346,5.877,0.98109
149,E->B,255.471,-1.722,0.95329
149,E->C,90.715,9.848,1.27513
149,E->D,192.13,-24.591,0.95961
149,E->F,43.456,3.431,0.9513
149,E->G,97.685,-9.089,0.94959
149,E->H,127.13,-3.035,1.0885
149,F->A,183.916,-2.834,1.12203
149,F->B,58.988,-13.913,0.94782
149,F->C,63.941,-0.159,0.87302
149,F->D,110.331,-24.353,0.74145
149,F->E,20.904,-5.554,1.11642
149,F->G,94.117,16.288,1.23181
149,F->H,222.663,43.684,1.00807
149,G->A,99.345,-2.334,0.91959
149,G->B,11.447,-6.39,1.06888
149,G->C,45.658,-3.773,1.03329
149,G->D,54.261,7.997,0.99168
149,G->E,151.345,19.595,1.15773
149,G->F,78.51,15.318,1.07802
149,G->H,18.389,0.326,1.20205
149,H->A,78.423,3.856,0.9937
149,H->B,,-6.871,1.03052
149,H->C,60.392,-9.336,1.11626
149,H->D,40.596,1.939,0.71882
149,H->E,240.687,-20.718,0.94444
149,H->F,126.642,17.906,0.9321
149,H->G,141.843,0.201,0.91822
150,A->B,71.6,-6.173,1.17496
150,A->C,43.049,-0.908,0.77544
150,A->D,28.325,-8.523,1.1448
150,A->E,94.977,6.935,1.22618
150,A->F,127.079,-6.706,0.67422
150,A->G,60.34,-10.158,0.83667
150,A->H,128.174,-5.476,0.88675
150,B->A,25.336,-4.063,0.98998
150,B->C,41.372,9.567,1.06398
150,B->D,88.718,5.558,0.91045
150,B->E,66.132,-3.639,1.06786
150,B->F,120.419,-15.562,1.14579
150,B->G,120.366,-0.509,1.06272
150,B->H,65.196,10.44,1.06672
150,C->A,37.915,-6.094,1.03937
150,C->B,59.096,10.551,0.87593
150,C->D,111.216,-3.374,1.02857
150,C->E,123.786,27.056,0.91326
150,C->F,63.148,-9.116,1.05138
150,C->G,28.822,-7.055,0.89685
150,C->H,28.21,-3.756,1.11937
150,D->A,106.68,-7.965,0.94367
150,D->B,64.261,-4.678,1.08697
150,D->C,63.006,2.862,0.97294
150,D->E,50.709,-11.061,0.93417
150,D->F,42.121,1.628,1.02653
150,D->G,125.893,4.935,1.09207
150,D->H,111.824,-20.835,1.10454
150,E->A,52.502,8.398,0.97989
150,E->B,92.407,-7.863,0.95836
150,E->C,93.784,-13.438,1.27529
150,E->D,196.919,10.055,0.96504
150,E->F,41.717,3.59,0.94842
150,E->G,105.325,21.784,0.94587
150,E->H,133.053,-1.491,1.08995
150,F->A,187.419,-11.767,1.12621
150,F->B,53.921,-4.128,0.95625
150,F->C,62.213,5.302,0.87217
150,F->D,,-14.85,0.73592
150,F->E,22.488,-7.626,1.12228
150,F->G,98.284,10.167,1.23486
150,F->H,232.18,4.813,1.01305
150,G->A,113.859,19.533,0.91421
150,G->B,9.747,-7.017,1.06874
150,G->C,46.532,10.676,1.0309
150,G->D,59.051,-11.371,0.99897
150,G->E,157.386,-1.969,1.16285
150,G->F,86.877,5.204,1.0791
150,G->H,22.781,-0.696,1.20421
150,H->A,,1.644,0.99104
150,H->B,,-10.895,1.03615
150,H->C,67.107,-14.364,1.11979
150,H->D,39.621,3.232,0.71504
150,H->E,247.935,-24.75,0.9427
150,H->F,145.123,7.8,0.93327
150,H->G,144.651,-2.873,0.91695
151,A->B,63.927,-4.807,1.17458
151,A->C,48.287,1.031,0.77734
151,A->D,21.605,-2.149,1.1398
151,A->E,93.07,9.71,1.22455
151,A->F,120.677,5.932,0.66637
151,A->G,51.912,-7.631,0.83042
151,A->H,132.901,-7.897,0.87928
151,B->A,37.943,2.837,0.98901
151,B->C,44.352,0.819,1.06515
151,B->D,84.338,11.556,0.91108
151,B->E,65.738,-2.256,1.07066
151,B->F,115.621,-6.421,1.14907
151,B->G,105.702,-4.138,1.06772
151,B->H,67.705,7.105,1.0721
151,C->A,30.473,-6.261,1.03191
151,C->B,53.874,3.675,0.87266
151,C->D,108.826,-6.767,1.02006
151,C->E,114.333,-13.311,0.91388
151,C->F,61.916,5.343,1.05769
151,C->G,15.827,-5.915,0.9031
151,C->H,27.171,0.136,1.10657
151,D->A,93.253,17.208,0.9352
151,D->B,59.505,-4.727,1.08606
151,D->C,66.764,11.829,0.97347
151,D->E,51.249,-1.344,0.93369
151,D->F,39.664,7.57,1.0303
151,D->G,130.788,8.421,1.08611
151,D->H,97.044,4.448,1.10023
151,E->A,57.715,15.395,0.97231
151,E->B,94.372,-7.542,0.96238
151,E->C,91.281,5.023,1.2692
151,E->D,184.554,-27.308,0.96891
151,E->F,44.838,-1.561,0.95026
151,E->G,96.389,3.775,0.94748
151,E->H,128.466,-10.949,1.09756
151,F->A,175.433,9.495,1.11847
151,F->B,63.418,-11.074,0.96178
151,F->C,59.803,11.153,0.88099
151,F->D,111.742,2.42,0.73616
151,F->E,27.749,-1.26,1.12687
151,F->G,89.623,-9.632,1.23276
151,F->H,219.32,15.8,1.01092
151,G->A,104.999,1.187,0.91261
151,G->B,15.548,-4.63,1.06551
151,G->C,41.902,-4.924,1.03044
151,G->D,51.982,-0.284,1.00434
151,G->E,155.175,5.433,1.16759
151,G->F,77.433,-1.395,1.06513
151,G->H,29.671,0.714,1.19997
151,H->A,91.213,-7.512,0.98445
151,H->B,90.802,12.96,1.03416
151,H->C,57.687,-2.457,1.11859
151,H->D,37.045,-5.832,0.71577
151,H->E,245.349,-27.81,0.94281
151,H->F,126.672,20.898,0.93032
151,H->G,140.267,-8.063,0.91754
152,A->B,65.623,5.167,1.16366
152,A->C,40.031,0.078,0.77575
152,A->D,14.593,-2.37,1.14123
152,A->E,89.482,1.078,1.22529
152,A->F,117.949,-14.398,0.6671
152,A->G,56.442,-0.921,0.82897
152,A->H,124.455,-0.441,0.87502
152,B->A,33.732,-6.943,0.98775
152,B->C,40.603,4.459,1.06818
152,B->D,77.168,-1.125,0.90114
152,B->E,62.682,-3.216,1.06911
152,B->F,100.07,-7.221,1.14838
152,B->G,102.52,13.781,1.07371
152,B->H,54.682,-6.258,1.06636
152,C->A,34.201,-1.697,1.03689
152,C->B,61.562,4.155,0.88185
152,C->D,100.894,-2.908,1.01939
152,C->E,111.368,-8.105,0.91128
152,C->F,58.912,-0.085,1.06239
152,C->G,14.214,-2.016,0.90584
152,C->H,27.729,-6.847,1.09668
152,D->A,86.788,-4.759,0.93482
152,D->B,60.94,17.19,1.0763
152,D->C,67.513,5.296,0.97025
152,D->E,38.078,-1.204,0.93511
152,D->F,38.012,9.647,1.03167
152,D->G,123.958,-14.146,1.08047
152,D->H,94.687,9.093,1.08683
152,E->A,47.25,1.014,0.97065
152,E->B,83.04,-6.173,0.95516
152,E->C,85.555,1.953,1.26644
152,E->D,182.721,23.548,0.97139
152,E->F,40.374,4.443,0.95054
152,E->G,89.848,-4.999,0.95073
152,E->H,129.101,3.499,1.0977
152,F->A,163.283,-25.409,1.11438
152,F->B,44.544,-11.142,0.95814
152,F->C,58.843,-5.251,0.8789
152,F->D,120.519,-3.223,0.73539
152,F->E,16.419,-2.758,1.12767
152,F->G,92.563,3.214,1.22704
152,F->H,213.321,32.626,1.01352
152,G->A,94.609,10.972,0.91396
152,G->B,12.717,-5.215,1.06326
152,G->C,50.088,-6.66,1.03197
152,G->D,52.336,-2.735,1.00158
152,G->E,133.706,-16.719,1.17817
152,G->F,63.335,-3.643,1.05962
152,G->H,,1.349,1.21632
152,H->A,70.806,-1.356,0.98183
152,H->B,89.472,-6.487,1.03721
152,H->C,51.263,-8.177,1.12161
152,H->D,42.776,3.992,0.71448
152,H->E,223.113,-9.265,0.94264
152,H->F,126.658,-8.768,0.93622
152,H->G,126.061,-5.25,0.92086
153,A->B,40.79,-2.923,1.15965
153,A->C,13.807,-2.389,0.77806
153,A->D,13.927,-0.011,1.13968
153,A->E,43.561,3.153,1.23743
153,A->F,65.144,-0.527,0.6647
153,A->G,36.453,-3.457,0.83384
153,A->H,69.939,-5.196,0.87868
153,B->A,15.02,0.98,0.99087
153,B->C,23.034,-0.48,1.07358
153,B->D,40.086,1.746,0.90243
153,B->E,90.727,-1.056,1.07703
153,B->F,180.67,3.159,1.15063
153,B->G,43.613,4.961,1.08421
153,B->H,33.045,-0.764,1.07202
153,C->A,12.727,0.316,1.03611
153,C->B,23.05,1.18,0.87991
153,C->D,52.298,-5.329,1.02361
153,C->E,52.26,14.981,0.90942
153,C->F,31.051,6.929,1.06541
153,C->G,17.061,-2.966,0.90413
153,C->H,12.96,0.312,1.10222
153,D->A,50.691,1.179,0.94321
153,D->B,34.193,0.337,1.07685
153,D->C,29.935,-2.267,0.9742
153,D->E,9.212,-1.451,0.9379
153,D->F,22.043,5.185,1.02789
153,D->G,67.457,-4.967,1.08567
153,D->H,51.127,-1.553,1.09769
153,E->A,28.421,4.589,0.96816
153,E->B,42.752,-3.63,0.95964
153,E->C,38.395,-0.313,1.27032
153,E->D,100.223,4.846,0.96915
153,E->F,20.255,2.247,0.94553
153,E->G,54.816,5.628,0.94996
153,E->H,77.849,0.746,1.09695
153,F->A,86.851,-2.317,1.10875
153,F->B,27.89,-5.956,0.95742
153,F->C,25.402,-3.687,0.87259
153,F->D,55.719,3.052,0.74219
153,F->E,15.525,-2.413,1.12424
153,F->G,43.53,5.659,1.22342
153,F->H,125.538,2.678,1.01562
153,G->A,56.447,7.224,0.91123
153,G->B,2.422,-2.927,1.0615
153,G->C,26.826,1.22,1.03517
153,G->D,26.211,2.247,0.99898
153,G->E,76.155,-4.474,1.17525
153,G->F,39.451,-2.557,1.06089
153,G->H,9.034,1.861,1.2239
153,H->A,44.335,0.87,0.98455
153,H->B,38.832,2.217,1.02638
153,H->C,32.803,-0.597,1.11208
153,H->D,25.652,-2.173,0.71534
153,H->E,119.983,62.892,0.94549
153,H->F,69.848,6.479,0.93122
153,H->G,70.119,-7.385,0.91796
154,A->B,20.602,-0.111,1.16355
154,A->C,12.901,-0.118,0.7808
154,A->D,12.65,-0.926,1.14388
154,A->E,48.619,0.515,1.24074
154,A->F,57.727,-8.841,0.66365
154,A->G,30.16,0.99,0.83519
154,A->H,,-3.39,0.87767
154,B->A,18.022,1.146,0.99346
154,B->C,15.505,0.571,1.08189
154,B->D,37.549,-7.608,0.90355
154,B->E,21.609,1.295,1.07658
154,B->F,44.906,-6.094,1.15847
154,B->G,38.933,-2.079,1.08184
154,B->H,28.286,2.126,1.0709
154,C->A,16.554,0.706,1.03347
154,C->B,25.988,1.157,0.88536
154,C->D,46.188,-4.778,1.01224
154,C->E,53.341,1.564,0.90729
154,C->F,27.431,2.432,1.06555
154,C->G,9.543,-1.672,0.90711
154,C->H,14.8,-2.389,1.1072
154,D->A,51.727,-0.374,0.94285
154,D->B,23.013,5.94,1.07529
154,D->C,26.942,1.604,0.9721
154,D->E,15.267,-1.062,0.93547
154,D->F,9.416,2.404,1.02768
154,D->G,54.693,8.638,1.07989
154,D->H,42.128,-4.285,1.10517
154,E->A,26.475,3.09,0.96981
154,E->B,43.839,0.138,0.96002
154,E->C,27.139,-7.21,1.26695
154,E->D,85.037,-20.959,0.98282
154,E->F,19.854,0.535,0.94441
154,E->G,38.631,-3.287,0.95782
154,E->H,53.288,-3.134,1.10019
154,F->A,82.957,9.33,1.11634
154,F->B,28.431,-1.605,0.95447
154,F->C,32.53,0.24,0.87256
154,F->D,44.044,2.653,0.73842
154,F->E,15.685,-2.303,1.1186
154,F->G,42.438,3.94,1.21897
154,F->H,97.122,-1.181,1.0203
154,G->A,52.155,2.558,0.90764
154,G->B,15.094,-2.129,1.06886
154,G->C,58.437,-0.476,1.03978
154,G->D,30.381,-2.125,1.00503
154,G->E,59.259,-1.256,1.17454
154,G->F,30.421,-2.036,1.05575
154,G->H,2.741,0.181,1.21257
154,H->A,35.015,-1.566,0.99028
154,H->B,35.028,1.826,1.03016
154,H->C,29.875,-2.819,1.11717
154,H->D,15.595,-1.34,0.7162
154,H->E,106.29,2.346,0.95504
154,H->F,56.954,-2.753,0.92617
154,H->G,54.889,7.19,0.91853
155,A->B,60.574,-2.454,1.15642
155,A->C,34.716,-5.174,0.77932
155,A->D,25.065,-2.275,1.14062
155,A->E,85.566,-2.376,1.23976
155,A->F,111.722,3.118,0.66554
155,A->G,60.899,-7.491,0.83489
155,A->H,125.781,-24.626,0.87185
155,B->A,29.176,4.11,0.99271
155,B->C,44.375,13.836,1.08644
155,B->D,84.083,-16.382,0.90366
155,B->E,63.963,10.881,1.08567
155,B->F,112.054,-17.437,1.15923
155,B->G,92.813,20.432,1.08404
155,B->H,67.908,7.862,1.06727
155,C->A,28.397,4.443,1.03368
155,C->B,60.963,1.501,0.89096
155,C->D,106.582,-3.26,1.01944
155,C->E,107.763,14.337,0.90759
155,C->F,58.514,-4.444,1.05751
155,C->G,9.557,-2.665,0.90941
155,C->H,28.629,-3.484,1.09641
155,D->A,99.46,14.966,0.94201
155,D->B,59.818,9.518,1.06924
155,D->C,65.214,-4.983,0.97527
155,D->E,42.009,-4.05,0.93314
155,D->F,39.701,1.25,1.03714
155,D->G,118.892,9.821,1.08766
155,D->H,96.282,13.504,1.10409
155,E->A,53.829,-1.139,0.97053
155,E->B,83.657,-2.813,0.95654
155,E->C,81.073,-0.796,1.26356
155,E->D,,8.601,0.97481
155,E->F,33.615,1.494,0.94455
155,E->G,83.348,14.731,0.95674
155,E->H,125.641,-30.389,1.10654
155,F->A,163.202,-2.213,1.11573
155,F->B,54.914,-9.748,0.95173
155,F->C,59.822,-3.422,0.87115
155,F->D,112.733,-1.271,0.74701
155,F->E,25.352,-3.279,1.1017
155,F->G,89.079,-16.016,1.21449
155,F->H,220.998,40.49,1.02082
155,G->A,,-6.309,0.90597
155,G->B,19.196,-4.259,1.07314
155,G->C,41.059,-0.799,1.03961
155,G->D,47.842,9.601,1.00369
155,G->E,139.326,8.459,1.16787
155,G->F,60.832,7.833,1.05435
155,G->H,26.623,-0.655,1.21435
155,H->A,71.849,3.525,0.99494
155,H->B,72.518,-15.993,1.02319
155,H->C,55.399,-2.598,1.11689
155,H->D,41.504,0.536,0.71169
155,H->E,226.87,-54.063,0.95965
155,H->F,106.629,-5.957,0.91956
155,H->G,137.092,8.604,0.91955
156,A->B,64.152,5.7,1.151
156,A->C,40.702,8.267,0.78234
156,A->D,24.568,0.334,1.14228
156,A->E,87.288,4.44,1.23685
156,A->F,122.609,4.506,0.66093
156,A->G,66.706,-11.1,0.83523
156,A->H,125.219,1.278,0.86721
156,B->A,38.681,-2.125,0.98393
156,B->C,52.682,7.428,1.08236
156,B->D,86.907,-1.43,0.90183
156,B->E,65.849,6.103,1.089
156,B->F,114.827,-6.712,1.15472
156,B->G,102.525,-9.772,1.07885
156,B->H,59.386,9.07,1.06599
156,C->A,37.748,1.429,1.04139
156,C->B,56.646,1.865,0.891
156,C->D,111.666,-1.975,1.02789
156,C->E,113.64,17.448,0.89813
156,C->F,67.932,-7.877,1.05401
156,C->G,19.649,-5.211,0.91375
156,C->H,28.417,-9.284,1.09781
156,D->A,97.677,24.283,0.93216
156,D->B,65.879,1.272,1.06843
156,D->C,55.494,10.386,0.97845
156,D->E,51.294,-4.579,0.92864
156,D->F,37.296,9.927,1.03867
156,D->G,131.702,-5.172,1.08975
156,D->H,104.859,-6.078,1.10541
156,E->A,53.223,2.646,0.97864
156,E->B,90.176,-6.023,0.95811
156,E->C,101.03,-0.797,1.26055
156,E->D,189.811,18.88,0.97756
156,E->F,39.454,3.129,0.94698
156,E->G,94.423,3.934,0.95932
156,E->H,125.411,6.649,1.10911
156,F->A,184.807,-15.721,1.12106
156,F->B,57.136,-8.812,0.95773
156,F->C,57.484,0.39,0.86761
156,F->D,113.839,9.988,0.74975
156,F->E,22.073,-0.902,1.10401
156,F->G,87.643,-6.355,1.21268
156,F->H,230.744,39.244,1.01209
156,G->A,107.517,-18.995,0.9075
156,G->B,24.912,-5.14,1.07555
156,G->C,48.117,2.704,1.04426
156,G->D,55.113,-10.69,0.99892
156,G->E,159.004,12.863,1.17051
156,G->F,74.169,-6.71,1.05786
156,G->H,13.92,-0.507,1.22507
156,H->A,78.312,0.982,1.00561
156,H->B,89.776,-3.1,1.02718
156,H->C,55.48,-12.268,1.11226
156,H->D,37.787,-6.949,0.70763
156,H->E,236.114,-8.665,0.9626
156,H->F,129.086,-10.156,0.92457
156,H->G,140.763,15.808,0.92039
157,A->B,73.161,0.969,1.14867
157,A->C,41.283,8.806,0.77898
157,A->D,25.036,-4.611,1.14589
157,A->E,89.774,4.564,1.22832
157,A->F,127.622,-17.039,0.66176
157,A->G,57.137,-3.966,0.84284
157,A->H,135.707,3.064,0.86811
157,B->A,34.903,-0.923,0.98576
157,B->C,48.152,9.222,1.08219
157,B->D,100.305,-7.139,0.89991
157,B->E,69.957,6.089,1.08069
157,B->F,121.142,5.539,1.15397
157,B->G,105.156,-3.031,1.07849
157,B->H,65.863,12.113,1.07256
157,C->A,42.679,-3.914,1.03751
157,C->B,68.035,6.197,0.88987
157,C->D,118.42,15.598,1.03341
157,C->E,116.461,8.727,0.89394
157,C->F,69.685,-2.206,1.05623
157,C->G,25.553,-2.475,0.91325
157,C->H,30.893,0.998,1.1019
157,D->A,112.459,12.623,0.9331
157,D->B,61.781,11.096,1.06316
157,D->C,67.028,-12.612,0.97485
157,D->E,34.548,-1.098,0.92185
157,D->F,145.004,3.183,1.04414
157,D->G,136.901,-4.217,1.0857
157,D->H,103.692,-8.887,1.10433
157,E->A,56.537,-1.97,0.98073
157,E->B,83.66,-5.458,0.95724
157,E->C,97.419,18.5,1.26033
157,E->D,203.83,5.738,0.97813
157,E->F,38.022,0.184,0.9549
157,E->G,90.609,1.191,0.96092
157,E->H,139.735,14.992,1.10753
157,F->A,193.314,-2.011,1.11489
157,F->B,62.401,-7.855,0.96524
157,F->C,71.413,0.599,0.86386
157,F->D,118.235,-4.682,0.74851
157,F->E,20.549,-5.949,1.09879
157,F->G,106.13,-13.224,1.205
157,F->H,235.207,0.392,1.01363
157,G->A,108.51,17.344,0.89804
157,G->B,22.293,-3.812,1.07978
157,G->C,51.063,-11.546,1.04503
157,G->D,59.812,-1.281,1.00584
157,G->E,154.732,-44.213,1.16843
157,G->F,80.173,4.485,1.05829
157,G->H,24.385,4.144,1.22541
157,H->A,82.332,12.488,1.00389
157,H->B,98.931,2.064,1.03435
157,H->C,57.306,-3.439,1.11568
157,H->D,45.915,-5.794,0.70378
157,H->E,248.753,9.176,0.95969
157,H->F,134.882,34.025,0.92506
157,H->G,148.56,5.517,0.91958
158,A->B,64.165,-1.863,1.14657
158,A->C,49.796,5.577,0.77591
158,A->D,24.989,-2.223,1.14788
158,A->E,93.369,6.253,1.2289
158,A->F,116.788,3.607,0.65636
158,A->G,72.486,-7.038,0.84899
158,A->H,135.759,-0.807,0.86782
158,B->A,44.554,-4.86,0.97985
158,B->C,38.799,-1.853,1.0891
158,B->D,88.742,-8.884,0.90408
158,B->E,57.625,7.556,1.07919
158,B->F,107.375,9.716,1.16018
158,B->G,90.03,11.523,1.07527
158,B->H,62.039,-7.404,1.07212
158,C->A,35.893,0.053,1.02877
158,C->B,57.979,-0.934,0.88656
158,C->D,114.886,15.757,1.02538
158,C->E,125.179,-5.877,0.89476
158,C->F,58.541,1.797,1.04985
158,C->G,23.166,0.409,0.92017
158,C->H,25.035,-5.92,1.09157
158,D->A,99.75,6.415,0.92828
158,D->B,65.015,5.854,1.06498
158,D->C,58.586,9.367,0.97861
158,D->E,42.941,-4.774,0.91752
158,D->F,36.844,7.518,1.04593
158,D->G,133.901,8.285,1.08746
158,D->H,106.902,-9.894,1.09732
158,E->A,45.467,9.538,0.97221
158,E->B,81.001,17.382,0.95676
158,E->C,89.852,9.989,1.2627
158,E->D,191.457,-0.765,0.98367
158,E->F,41.789,0.728,0.95375
158,E->G,95.732,5.02,0.97031
158,E->H,387.438,24.603,1.09955
158,F->A,171.76,49.237,1.10972
158,F->B,51.349,-6.708,0.96358
158,F->C,64.694,-2.84,0.85247
158,F->D,117.729,-5.213,0.74529
158,F->E,27.542,-2.63,1.09313
158,F->G,94.44,-12.962,1.21282
158,F->H,227.57,5.015,1.00181
158,G->A,98.715,-3.305,0.89613
158,G->B,14.592,-7.615,1.07706
158,G->C,58.928,-4.503,1.04716
158,G->D,57.067,-2.922,1.01312
158,G->E,139.125,0.214,1.16546
158,G->F,73.095,7.006,1.0635
158,G->H,23.368,1.212,1.2239
158,H->A,74.45,1.517,1.00567
158,H->B,83.586,7.93,1.02404
158,H->C,54.983,-10.942,1.11935
158,H->D,43.539,7.92,0.70084
158,H->E,246.687,5.167,0.95991
158,H->F,130.996,-4.467,0.9312
158,H->G,135.119,3.257,0.91508
159,A->B,66.632,6.188,1.1479
159,A->C,46.778,-4.919,0.78219
159,A->D,13.16,-0.741,1.14318
159,A->E,86.503,-1.461,1.22413
159,A->F,114.916,6.966,0.66264
159,A->G,54.068,-3.831,0.85336
159,A->H,124.985,7.614,0.8705
159,B->A,23.52,1.999,0.97846
159,B->C,42.789,11.351,1.08928
159,B->D,93.615,0.407,0.90177
159,B->E,57.695,-10.682,1.08526
159,B->F,117.433,3.103,1.16169
159,B->G,99.108,3.939,1.08023
159,B->H,59.122,3.64,1.07175
159,C->A,34.026,-0.861,1.02891
159,C->B,58.912,5.754,0.8882
159,C->D,100.125,-1.949,1.03184
159,C->E,112.593,6.518,0.90012
159,C->F,54.319,-1.39,1.0634
159,C->G,23.663,-2.952,0.92017
159,C->H,32.846,-3.704,1.09166
159,D->A,98.101,26.569,0.93316
159,D->B,58.676,-0.584,1.06254
159,D->C,59.977,0.282,0.9776
159,D->E,42.955,-3.56,0.91346
159,D->F,45.671,8.883,1.04288
159,D->G,125.146,6.853,1.09082
159,D->H,99.076,-19.126,1.09294
159,E->A,43.127,6.97,0.97342
159,E->B,85.214,10.968,0.95427
159,E->C,85.842,13.377,1.26976
159,E->D,174.434,-12.968,0.98704
159,E->F,52.146,1.55,0.95075
159,E->G,92.281,1.315,0.96715
159,E->H,123.201,-13.679,1.09
159,F->A,162.552,28.777,1.11444
159,F->B,57.29,-2.641,0.96192
159,F->C,59.501,-6.791,0.84908
159,F->D,103.735,-2.599,0.74064
159,F->E,22.212,-4.931,1.0939
159,F->G,99.294,-7.19,1.21577
159,F->H,225.434,-7.137,1.00173
159,G->A,94.999,2.998,0.89266
159,G->B,20.834,-2.322,1.08056
159,G->C,36.97,2.969,1.0538
159,G->D,53.952,-5.67,1.01824
159,G->E,143.391,-3.195,1.16394
159,G->F,74.384,-2.457,1.06651
159,G->H,21.449,4.004,1.22396
159,H->A,72.54,1.127,0.99628
159,H->B,78.826,-2.631,1.02527
159,H->C,47.922,-5.269,1.11408
159,H->D,46.681,-5.953,0.70021
159,H->E,232.029,-23.143,0.96168
159,H->F,123.134,9.786,0.93581
159,H->G,113.969,16.563,0.91207
160,A->B,29.761,-0.224,1.15076
160,A->C,29.59,-1.064,0.78432
160,A->D,37.688,-2.304,1.14148
160,A->E,52.565,2.824,1.22602
160,A->F,63.509,2.56,0.66724
160,A->G,38.643,-4.399,0.85373
160,A->H,75.488,-0.131,0.87442
160,B->A,,1.95,0.98952
160,B->C,19.804,4.087,1.08027
160,B->D,46.861,8.626,0.90488
160,B->E,30.611,-3.22,1.08517
160,B->F,55.782,-7.669,1.16468
160,B->G,59.599,-0.037,1.08519
160,B->H,36.479,-0.287,1.06841
160,C->A,24.755,-0.004,1.02708
160,C->B,37.259,5.101,0.89682
160,C->D,59.032,-0.721,1.03701
160,C->E,62.563,8.419,0.8978
160,C->F,,6.261,1.05628
160,C->G,15.19,-3.655,0.9188
160,C->H,22.345,-5.047,1.08294
160,D->A,52.271,1.645,0.93819
160,D->B,27.69,4.398,1.06735
160,D->C,32.4,5.072,0.98212
160,D->E,22.423,-0.063,0.91176
160,D->F,16.684,1.705,1.04051
160,D->G,69.232,-7.035,1.09816
160,D->H,62.035,-7.519,1.09026
160,E->A,32.466,1.654,0.97074
160,E->B,48.111,-0.92,0.95395
160,E->C,50.369,-2.397,1.27919
160,E->D,104.434,2.887,0.99924
160,E->F,23.248,1.568,0.94903
160,E->G,44.141,-0.099,0.96722
160,E->H,68.468,-7.041,1.09928
160,F->A,85.821,4.504,1.10922
160,F->B,30.522,-5.922,0.95693
160,F->C,31.927,0.746,0.84474
160,F->D,64.273,6.934,0.74188
160,F->E,12.003,0.045,1.09586
160,F->G,55.892,-8.055,1.21611
160,F->H,117.983,7.989,1.0001
160,G->A,51.843,-1.457,0.9002
160,G->B,5.498,-2.955,1.08266
160,G->C,23.977,-1.299,1.04978
160,G->D,85.042,1.56,1.01397
160,G->E,69.793,-4.696,1.15758
160,G->F,33.982,3.043,1.06674
160,G->H,12.422,1.634,1.21537
160,H->A,,1.299,0.99479
160,H->B,47.392,-7.174,1.02858
160,H->C,33.476,2.487,1.11988
160,H->D,27.676,1.365,0.69779
160,H->E,129.092,-27.426,0.96161
160,H->F,67.679,-2.178,0.94199
160,H->G,69.196,-0.027,0.91056
161,A->B,29.504,-1.557,1.14504
161,A->C,17.576,-1.717,0.78509
161,A->D,7.114,-0.32,1.14425
161,A->E,46.17,5.568,1.21801
161,A->F,55.457,-3.442,0.66537
161,A->G,31.058,-5.298,0.85154
161,A->H,58.896,-0.22,0.87518
161,B->A,3.679,-1.311,0.97909
161,B->C,20.136,4.39,1.08228
161,B->D,40.112,-5.552,0.89061
161,B->E,87.244,1.657,1.08685
161,B->F,48.505,5.214,1.16738
161,B->G,40.972,7.322,1.09101
161,B->H,30.127,-0.95,1.06702
161,C->A,20.185,0.621,1.02996
161,C->B,19.858,1.329,0.89647
161,C->D,51.136,-8.614,1.03288
161,C->E,61.465,-2.579,0.89462
161,C->F,22.095,0.409,1.06149
161,C->G,8.824,-2.936,0.92332
161,C->H,14.683,-3.196,1.08328
161,D->A,50.078,1.917,0.93599
161,D->B,26.429,-2.325,1.05485
161,D->C,,-1.661,0.9795
161,D->E,27.015,0.19,0.90729
161,D->F,12.625,0.348,1.03314
161,D->G,63.371,3.256,1.10028
161,D->H,47.155,4.451,1.09015
161,E->A,24.179,0.402,0.96498
161,E->B,36.173,0.589,0.95807
161,E->C,118.908,-2.206,1.28253
161,E->D,81.295,-10.012,1.00479
161,E->F,14.568,-2.475,0.948
161,E->G,46.393,7.271,0.97153
161,E->H,54.617,9.508,1.09596
161,F->A,71.564,-11.344,1.096
161,F->B,14.595,-1.902,0.95014
161,F->C,28.6,-2.98,0.84746
161,F->D,47.899,-2.704,0.73856
161,F->E,7.924,-3.214,1.10418
161,F->G,43.212,-4.744,1.21584
161,F->H,95.133,7.397,1.00366
161,G->A,40.608,-3.932,0.89479
161,G->B,2.243,-1.942,1.08434
161,G->C,31.176,-1.159,1.05892
161,G->D,22.621,1.268,1.01344
161,G->E,69.582,2.82,1.16648
161,G->F,31.52,-1.122,1.06138
161,G->H,10.484,1.893,1.20869
161,H->A,34.363,3.737,1.00149
161,H->B,44.831,-4.013,1.02224
161,H->C,21.58,0.115,1.11867
161,H->D,14.0,-0.895,0.70054
161,H->E,101.469,8.689,0.96067
161,H->F,64.563,-1.373,0.95661
161,H->G,50.74,5.534,0.90968
162,A->B,68.422,1.649,1.15209
162,A->C,49.851,-0.34,0.79116
162,A->D,20.776,-5.603,1.14748
162,A->E,84.357,-17.351,1.21706
162,A->F,117.916,-1.408,0.66978
162,A->G,63.628,-7.883,0.85577
162,A->H,131.697,-17.344,0.86932
162,B->A,28.267,-3.158,0.98089
162,B->C,48.558,1.536,1.08086
162,B->D,81.686,5.166,0.89708
162,B->E,58.338,3.706,1.08703
162,B->F,105.334,3.134,1.16439
162,B->G,112.84,-0.482,1.09861
162,B->H,57.199,1.607,1.06494
162,C->A,32.364,4.536,1.02814
162,C->B,58.952,3.244,0.90023
162,C->D,101.088,15.205,1.0383
162,C->E,118.928,11.826,0.88035
162,C->F,60.419,4.812,1.06974
162,C->G,22.796,-1.613,0.92384
162,C->H,34.857,-5.829,1.0865
162,D->A,100.357,7.725,0.94199
162,D->B,57.004,0.976,1.05518
162,D->C,57.956,4.192,0.97643
162,D->E,39.921,-3.535,0.90789
162,D->F,43.549,9.779,1.0376
162,D->G,125.096,-5.492,1.10096
162,D->H,106.968,-21.466,1.09452
162,E->A,46.644,-2.13,0.96154
162,E->B,74.961,16.026,0.9653
162,E->C,276.014,14.427,1.2778
162,E->D,179.502,-3.562,1.00436
162,E->F,45.509,-1.916,0.95259
162,E->G,93.519,9.927,0.97
162,E->H,121.155,7.347,1.10127
162,F->A,179.903,20.791,1.10203
162,F->B,50.443,-10.486,0.95312
162,F->C,63.452,-1.23,0.84517
162,F->D,,2.162,0.73998
162,F->E,27.573,-1.554,1.10597
162,F->G,87.914,4.08,1.21766
162,F->H,218.255,-35.577,1.00125
162,G->A,96.329,-10.367,0.89225
162,G->B,10.22,-3.45,1.09286
162,G->C,46.095,-0.53,1.04819
162,G->D,52.79,-1.268,1.01015
162,G->E,135.277,-5.581,1.15761
162,G->F,65.9,8.968,1.06476
162,G->H,22.383,-2.784,1.20549
162,H->A,74.12,0.106,0.99805
162,H->B,85.491,-0.723,1.02547
162,H->C,50.513,0.949,1.11101
162,H->D,34.909,-7.463,0.69644
162,H->E,230.451,-16.51,0.95412
162,H->F,121.227,15.375,0.95727
162,H->G,122.902,-24.264,0.91921
163,A->B,70.688,-0.716,1.1512
163,A->C,41.806,2.029,0.78706
163,A->D,13.698,-5.384,1.15239
163,A->E,,3.966,1.21133
163,A->F,133.162,-5.892,0.67224
163,A->G,64.558,-9.063,0.8595
163,A->H,128.582,1.493,0.87054
163,B->A,28.24,4.826,0.9847
163,B->C,48.641,7.701,1.07949
163,B->D,90.349,1.29,0.89567
163,B->E,52.955,5.903,1.08893
163,B->F,114.109,-4.881,1.16657
163,B->G,102.4,1.041,1.10328
163,B->H,66.53,5.78,1.07571
163,C->A,39.814,7.718,1.0231
163,C->B,64.545,6.874,0.90184
163,C->D,,6.451,1.03562
163,C->E,119.468,-5.447,0.8802
163,C->F,66.523,-3.025,1.06476
163,C->G,25.037,-5.549,0.92093
163,C->H,23.016,-8.119,1.09331
163,D->A,108.0,2.827,0.94059
163,D->B,68.857,6.223,1.05593
163,D->C,61.425,-1.142,0.97565
163,D->E,36.084,0.053,0.90372
163,D->F,44.957,-4.269,1.03847
163,D->G,131.697,-19.92,1.10072
163,D->H,109.261,-0.688,1.0893
163,E->A,56.399,4.554,0.96262
163,E->B,86.698,-6.866,0.96018
163,E->C,102.519,-2.587,1.29329
163,E->D,190.219,2.536,1.00378
163,E->F,40.224,4.58,0.95691
163,E->G,,2.18,0.96987
163,E->H,136.112,-1.559,1.11473
163,F->A,172.705,-25.422,1.09554
163,F->B,49.036,-6.97,0.95697
163,F->C,68.69,4.963,0.85027
163,F->D,123.548,-3.169,0.74273
163,F->E,26.584,-2.857,1.09677
163,F->G,98.732,8.166,1.21936
163,F->H,222.053,30.357,1.00785
163,G->A,105.491,-4.994,0.88975
163,G->B,13.488,-6.47,1.09644
163,G->C,42.027,-3.936,1.04793
163,G->D,53.139,4.101,1.01342
163,G->E,141.203,-7.827,1.15589
163,G->F,71.927,19.949,1.06061
163,G->H,24.589,0.145,1.20045
163,H->A,78.984,-4.599,0.99866
163,H->B,86.969,0.92,1.03164
163,H->C,66.427,-10.625,1.10436
163,H->D,44.333,4.152,0.69092
163,H->E,247.281,32.087,0.95308
163,H->F,136.797,7.498,0.96669
163,H->G,127.564,-12.874,0.91377
164,A->B,77.29,5.104,1.15287
164,A->C,51.133,-2.072,0.79049
164,A->D,31.242,-1.809,1.15642
164,A->E,91.094,15.331,1.20982
164,A->F,126.81,-19.299,0.66619
164,A->G,64.454,-3.017,0.86842
164,A->H,139.0,4.809,0.87188
164,B->A,35.275,-1.381,0.98671
164,B->C,35.615,7.49,1.07447
164,B->D,93.188,4.825,0.89202
164,B->E,62.345,-7.014,1.08689
164,B->F,120.025,-6.138,1.16539
164,B->G,111.592,9.493,1.10465
164,B->H,53.976,-1.587,1.07265
164,C->A,33.665,0.445,1.02682
164,C->B,56.641,7.27,0.89974
164,C->D,112.478,-11.433,1.02796
164,C->E,126.944,-11.989,0.8796
164,C->F,67.062,2.82,1.06244
164,C->G,27.09,-3.077,0.91838
164,C->H,32.323,-9.742,1.08714
164,D->A,110.426,-0.74,0.9435
164,D->B,66.154,-7.166,1.05895
164,D->C,67.606,2.341,0.97682
164,D->E,55.303,-1.439,0.90326
164,D->F,46.549,11.289,1.02562
164,D->G,139.098,1.426,1.09194
164,D->H,111.047,-10.648,1.09172
164,E->A,61.878,8.81,0.95905
164,E->B,90.098,-11.889,0.96636
164,E->C,94.309,5.705,1.29761
164,E->D,198.494,-11.093,1.00816
164,E->F,44.646,0.84,0.96053
164,E->G,,4.361,0.9676
164,E->H,137.453,2.787,1.11793
164,F->A,179.248,-49.73,1.1064
164,F->B,46.729,-10.415,0.95796
164,F->C,64.287,2.265,0.85128
164,F->D,122.4,13.881,0.74164
164,F->E,21.029,-3.389,1.09326
164,F->G,103.539,-19.447,1.21952
164,F->H,234.681,27.017,1.0098
164,G->A,118.425,1.224,0.88646
164,G->B,8.861,-3.082,1.09958
164,G->C,42.574,3.184,1.04377
164,G->D,55.723,-12.195,1.02403
164,G->E,150.863,6.135,1.15591
164,G->F,76.125,1.749,1.0623
164,G->H,28.614,1.323,1.1926
164,H->A,82.258,1.056,0.99031
164,H->B,90.623,-10.787,1.02919
164,H->C,62.591,-5.567,1.1085
164,H->D,44.591,0.84,0.68802
164,H->E,251.955,-29.402,0.95251
164,H->F,142.294,-3.477,0.9711
164,H->G,144.428,8.059,0.91128
165,A->B,207.209,-6.429,1.15065
165,A->C,41.427,-6.023,0.78211
165,A->D,13.005,-2.226,1.15424
165,A->E,92.601,-2.186,1.20567
165,A->F,116.024,12.312,0.66295
165,A->G,67.825,-14.39,0.85985
165,A->H,139.073,-4.526,0.87509
165,B->A,28.506,0.343,0.979
165,B->C,48.038,5.245,1.0665
165,B->D,93.408,-3.202,0.89002
165,B->E,67.347,-3.608,1.08093
165,B->F,110.418,-4.999,1.16007
165,B->G,104.621,0.837,1.0939
165,B->H,67.138,6.795,1.07069
165,C->A,107.197,3.336,1.02337
165,C->B,50.39,9.598,0.90764
165,C->D,332.962,6.523,1.0321
165,C->E,118.729,15.571,0.87481
165,C->F,64.681,15.547,1.06616
165,C->G,11.328,-4.792,0.92044
165,C->H,31.302,-8.92,1.08188
165,D->A,104.457,18.05,0.94338
165,D->B,59.505,6.26,1.05693
165,D->C,61.005,-6.102,0.97135
165,D->E,37.0,-6.044,0.90419
165,D->F,43.747,7.644,1.02534
165,D->G,127.363,-18.151,1.09935
165,D->H,99.635,-7.544,1.08423
165,E->A,52.513,13.171,0.96225
165,E->B,75.844,6.816,0.95559
165,E->C,89.024,-4.148,1.29078
165,E->D,195.714,-33.655,1.00915
165,E->F,39.232,-1.171,0.96418
165,E->G,91.852,5.676,0.96232
165,E->H,126.519,3.376,1.11241
165,F->A,184.343,-18.765,1.11169
165,F->B,46.371,-4.26,0.95021
165,F->C,65.777,0.995,0.85798
165,F->D,119.721,5.276,0.74555
165,F->E,23.291,-4.686,1.096
165,F->G,98.598,-4.0,1.22287
165,F->H,229.141,-32.333,1.00554
165,G->A,99.272,10.037,0.88699
165,G->B,11.697,-6.293,1.10295
165,G->C,48.392,16.296,1.04272
165,G->D,53.243,3.437,1.02411
165,G->E,152.007,30.325,1.16209
165,G->F,72.691,-2.725,1.06148
165,G->H,27.42,2.951,1.18878
165,H->A,76.065,10.324,0.99265
165,H->B,87.783,-9.358,1.02833
165,H->C,50.557,-1.571,1.10865
165,H->D,44.646,5.021,0.6824
165,H->E,247.494,-4.851,0.94911
165,H->F,133.466,-0.975,0.95277
165,H->G,142.693,0.577,0.91607
166,A->B,69.024,-11.198,1.15699
166,A->C,41.843,-4.641,0.78458
166,A->D,22.369,-1.836,1.15254
166,A->E,86.532,0.406,1.19506
166,A->F,122.985,-9.812,0.66075
166,A->G,57.664,-2.549,0.85774
166,A->H,127.221,0.453,0.86695
166,B->A,96.459,1.004,0.98304
166,B->C,51.887,5.718,1.06697
166,B->D,79.905,1.05,0.88269
166,B->E,51.048,0.548,1.07976
166,B->F,115.59,14.484,1.15796
166,B->G,96.494,5.403,1.09344
166,B->H,61.952,6.24,1.06757
166,C->A,37.828,-0.235,1.01756
166,C->B,52.071,-0.522,0.90697
166,C->D,99.986,-0.576,1.02866
166,C->E,104.206,20.332,0.88444
166,C->F,65.04,2.286,1.06336
166,C->G,22.846,-2.32,0.92175
166,C->H,34.489,-5.406,1.09187
166,D->A,109.221,16.01,0.9469
166,D->B,60.164,2.595,1.04885
166,D->C,65.182,-2.542,0.96672
166,D->E,37.857,-3.698,0.90487
166,D->F,33.822,21.727,1.01993
166,D->G,124.328,-1.039,1.09727
166,D->H,103.76,-1.303,1.07888
166,E->A,49.111,-0.005,0.96472
166,E->B,85.801,8.091,0.96184
166,E->C,84.171,-8.068,1.29654
166,E->D,178.327,-11.463,1.00562
166,E->F,33.285,3.357,0.95906
166,E->G,261.647,20.978,0.959
166,E->H,120.238,-7.864,1.1253
166,F->A,179.385,-8.171,1.1094
166,F->B,50.69,0.528,0.95228
166,F->C,52.067,-10.261,0.85615
166,F->D,110.965,3.942,0.74372
166,F->E,26.369,-2.927,1.09921
166,F->G,98.609,-6.739,1.221
166,F->H,214.004,-13.705,1.00879
166,G->A,104.597,2.326,0.89139
166,G->B,5.67,-4.251,1.10458
166,G->C,55.4,-2.511,1.04457
166,G->D,47.406,3.063,1.02034
166,G->E,,-20.033,1.16345
166,G->F,67.982,-2.513,1.06324
166,G->H,19.27,0.945,1.19603
166,H->A,70.772,10.519,0.98556
166,H->B,249.196,-0.452,1.03535
166,H->C,62.23,-4.238,1.10825
166,H->D,36.565,-0.841,0.68206
166,H->E,225.581,2.655,0.94551
166,H->F,,15.375,0.95447
166,H->G,130.558,-18.93,0.91595
167,A->B,32.163,-2.071,1.16172
167,A->C,27.473,1.218,0.78531
167,A->D,14.25,-0.692,1.15761
167,A->E,52.023,5.203,1.2027
167,A->F,65.028,-0.659,0.66482
167,A->G,23.893,-5.184,0.85618
167,A->H,76.781,2.948,0.86297
167,B->A,16.713,1.725,0.98779
167,B->C,31.287,-0.365,1.07038
167,B->D,46.499,2.266,0.88139
167,B->E,41.825,-1.66,1.08085
167,B->F,61.491,3.632,1.15306
167,B->G,64.504,-0.7,1.09416
167,B->H,32.43,-1.122,1.06685
167,C->A,17.682,-6.114,1.02447
167,C->B,27.788,6.758,0.90678
167,C->D,52.458,2.86,1.02668
167,C->E,64.782,2.438,0.88419
167,C->F,34.014,-0.562,1.06222
167,C->G,12.347,-1.558,0.92091
167,C->H,,-5.258,1.0939
167,D->A,59.025,0.352,0.95393
167,D->B,,3.622,1.04325
167,D->C,31.971,-0.487,0.97159
167,D->E,24.894,-3.48,0.90724
167,D->F,16.849,0.485,1.01965
167,D->G,204.445,-0.852,1.08335
167,D->H,52.4,-0.605,1.08798
167,E->A,38.217,7.145,0.95962
167,E->B,47.155,2.395,0.94932
167,E->C,53.008,1.728,1.28851
167,E->D,92.98,-7.36,1.0075
167,E->F,26.077,2.66,0.9505
167,E->G,49.808,2.038,0.96279
167,E->H,76.588,-14.255,1.12157
167,F->A,97.145,-11.821,1.10799
167,F->B,26.894,-5.436,0.95401
167,F->C,31.889,0.117,0.85544
167,F->D,55.62,0.483,0.74022
167,F->E,8.311,-2.685,1.09123
167,F->G,58.304,3.876,1.22036
167,F->H,130.48,-7.844,1.01644
167,G->A,51.443,-1.967,0.89012
167,G->B,13.836,-4.178,1.10362
167,G->C,31.908,-0.374,1.04091
167,G->D,35.242,-6.599,1.02369
167,G->E,70.932,-16.072,1.16319
167,G->F,43.19,5.99,1.06708
167,G->H,21.212,-0.363,1.2005
167,H->A,23.93,-2.669,0.98199
167,H->B,,-3.093,1.03468
167,H->C,35.075,2.936,1.1019
167,H->D,13.373,1.864,0.68894
167,H->E,122.955,-2.493,0.95342
167,H->F,66.936,-4.61,0.95204
167,H->G,73.206,-3.153,0.91278
168,A->B,28.064,2.59,1.16332
168,A->C,16.995,-2.509,0.7851
168,A->D,15.855,-0.536,1.15694
168,A->E,41.247,0.906,1.20178
168,A->F,53.964,0.272,0.6599
168,A->G,34.876,-1.226,0.85802
168,A->H,54.587,0.786,0.86185
168,B->A,15.642,0.763,0.98519
168,B->C,27.898,4.21,1.05556
168,B->D,32.662,-4.117,0.87955
168,B->E,24.789,-1.369,1.0763
168,B->F,54.743,1.102,1.14552
168,B->G,37.067,1.669,1.09572
168,B->H,27.181,5.035,1.06372
168,C->A,14.016,0.036,1.02371
168,C->B,24.468,1.088,0.90617
168,C->D,,1.749,1.03099
168,C->E,50.683,-2.639,0.89129
168,C->F,22.412,1.362,1.05968
168,C->G,8.48,-2.826,0.9204
168,C->H,40.158,-3.545,1.10624
168,D->A,38.924,1.077,0.96325
168,D->B,31.736,5.24,1.04669
168,D->C,24.159,-4.724,0.9705
168,D->E,19.963,-1.824,0.90569
168,D->F,20.16,-0.163,1.02197
168,D->G,56.958,0.291,1.0811
168,D->H,42.697,-3.484,1.09142
168,E->A,25.865,-0.009,0.9655
168,E->B,36.555,0.971,0.95084
168,E->C,45.917,-6.669,1.28349
168,E->D,80.254,-8.288,1.00646
168,E->F,12.937,-0.267,0.95576
168,E->G,42.483,2.144,0.96899
168,E->H,61.681,-0.989,1.13058
168,F->A,83.516,6.123,1.10378
168,F->B,30.422,-5.836,0.95742
168,F->C,20.536,0.039,0.86064
168,F->D,49.06,0.631,0.74423
168,F->E,13.759,0.417,1.0867
168,F->G,36.108,2.521,1.2199
168,F->H,93.287,8.492,1.01876
168,G->A,43.474,9.399,0.88908
168,G->B,14.72,-2.859,1.10808
168,G->C,23.8,-3.413,1.03607
168,G->D,26.374,-0.395,1.02206
168,G->E,63.464,-4.435,1.15913
168,G->F,34.467,-3.102,1.06938
168,G->H,9.147,0.349,1.2078
168,H->A,37.451,1.184,0.97584
168,H->B,40.341,0.283,1.03175
168,H->C,26.058,0.176,1.09473
168,H->D,22.437,-1.146,0.68401
168,H->E,,8.325,0.95728
168,H->F,59.947,4.216,0.94736
168,H->G,60.373,1.881,0.90871
169,A->B,62.06,-10.5,1.15945
169,A->C,39.256,-0.411,0.79316
169,A->D,18.476,-1.409,1.17052
169,A->E,81.132,0.056,1.19838
169,A->F,112.79,-1.963,0.66361
169,A->G,53.888,-9.289,0.84759
169,A->H,127.193,2.285,0.87283
169,B->A,41.503,-3.273,0.99161
169,B->C,34.554,16.358,1.05355
169,B->D,81.633,4.162,0.87402
169,B->E,55.302,-5.99,1.08108
169,B->F,113.804,13.733,1.14025
169,B->G,100.699,15.413,1.08294
169,B->H,63.709,8.308,1.05473
169,C->A,32.428,-6.38,1.02079
169,C->B,56.656,-1.715,0.90951
169,C->D,98.763,0.52,1.02767
169,C->E,111.002,-15.158,0.89346
169,C->F,59.19,-4.121,1.05347
169,C->G,26.49,-1.483,0.91444
169,C->H,37.434,-2.017,1.10533
169,D->A,101.692,2.625,0.96272
169,D->B,57.297,9.66,1.05516
169,D->C,63.559,4.032,0.9706
169,D->E,36.968,-4.214,0.9
169,D->F,38.687,-3.867,1.02136
169,D->G,121.596,-18.966,1.0859
169,D->H,92.967,-0.899,1.08653
169,E->A,,1.843,0.97521
169,E->B,76.08,-8.518,0.95288
169,E->C,94.598,13.2,1.27168
169,E->D,172.959,-9.074,1.00219
169,E->F,36.276,2.807,0.96325
169,E->G,87.413,10.778,0.96256
169,E->H,118.846,-23.964,1.12767
169,F->A,173.272,-8.81,1.09792
169,F->B,58.661,-5.732,0.95708
169,F->C,59.256,6.721,0.8581
169,F->D,112.262,-0.434,0.74627
169,F->E,23.472,-3.384,1.08869
169,F->G,93.656,-2.113,1.22812
169,F->H,218.583,-33.215,1.01755
169,G->A,103.832,14.959,0.89127
169,G->B,9.285,-3.289,1.10526
169,G->C,55.349,6.562,1.03783
169,G->D,59.0,-10.882,1.02141
169,G->E,134.269,-26.534,1.15151
169,G->F,66.475,-2.593,1.0715
169,G->H,26.873,-0.392,1.20376
169,H->A,73.708,-8.199,0.96948
169,H->B,81.1,-4.657,1.04064
169,H->C,60.76,5.711,1.09008
169,H->D,43.973,7.246,0.68664
169,H->E,227.496,-18.266,0.9557
169,H->F,131.191,-5.833,0.93987
169,H->G,126.658,5.405,0.90542
170,A->B,67.371,-3.53,1.14594
170,A->C,48.807,-1.865,0.79503
170,A->D,29.438,-2.034,1.1687
170,A->E,84.381,7.434,1.20243
170,A->F,127.188,-16.98,0.665
170,A->G,64.393,2.116,0.84409
170,A->H,141.176,6.355,0.87372
170,B->A,34.979,-2.759,0.99473
170,B->C,39.936,8.356,1.05625
170,B->D,98.635,8.264,0.8744
170,B->E,61.371,-0.303,1.0863
170,B->F,111.228,11.064,1.13967
170,B->G,103.761,-10.529,1.08979
170,B->H,57.708,4.083,1.04715
170,C->A,44.323,-1.583,1.01985
170,C->B,64.415,9.266,0.90956
170,C->D,111.618,-6.897,1.03153
170,C->E,122.47,-6.448,0.89366
170,C->F,65.59,-8.498,1.04658
170,C->G,15.473,-6.825,0.91808
170,C->H,31.669,-8.549,1.0955
170,D->A,97.624,16.256,0.95792
170,D->B,68.109,15.945,1.04669
170,D->C,62.139,3.781,0.9772
170,D->E,40.672,1.305,0.90659
170,D->F,45.086,4.377,1.01034
170,D->G,136.942,-19.286,1.0892
170,D->H,107.981,7.094,1.08115
170,E->A,45.342,3.231,0.98221
170,E->B,85.251,-4.958,0.9632
170,E->C,94.191,-5.513,1.27856
170,E->D,194.278,3.403,1.00999
170,E->F,51.201,4.877,0.9623
170,E->G,100.688,12.85,0.9584
170,E->H,133.557,4.516,1.13086
170,F->A,,-2.184,1.09845
170,F->B,48.975,-16.878,0.96654
170,F->C,66.852,-5.171,0.85753
170,F->D,114.125,-5.187,0.74613
170,F->E,23.162,-6.015,1.09069
170,F->G,98.665,1.036,1.22947
170,F->H,224.707,-35.599,1.01933
170,G->A,101.32,10.181,0.89705
170,G->B,9.946,-7.398,1.11502
170,G->C,44.155,-1.279,1.03108
170,G->D,60.531,-5.404,1.02103
170,G->E,154.534,-2.77,1.14852
170,G->F,77.078,5.438,1.07588
170,G->H,20.848,6.736,1.19796
170,H->A,76.565,1.648,0.97109
170,H->B,85.214,-2.375,1.03547
170,H->C,56.149,0.045,1.08912
170,H->D,,6.534,0.68399
170,H->E,247.842,-14.781,0.95495
170,H->F,136.616,16.048,0.94248
170,H->G,136.73,-6.447,0.91087
171,A->B,67.17,8.084,1.14155
171,A->C,52.307,-4.226,0.79075
171,A->D,16.938,-4.357,1.15275
171,A->E,101.687,5.065,1.19974
171,A->F,122.224,-3.654,0.66637
171,A->G,66.667,-1.9,0.84347
171,A->H,142.988,-25.106,0.87629
171,B->A,43.146,-0.626,0.98824
171,B->C,46.583,6.451,1.04948
171,B->D,94.155,-13.605,0.88135
171,B->E,71.246,-3.684,1.0811
171,B->F,117.495,7.796,1.14104
171,B->G,105.417,-0.435,1.08653
171,B->H,66.887,-1.826,1.03818
171,C->A,38.216,0.98,1.02364
171,C->B,64.598,6.471,0.90811
171,C->D,115.633,-10.31,1.0223
171,C->E,128.737,-5.687,0.89287
171,C->F,61.578,-0.932,1.0423
171,C->G,23.099,-5.22,0.91146
171,C->H,29.952,-2.654,1.08338
171,D->A,105.613,21.645,0.95492
171,D->B,201.852,12.334,1.04954
171,D->C,60.655,-10.97,0.98364
171,D->E,127.634,-4.993,0.90288
171,D->F,47.541,6.754,1.01836
171,D->G,141.663,9.82,1.0825
171,D->H,112.223,-2.794,1.09045
171,E->A,54.111,0.794,0.98365
171,E->B,89.628,-2.388,0.95682
171,E->C,106.801,-6.156,1.28389
171,E->D,206.08,16.4,1.00633
171,E->F,40.578,1.99,0.96677
171,E->G,103.004,-0.078,0.94795
171,E->H,129.642,5.45,1.13833
171,F->A,191.256,-23.321,1.09541
171,F->B,60.48,-10.228,0.97003
171,F->C,70.371,-14.639,0.85289
171,F->D,116.455,-3.685,0.74732
171,F->E,26.298,-5.431,1.09602
171,F->G,105.68,12.069,1.22303
171,F->H,233.499,-18.129,1.01552
171,G->A,114.995,12.834,0.89015
171,G->B,12.881,-5.392,1.11807
171,G->C,38.675,-0.445,1.02668
171,G->D,52.613,10.128,1.02112
171,G->E,157.529,-11.062,1.16192
171,G->F,69.735,3.902,1.07843
171,G->H,26.744,1.195,1.20053
171,H->A,80.513,7.098,0.97702
171,H->B,93.642,15.712,1.03771
171,H->C,67.075,-4.636,1.08244
171,H->D,38.454,-6.819,0.67662
171,H->E,258.061,11.698,0.94874
171,H->F,135.266,11.279,0.94552
171,H->G,148.427,-25.617,0.91779
172,A->B,68.678,-4.89,1.136
172,A->C,45.222,-1.473,0.79584
172,A->D,22.174,3.315,1.14792
172,A->E,85.624,-1.15,1.19895
172,A->F,119.66,14.172,0.66304
172,A->G,60.943,-6.931,0.84346
172,A->H,151.138,5.5,0.8778
172,B->A,39.022,-3.75,0.99255
172,B->C,52.8,5.387,1.04147
172,B->D,96.133,0.445,0.87576
172,B->E,51.723,-0.833,1.08271
172,B->F,121.278,7.742,1.14122
172,B->G,104.084,-6.134,1.08045
172,B->H,64.269,9.463,1.03711
172,C->A,41.936,4.353,1.02124
172,C->B,54.79,10.021,0.90024
172,C->D,100.012,13.405,1.02306
172,C->E,124.631,-15.58,0.87892
172,C->F,69.198,-1.639,1.04391
172,C->G,23.248,-7.579,0.90521
172,C->H,30.836,-6.297,1.08492
172,D->A,101.313,8.179,0.95611
172,D->B,59.889,6.517,1.04685
172,D->C,65.753,-9.034,0.98074
172,D->E,43.022,-9.037,0.89921
172,D->F,33.477,0.908,1.00874
172,D->G,133.602,3.524,1.07693
172,D->H,106.066,2.014,1.08886
172,E->A,56.985,12.89,0.9861
172,E->B,90.01,7.475,0.95664
172,E->C,95.117,5.449,1.29035
172,E->D,198.662,-46.446,1.00631
172,E->F,38.083,3.519,0.96424
172,E->G,87.667,-4.785,0.95018
172,E->H,138.247,5.85,1.1489
172,F->A,177.561,9.615,1.09197
172,F->B,51.089,3.592,0.97891
172,F->C,53.184,-6.535,0.84944
172,F->D,119.238,6.047,0.7446
172,F->E,32.53,-5.73,1.09902
172,F->G,101.999,5.19,1.2198
172,F->H,225.734,5.198,1.00969
172,G->A,106.474,1.716,0.89445
172,G->B,12.211,-4.349,1.11307
172,G->C,46.545,1.552,1.02585
172,G->D,48.57,-2.699,1.01421
172,G->E,144.125,-28.669,1.16477
172,G->F,81.271,8.416,1.07558
172,G->H,25.144,0.331,1.19237
172,H->A,240.021,-1.866,0.98372
172,H->B,89.735,1.957,1.03822
172,H->C,58.495,-9.506,1.0823
172,H->D,,5.194,0.67899
172,H->E,239.081,20.233,0.95504
172,H->F,130.47,-4.036,0.94477
172,H->G,124.204,-11.445,0.91811
173,A->B,65.901,-6.027,1.14581
173,A->C,39.897,3.962,0.79561
173,A->D,28.749,-2.712,1.14778
173,A->E,80.709,-21.644,1.18779
173,A->F,116.755,-7.613,0.6607
173,A->G,63.784,5.489,0.8439
173,A->H,127.369,-1.425,0.87523
173,B->A,30.888,0.452,0.98712
173,B->C,41.331,2.658,1.04498
173,B->D,82.005,4.53,0.87065
173,B->E,60.969,-5.649,1.08261
173,B->F,119.253,-9.19,1.14376
173,B->G,100.86,1.493,1.07595
173,B->H,53.623,0.655,1.03678
173,C->A,31.893,0.759,1.03143
173,C->B,57.044,2.499,0.90205
173,C->D,101.359,9.813,1.02041
173,C->E,114.579,-5.727,0.87678
173,C->F,57.717,-6.17,1.04231
173,C->G,29.896,-1.762,0.90094
173,C->H,24.249,-6.992,1.07813
173,D->A,105.305,7.197,0.95419
173,D->B,61.452,2.964,1.05133
173,D->C,62.323,-11.899,0.98058
173,D->E,36.438,-4.407,0.90032
173,D->F,38.132,9.109,1.00939
173,D->G,125.149,-15.619,1.07609
173,D->H,,13.36,1.08686
173,E->A,50.965,0.807,0.98293
173,E->B,78.2,10.453,0.95307
173,E->C,96.022,-7.238,1.29405
173,E->D,,37.471,1.00563
173,E->F,46.952,-5.055,0.97023
173,E->G,83.704,3.809,0.94679
173,E->H,120.738,-11.369,1.15025
173,F->A,170.956,15.09,1.09045
173,F->B,44.484,-8.858,0.9788
173,F->C,62.119,5.499,0.84454
173,F->D,119.772,-12.44,0.74602
173,F->E,28.636,-1.966,1.09091
173,F->G,93.126,-6.032,1.22737
173,F->H,220.112,-35.261,1.0017
173,G->A,96.421,7.718,0.89438
173,G->B,8.885,-3.396,1.10828
173,G->C,51.955,3.422,1.0223
173,G->D,46.049,-5.471,1.01081
173,G->E,140.497,5.569,1.15553
173,G->F,64.934,10.575,1.07148
173,G->H,28.532,2.421,1.18677
173,H->A,74.2,-0.249,0.98348
173,H->B,84.516,-4.881,1.04167
173,H->C,47.688,-4.324,1.08756
173,H->D,39.702,5.139,0.67655
173,H->E,228.902,-19.021,0.96241
173,H->F,127.845,-6.963,0.93286
173,H->G,133.91,-8.977,0.92151
174,A->B,39.861,-2.516,1.15171
174,A->C,26.984,1.106,0.79473
174,A->D,4.724,-1.71,1.14908
174,A->E,139.562,-5.468,1.19227
174,A->F,59.202,-0.092,0.65842
174,A->G,38.982,-4.976,0.84283
174,A->H,62.176,-0.214,0.86601
174,B->A,15.597,2.816,0.98313
174,B->C,36.494,-0.196,1.0543
174,B->D,43.128,-3.914,0.87311
174,B->E,36.408,-1.622,1.09444
174,B->F,56.855,0.276,1.1499
174,B->G,51.308,0.249,1.07126
174,B->H,31.494,2.583,1.03127
174,C->A,29.338,0.152,1.02708
174,C->B,33.732,4.941,0.90293
174,C->D,59.653,1.94,1.02063
174,C->E,66.375,11.018,0.87866
174,C->F,29.816,-3.849,1.04101
174,C->G,11.745,-1.519,0.9064
174,C->H,13.041,-4.115,1.07607
174,D->A,54.597,-2.482,0.95189
174,D->B,25.627,5.703,1.05514
174,D->C,36.572,0.72,0.98393
174,D->E,25.897,-2.561,0.89874
174,D->F,22.631,2.97,1.0085
174,D->G,70.619,6.723,1.07375
174,D->H,50.905,-3.361,1.09169
174,E->A,27.563,1.239,0.98408
174,E->B,43.936,5.324,0.95175
174,E->C,49.825,-7.627,1.29118
174,E->D,97.851,7.37,1.00653
174,E->F,26.809,3.639,0.97726
174,E->G,51.993,0.665,0.93632
174,E->H,73.783,6.12,1.14415
174,F->A,87.788,-9.532,1.07864
174,F->B,24.063,-5.788,0.97733
174,F->C,28.189,1.465,0.84203
174,F->D,69.875,-0.338,0.75061
174,F->E,10.976,-0.638,1.09209
174,F->G,52.507,6.112,1.22182
174,F->H,125.453,-22.678,0.99845
174,G->A,54.161,-0.129,0.89358
174,G->B,12.872,-2.121,1.11598
174,G->C,36.698,-4.524,1.01958
174,G->D,36.008,0.612,1.00972
174,G->E,78.61,4.169,1.1657
174,G->F,49.143,-5.681,1.07098
174,G->H,15.282,2.244,1.18369
174,H->A,35.207,2.883,0.9824
174,H->B,43.49,-8.729,1.03458
174,H->C,29.848,-5.268,1.09732
174,H->D,13.264,2.401,0.67604
174,H->E,123.456,-1.346,0.96698
174,H->F,71.052,-0.42,0.93723
174,H->G,68.643,8.774,0.91472
175,A->B,32.052,-0.536,1.14453
175,A->C,21.077,-3.872,0.79193
175,A->D,14.161,-1.491,1.15484
175,A->E,46.053,2.485,1.19339
175,A->F,52.931,-2.25,0.65627
175,A->G,22.509,-1.181,0.84697
175,A->H,48.675,-9.548,0.86049
175,B->A,16.545,-0.104,0.98611
175,B->C,24.547,5.429,1.06142
175,B->D,37.758,0.938,0.86462
175,B->E,34.514,1.091,1.08997
175,B->F,52.923,0.804,1.15535
175,B->G,54.952,0.451,1.07255
175,B->H,29.382,-3.171,1.03691
175,C->A,,2.432,1.02823
175,C->B,23.752,-0.106,0.90211
175,C->D,43.842,2.897,1.02004
175,C->E,52.773,9.508,0.87545
175,C->F,26.757,-4.437,1.04351
175,C->G,3.4,-2.101,0.90204
175,C->H,13.567,-1.13,1.07215
175,D->A,37.998,-0.332,0.95663
175,D->B,27.484,6.117,1.05502
175,D->C,76.165,1.127,0.9799
175,D->E,10.984,-4.846,0.89414
175,D->F,18.75,2.784,1.01498
175,D->G,58.204,2.91,1.06415
175,D->H,39.005,9.092,1.0886
175,E->A,16.696,-0.235,0.98438
175,E->B,45.564,2.725,0.95488
175,E->C,37.365,-6.402,1.28727
175,E->D,82.792,-4.814,1.0098
175,E->F,11.111,-0.995,0.96797
175,E->G,,3.306,0.93384
175,E->H,56.93,3.754,1.15162
175,F->A,77.675,-1.96,1.08134
175,F->B,28.337,-7.152,0.96829
175,F->C,28.898,-3.403,0.84583
175,F->D,47.146,-1.206,0.75014
175,F->E,10.611,-2.643,1.08378
175,F->G,41.971,-0.93,1.22116
175,F->H,97.201,-2.702,0.99839
175,G->A,41.121,1.69,0.88736
175,G->B,7.471,-2.217,1.11519
175,G->C,30.601,1.467,1.01833
175,G->D,30.906,1.253,1.00613
175,G->E,68.822,1.397,1.16724
175,G->F,24.955,1.875,1.06804
175,G->H,10.025,-1.55,1.18252
175,H->A,40.36,-2.114,0.99186
175,H->B,36.011,-2.677,1.03623
175,H->C,20.079,0.715,1.09825
175,H->D,14.772,0.217,0.67181
175,H->E,101.717,6.494,0.96886
175,H->F,44.093,6.444,0.93647
175,H->G,57.237,-3.978,0.91616
176,A->B,195.504,-8.364,1.14185
176,A->C,42.822,0.129,0.79073
176,A->D,26.958,0.345,1.14989
176,A->E,83.817,0.546,1.19176
176,A->F,121.525,-18.706,0.65669
176,A->G,60.033,-9.661,0.85549
176,A->H,133.02,-11.192,0.85982
176,B->A,28.79,-0.739,0.98821
176,B->C,37.032,2.804,1.0699
176,B->D,94.251,-5.049,0.86817
176,B->E,63.713,-13.013,1.09217
176,B->F,109.039,11.207,1.1514
176,B->G,303.015,2.408,1.07475
176,B->H,65.096,5.365,1.04115
176,C->A,37.837,-0.479,1.02584
176,C->B,51.814,11.188,0.90019
176,C->D,101.098,6.271,1.01418
176,C->E,114.764,8.567,0.87537
176,C->F,58.278,-9.915,1.05065
176,C->G,20.859,-1.629,0.90675
176,C->H,24.5,-5.377,1.07046
176,D->A,92.979,2.982,0.94275
176,D->B,57.648,4.413,1.05588
176,D->C,63.983,-0.816,0.98164
176,D->E,42.844,3.106,0.89436
176,D->F,41.879,4.255,1.01774
176,D->G,121.558,-13.662,1.06333
176,D->H,103.333,-11.183,1.07917
176,E->A,49.975,15.781,0.97627
176,E->B,80.599,-17.264,0.95468
176,E->C,92.449,10.95,1.27417
176,E->D,188.33,-27.178,1.01025
176,E->F,48.778,4.907,0.96064
176,E->G,88.046,7.761,0.93023
176,E->H,123.772,9.161,1.15333
176,F->A,176.899,2.251,1.07994
176,F->B,43.903,-1.079,0.97668
176,F->C,59.354,10.277,0.84937
176,F->D,107.883,-3.997,0.75085
176,F->E,31.862,-6.313,1.07962
176,F->G,93.748,5.998,1.22832
176,F->H,217.815,-20.701,0.99825
176,G->A,100.581,-2.147,0.89049
176,G->B,16.232,-4.484,1.12105
176,G->C,42.734,-5.211,1.00959
176,G->D,57.333,6.872,1.00555
176,G->E,133.504,-3.227,1.15924
176,G->F,77.329,3.605,1.0608
176,G->H,19.187,2.156,1.18131
176,H->A,81.05,7.51,0.98743
176,H->B,91.257,-11.339,1.04418
176,H->C,70.746,-11.473,1.10103
176,H->D,37.464,-10.846,0.66928
176,H->E,233.246,34.908,0.96647
176,H->F,123.957,14.747,0.92991
176,H->G,133.882,8.231,0.91319
177,A->B,65.603,1.5,1.14358
177,A->C,49.106,-0.61,0.78885
177,A->D,25.546,-1.069,1.15075
177,A->E,90.358,6.027,1.19492
177,A->F,120.919,-15.342,0.65517
177,A->G,66.669,-4.2,0.855
177,A->H,127.601,2.161,0.85765
177,B->A,27.375,-0.542,0.98966
177,B->C,39.156,2.496,1.06415
177,B->D,82.817,-2.002,0.86538
177,B->E,69.316,3.616,1.08624
177,B->F,115.542,-17.924,1.14786
177,B->G,108.954,-1.707,1.07066
177,B->H,65.901,6.329,1.04573
177,C->A,33.31,2.091,1.01953
177,C->B,62.656,-1.035,0.8928
177,C->D,107.057,19.623,1.01269
177,C->E,115.21,16.254,0.8722
177,C->F,58.426,-4.938,1.05316
177,C->G,26.766,-3.389,0.9083
177,C->H,38.317,-5.392,1.0719
177,D->A,113.644,5.834,0.94291
177,D->B,70.651,7.409,1.04816
177,D->C,63.377,-7.119,0.97404
177,D->E,43.828,-4.256,0.89597
177,D->F,45.064,7.623,1.02124
177,D->G,138.25,-0.178,1.07513
177,D->H,101.974,-10.424,1.08219
177,E->A,57.317,13.08,0.97222
177,E->B,80.141,-18.878,0.96088
177,E->C,96.768,-11.278,1.26887
177,E->D,185.965,11.073,1.0079
177,E->F,45.602,2.689,0.95651
177,E->G,89.846,-3.821,0.91939
177,E->H,125.193,22.89,1.14048
177,F->A,184.903,14.151,1.07851
177,F->B,55.348,-11.252,0.97394
177,F->C,55.443,-8.724,0.84384
177,F->D,118.913,10.958,0.74559
177,F->E,38.086,-4.814,1.0766
177,F->G,97.258,2.636,1.23763
177,F->H,238.459,9.83,0.99278
177,G->A,102.321,6.695,0.88217
177,G->B,5.625,-4.023,1.12354
177,G->C,45.103,8.348,1.01919
177,G->D,52.757,3.603,0.99474
177,G->E,148.296,1.215,1.16665
177,G->F,72.642,-0.805,1.06374
177,G->H,28.916,0.657,1.18036
177,H->A,76.251,7.936,0.98072
177,H->B,,-4.148,1.047
177,H->C,48.987,4.938,1.10786
177,H->D,45.605,-4.67,0.66947
177,H->E,245.341,3.014,0.96951
177,H->F,125.255,-17.95,0.93378
177,H->G,144.23,-8.784,0.9176
178,A->B,68.044,3.368,1.14239
178,A->C,38.431,-1.43,0.78281
178,A->D,27.715,-2.843,1.1414
178,A->E,94.292,2.546,1.18369
178,A->F,123.564,5.081,0.65355
178,A->G,70.806,-14.034,0.85336
178,A->H,144.241,-1.121,0.85342
178,B->A,34.496,-4.381,0.9944
178,B->C,50.646,16.899,1.06282
178,B->D,96.861,-0.227,0.86028
178,B->E,60.602,-11.127,1.09974
178,B->F,123.207,9.651,1.14184
178,B->G,107.64,3.895,1.06846
178,B->H,59.976,8.133,1.05393
178,C->A,37.12,-1.634,1.01295
178,C->B,58.927,-0.435,0.89053
178,C->D,117.484,5.833,1.01748
178,C->E,122.252,3.126,0.87079
178,C->F,65.302,-3.754,1.05085
178,C->G,19.209,-5.949,0.9035
178,C->H,21.362,-4.371,1.0679
178,D->A,104.277,5.857,0.93928
178,D->B,67.713,-1.722,1.0521
178,D->C,69.588,3.349,0.9849
178,D->E,136.541,-1.929,0.89941
178,D->F,37.501,8.689,1.02608
178,D->G,140.757,-9.854,1.0691
178,D->H,115.99,-5.049,1.08305
178,E->A,63.307,-3.087,0.97564
178,E->B,97.575,-20.547,0.96674
178,E->C,97.017,-10.252,1.27209
178,E->D,205.135,3.946,0.99769
178,E->F,42.602,5.327,0.94268
178,E->G,96.785,0.865,0.91201
178,E->H,143.874,20.639,1.14802
178,F->A,186.299,39.715,1.07736
178,F->B,54.665,-9.398,0.97972
178,F->C,63.271,1.965,0.84166
178,F->D,127.016,19.172,0.74293
178,F->E,36.476,-0.95,1.07668
178,F->G,112.003,-13.31,1.24541
178,F->H,251.04,24.035,0.98622
178,G->A,109.667,-1.094,0.88499
178,G->B,18.057,-3.325,1.12356
178,G->C,53.479,1.828,1.01745
178,G->D,47.455,-2.61,0.99347
178,G->E,158.424,5.001,1.16853
178,G->F,78.458,7.416,1.06319
178,G->H,23.313,0.706,1.17849
178,H->A,87.772,12.456,0.96913
178,H->B,86.218,-23.057,1.04557
178,H->C,66.734,-2.97,1.10453
178,H->D,37.304,3.411,0.67089
178,H->E,246.7,-22.904,0.97144
178,H->F,139.369,12.534,0.93164
178,H->G,140.195,-7.909,0.91124
179,A->B,60.904,-5.986,1.14843
179,A->C,39.543,0.16,0.79023
179,A->D,26.239,-4.529,1.1455
179,A->E,92.527,-7.257,1.18035
179,A->F,117.704,4.748,0.65257
179,A->G,190.706,-9.26,0.84313
179,A->H,130.293,-6.29,0.84927
179,B->A,31.806,-3.691,0.99557
179,B->C,47.47,13.071,1.06351
179,B->D,87.135,18.245,0.86388
179,B->E,69.435,-1.202,1.09988
179,B->F,117.398,-10.918,1.13151
179,B->G,104.617,11.443,1.06839
179,B->H,66.347,-1.093,1.06424
179,C->A,29.704,-2.392,1.02316
179,C->B,55.796,13.871,0.89092
179,C->D,107.609,17.03,1.01392
179,C->E,,-5.598,0.87082
179,C->F,65.245,2.056,1.04053
179,C->G,27.263,0.288,0.90319
179,C->H,27.883,0.994,1.06543
179,D->A,,23.05,0.93915
179,D->B,69.859,8.892,1.05152
179,D->C,61.03,1.718,0.98397
179,D->E,41.386,-3.802,0.89545
179,D->F,39.441,0.346,1.03014
179,D->G,131.485,-11.689,1.05982
179,D->H,107.804,-4.48,1.07751
179,E->A,60.336,7.785,0.97095
179,E->B,88.962,-6.714,0.9661
179,E->C,94.535,1.798,1.2582
179,E->D,194.397,-12.213,0.99803
179,E->F,53.981,4.565,0.93836
179,E->G,98.364,16.075,0.91987
179,E->H,138.629,20.829,1.14097
179,F->A,177.611,-21.214,1.07403
179,F->B,49.667,-5.965,0.97988
179,F->C,61.858,-8.728,0.84412
179,F->D,120.824,-11.122,0.74183
179,F->E,31.327,-5.998,1.07751
179,F->G,95.251,-7.355,1.2411
179,F->H,218.504,38.41,0.98939
179,G->A,97.736,-10.531,0.89257
179,G->B,12.693,-6.979,1.12655
179,G->C,44.774,1.495,1.02656
179,G->D,59.292,-2.378,0.99429
179,G->E,140.689,12.278,1.16128
179,G->F,76.129,-0.01,1.05935
179,G->H,19.516,2.925,1.17883
179,H->A,79.087,11.701,0.96223
179,H->B,81.032,-7.606,1.04374
179,H->C,56.055,-8.347,1.11013
179,H->D,40.943,7.902,0.66733
179,H->E,251.121,-7.851,0.96649
179,H->F,134.894,-13.416,0.92901
179,H->G,143.056,-4.776,0.91607
180,A->B,69.814,-6.337,1.15732
180,A->C,42.932,0.436,0.78955
180,A->D,14.725,-2.891,1.14981
180,A->E,83.528,1.196,1.17649
180,A->F,120.595,-4.804,0.65156
180,A->G,58.65,-2.251,0.84013
180,A->H,122.191,-13.863,0.85114
180,B->A,40.719,-1.915,0.99435
180,B->C,40.082,1.712,1.06616
180,B->D,84.229,3.918,0.85496
180,B->E,57.977,-3.486,1.08547
180,B->F,111.753,-16.217,1.13869
180,B->G,,1.116,1.07071
180,B->H,60.11,3.493,1.06664
180,C->A,32.546,0.134,1.01522
180,C->B,171.873,12.063,0.89643
180,C->D,108.476,2.912,1.01151
180,C->E,113.197,9.814,0.8692
180,C->F,65.073,-14.78,1.04786
180,C->G,23.584,-2.203,0.90334
180,C->H,31.453,-8.235,1.06491
180,D->A,97.357,-0.28,0.94224
180,D->B,60.068,4.982,1.05301
180,D->C,69.46,8.11,0.98776
180,D->E,36.229,10.581,0.89096
180,D->F,35.986,5.675,1.03575
180,D->G,126.062,-10.05,1.06074
180,D->H,95.878,1.137,1.07971
180,E->A,41.885,4.18,0.97476
180,E->B,87.114,8.249,0.97269
180,E->C,92.006,-15.441,1.25919
180,E->D,180.795,22.387,0.99843
180,E->F,40.3,-3.405,0.93219
180,E->G,88.246,1.241,0.92089
180,E->H,129.1,9.727,1.13888
180,F->A,168.321,-19.687,1.07722
180,F->B,52.768,-3.536,0.98377
180,F->C,66.063,-5.113,0.84542
180,F->D,123.596,-8.189,0.73686
180,F->E,24.235,-7.304,1.07469
180,F->G,92.265,-6.485,1.24009
180,F->H,210.959,2.472,0.9876
180,G->A,106.062,11.349,0.89301
180,G->B,9.452,-4.674,1.12674
180,G->C,47.528,-11.983,1.02712
180,G->D,55.574,-3.1,0.99397
180,G->E,138.987,14.341,1.16957
180,G->F,64.483,6.43,1.06247
180,G->H,19.567,-2.556,1.17591
180,H->A,78.162,11.61,0.9582
180,H->B,80.376,2.548,1.05053
180,H->C,57.797,-6.2,1.11113
180,H->D,46.833,-0.905,0.66185
180,H->E,233.072,23.436,0.96395
180,H->F,127.227,2.735,0.92781
180,H->G,133.141,4.13,0.91359
181,A->B,37.155,5.858,1.1538
181,A->C,26.008,-2.707,0.788
181,A->D,27.97,-2.016,1.15331
181,A->E,41.585,1.359,1.16573
181,A->F,57.923,-6.241,0.65763
181,A->G,36.615,-4.012,0.8288
181,A->H,71.853,7.789,0.84677
181,B->A,14.768,0.704,0.98882
181,B->C,25.563,2.671,1.06687
181,B->D,42.198,-0.538,0.85345
181,B->E,30.106,-3.38,1.08957
181,B->F,56.339,-3.637,1.14092
181,B->G,52.368,14.738,1.06872
181,B->H,32.057,4.791,1.05775
181,C->A,15.904,-1.428,1.01395
181,C->B,31.656,-0.332,0.90626
181,C->D,55.076,5.541,1.01302
181,C->E,64.772,13.664,0.86955
181,C->F,33.211,-1.448,1.04398
181,C->G,23.52,-1.825,0.90387
181,C->H,20.045,-0.915,1.07038
181,D->A,52.285,2.036,0.937
181,D->B,36.808,3.864,1.05832
181,D->C,19.747,-1.491,0.98795
181,D->E,20.261,-2.689,0.88637
181,D->F,16.405,2.707,1.03985
181,D->G,74.96,0.588,1.05812
181,D->H,54.491,1.132,1.07809
181,E->A,28.453,1.831,0.96519
181,E->B,43.173,0.76,0.97109
181,E->C,38.949,5.947,1.26077
181,E->D,90.671,1.884,1.00168
181,E->F,22.122,3.216,0.93729
181,E->G,53.983,8.45,0.92129
181,E->H,64.474,3.117,1.13542
181,F->A,95.586,1.086,1.08009
181,F->B,28.207,-5.18,0.98472
181,F->C,33.397,3.234,0.8414
181,F->D,64.34,-9.033,0.73059
181,F->E,10.777,-1.979,1.07122
181,F->G,55.363,-1.917,1.24036
181,F->H,127.193,-1.865,0.98938
181,G->A,60.927,2.703,0.89462
181,G->B,13.016,-2.332,1.12855
181,G->C,22.945,1.392,1.03899
181,G->D,27.54,0.857,0.99064
181,G->E,77.06,11.95,1.16647
181,G->F,37.262,3.979,1.05435
181,G->H,17.592,0.73,1.17883
181,H->A,121.206,-1.344,0.95617
181,H->B,44.364,2.873,1.04811
181,H->C,34.093,-5.194,1.10376
181,H->D,28.295,2.807,0.66434
181,H->E,133.257,-6.823,0.95648
181,H->F,82.426,0.341,0.9231
181,H->G,73.658,4.288,0.90935
182,A->B,31.556,4.968,1.1516
182,A->C,16.58,-1.267,0.79604
182,A->D,6.898,-0.334,1.15119
182,A->E,43.676,3.907,1.16522
182,A->F,55.543,-5.199,0.66177
182,A->G,82.801,-9.361,0.82953
182,A->H,72.312,-2.918,0.84771
182,B->A,16.184,2.44,0.98468
182,B->C,,-1.58,1.05944
182,B->D,36.208,2.838,0.86194
182,B->E,29.304,0.296,1.09096
182,B->F,45.788,3.572,1.135
182,B->G,44.662,2.202,1.06286
182,B->H,20.276,-1.786,1.06733
182,C->A,12.765,-0.349,1.00991
182,C->B,28.399,3.54,0.90691
182,C->D,43.308,-2.416,1.00807
182,C->E,53.383,-4.575,0.86755
182,C->F,28.529,-2.489,1.04656
182,C->G,6.752,-1.363,0.90779
182,C->H,16.241,0.248,1.08396
182,D->A,47.412,3.723,0.9339
182,D->B,38.959,4.105,1.05115
182,D->C,34.204,-0.158,0.99047
182,D->E,16.805,-0.056,0.88759
182,D->F,17.042,2.926,1.04709
182,D->G,58.518,-2.66,1.058
182,D->H,47.026,-4.375,1.0849
182,E->A,28.952,-1.056,0.96939
182,E->B,36.547,8.291,0.9718
182,E->C,35.29,-12.36,1.27174
182,E->D,83.071,8.449,1.00104
182,E->F,11.322,1.445,0.93158
182,E->G,36.987,-3.821,0.91968
182,E->H,51.345,-4.54,1.1326
182,F->A,72.88,4.264,1.07749
182,F->B,16.386,-1.887,0.98576
182,F->C,81.535,0.071,0.84181
182,F->D,47.596,-1.004,0.73486
182,F->E,1.184,-4.349,1.07108
182,F->G,46.682,-8.194,1.24825
182,F->H,96.549,26.301,0.98647
182,G->A,43.991,-3.047,0.90453
182,G->B,5.836,-1.991,1.12469
182,G->C,20.658,1.196,1.03459
182,G->D,28.39,-1.351,0.98907
182,G->E,55.703,-9.486,1.16861
182,G->F,35.425,2.222,1.05611
182,G->H,20.382,0.044,1.1671
182,H->A,37.255,7.505,0.95794
182,H->B,51.856,8.488,1.04645
182,H->C,29.131,-1.28,1.10102
182,H->D,22.821,2.195,0.66302
182,H->E,106.914,0.273,0.9496
182,H->F,49.715,5.629,0.92614
182,H->G,62.018,0.53,0.90615
183,A->B,72.937,-0.886,1.15627
183,A->C,45.758,3.584,0.79811
183,A->D,22.711,-1.282,1.15595
183,A->E,91.508,-5.45,1.1726
183,A->F,115.104,-9.851,0.65816
183,A->G,,-14.511,0.82753
183,A->H,123.401,-35.109,0.85258
183,B->A,,2.198,0.98586
183,B->C,47.127,11.442,1.05504
183,B->D,,-1.124,0.86514
183,B->E,58.203,-3.883,1.0866
183,B->F,100.874,8.198,1.12974
183,B->G,103.034,-24.923,1.06268
183,B->H,56.208,5.558,1.0667
183,C->A,38.507,-2.937,1.01745
183,C->B,63.09,0.391,0.90715
183,C->D,104.296,-1.018,1.01646
183,C->E,113.457,17.815,0.86837
183,C->F,49.123,-5.773,1.0451
183,C->G,17.126,-5.035,0.91383
183,C->H,39.332,-9.543,1.08176
183,D->A,99.027,21.914,0.93728
183,D->B,64.423,2.894,1.04736
183,D->C,60.997,3.326,0.98464
183,D->E,48.279,-5.586,0.88728
183,D->F,39.169,8.452,1.04169
183,D->G,129.382,-8.484,1.05812
183,D->H,110.125,-13.598,1.08872
183,E->A,53.77,5.117,0.96759
183,E->B,90.561,3.284,0.97218
183,E->C,90.717,-3.924,1.27478
183,E->D,188.515,-4.157,1.00387
183,E->F,37.263,-3.951,0.92648
183,E->G,84.951,8.555,0.92068
183,E->H,129.232,-8.408,1.13682
183,F->A,183.71,-18.884,1.07985
183,F->B,49.402,-0.218,0.98855
183,F->C,60.853,4.343,0.83618
183,F->D,115.135,21.396,0.73227
183,F->E,31.243,-2.246,1.07093
183,F->G,89.353,0.349,1.23084
183,F->H,224.16,-36.612,0.98935
183,G->A,104.366,-6.556,0.91101
183,G->B,19.583,-3.439,1.12922
183,G->C,44.31,2.278,1.02796
183,G->D,51.891,-1.392,0.9894
183,G->E,156.6,1.243,1.16485
183,G->F,67.603,8.478,1.05403
183,G->H,24.743,3.868,1.16476
183,H->A,70.074,8.963,0.95992
183,H->B,84.011,-2.041,1.04496
183,H->C,57.708,-6.581,1.09538
183,H->D,40.586,-2.807,0.66522
183,H->E,,22.843,0.94968
183,H->F,125.269,5.652,0.92688
183,H->G,,-7.175,0.90819
184,A->B,69.148,2.922,1.15191
184,A->C,48.035,-3.151,0.80692
184,A->D,29.151,-3.016,1.1517
184,A->E,102.768,-9.617,1.17268
184,A->F,132.901,-11.266,0.65289
184,A->G,64.25,-9.088,0.82819
184,A->H,,13.877,0.85394
184,B->A,23.834,0.227,0.98486
184,B->C,51.529,4.691,1.0506
184,B->D,85.009,-11.117,0.86379
184,B->E,56.568,-0.211,1.0889
184,B->F,112.909,-9.455,1.12601
184,B->G,107.057,-14.419,1.06267
184,B->H,59.599,-1.934,1.06197
184,C->A,33.57,-4.023,1.0115
184,C->B,55.243,13.889,0.9067
184,C->D,109.649,-3.108,1.01274
184,C->E,118.357,0.03,0.87123
184,C->F,71.514,3.105,1.04228
184,C->G,27.27,-5.94,0.91363
184,C->H,25.828,-4.421,1.08222
184,D->A,100.892,20.684,0.93868
184,D->B,,0.359,1.04656
184,D->C,71.252,5.239,0.98681
184,D->E,34.449,3.012,0.88643
184,D->F,49.337,5.579,1.04072
184,D->G,132.121,11.741,1.06439
184,D->H,108.131,-10.451,1.09613
184,E->A,50.032,-0.616,0.96629
184,E->B,87.336,2.489,0.97812
184,E->C,93.332,-12.936,1.27656
184,E->D,190.32,-12.329,1.00714
184,E->F,,6.107,0.92389
184,E->G,99.27,14.679,0.9252
184,E->H,135.528,-39.625,1.13678
184,F->A,184.368,7.238,1.07599
184,F->B,47.457,-13.768,0.99055
184,F->C,61.398,-0.466,0.83156
184,F->D,118.288,0.52,0.73252
184,F->E,26.389,-4.563,1.07533
184,F->G,90.504,-9.626,1.23261
184,F->H,227.843,40.121,0.98359
184,G->A,115.236,-12.562,0.90726
184,G->B,20.336,-3.481,1.12503
184,G->C,45.568,4.813,1.02907
184,G->D,59.933,-17.075,0.98966
184,G->E,157.035,7.508,1.15761
184,G->F,71.81,0.406,1.05802
184,G->H,24.392,-3.214,1.16493
184,H->A,82.097,-2.776,0.96075
184,H->B,94.351,-9.964,1.04401
184,H->C,60.466,-3.264,1.09467
184,H->D,41.421,0.922,0.66655
184,H->E,246.61,31.063,0.95615
184,H->F,138.189,6.148,0.91757
184,H->G,417.63,-34.315,0.90701
185,A->B,75.403,3.207,1.14979
185,A->C,53.015,-2.743,0.80387
185,A->D,26.895,1.321,1.16379
185,A->E,99.926,2.799,1.16939
185,A->F,134.483,16.208,0.65509
185,A->G,70.656,-15.189,0.83053
185,A->H,140.703,11.792,0.85191
185,B->A,40.787,0.886,0.98377
185,B->C,48.879,5.014,1.05261
185,B->D,99.928,1.534,0.86752
185,B->E,64.071,1.14,1.08833
185,B->F,120.863,37.803,1.12553
185,B->G,116.572,15.879,1.05471
185,B->H,67.173,-3.314,1.05896
185,C->A,41.308,-1.173,1.0108
185,C->B,69.264,15.66,0.89965
185,C->D,108.224,6.42,1.01214
185,C->E,129.012,0.463,0.86677
185,C->F,68.22,10.554,1.04145
185,C->G,22.64,-8.606,0.91345
185,C->H,23.602,-10.987,1.09192
185,D->A,106.854,6.562,0.94079
185,D->B,78.574,9.348,1.04464
185,D->C,74.226,0.487,0.98087
185,D->E,37.719,-5.611,0.88436
185,D->F,47.37,-8.661,1.03493
185,D->G,140.395,-40.713,1.07709
185,D->H,106.302,21.176,1.08839
185,E->A,56.146,5.379,0.97031
185,E->B,86.783,-5.02,0.98099
185,E->C,103.306,-15.904,1.27846
185,E->D,206.636,-21.963,1.00658
185,E->F,42.483,-3.916,0.9264
185,E->G,96.601,9.397,0.92243
185,E->H,137.987,3.344,1.1348
185,F->A,195.19,16.677,1.06906
185,F->B,60.588,-21.782,0.99186
185,F->C,82.207,-14.952,0.83217
185,F->D,125.935,-16.314,0.73042
185,F->E,34.279,-5.101,1.0783
185,F->G,99.6,6.714,1.24126
185,F->H,228.577,-12.05,0.98444
185,G->A,109.934,17.811,0.90507
185,G->B,20.484,-5.448,1.12769
185,G->C,44.941,-2.775,1.03019
185,G->D,53.47,-9.523,0.985
185,G->E,153.926,-17.73,1.15666
185,G->F,83.732,17.036,1.06313
185,G->H,27.918,4.852,1.16562
185,H->A,97.046,2.366,0.96085
185,H->B,89.698,2.257,1.04352
185,H->C,62.312,-7.535,1.09706
185,H->D,47.03,-3.677,0.66873
185,H->E,257.169,-0.496,0.95772
185,H->F,143.686,2.371,0.91804
185,H->G,146.543,-22.773,0.90444
186,A->B,66.468,2.802,1.1517
186,A->C,61.577,2.197,0.80753
186,A->D,15.347,-8.792,1.15155
186,A->E,92.772,-1.909,1.17272
186,A->F,126.921,8.671,0.66201
186,A->G,64.443,10.888,0.82807
186,A->H,142.059,13.467,0.84748
186,B->A,34.055,3.376,0.97852
186,B->C,49.092,9.174,1.05907
186,B->D,90.498,-21.502,0.86953
186,B->E,62.908,4.79,1.0913
186,B->F,118.719,-1.738,1.12603
186,B->G,103.051,21.387,1.04515
186,B->H,,-4.738,1.05099
186,C->A,37.749,-7.445,1.01952
186,C->B,65.135,5.287,0.89753
186,C->D,114.494,5.355,1.01253
186,C->E,122.506,20.775,0.87128
186,C->F,184.143,1.677,1.03754
186,C->G,19.742,-6.428,0.91506
186,C->H,24.584,-9.48,1.09833
186,D->A,109.214,23.124,0.94197
186,D->B,65.457,6.482,1.04634
186,D->C,61.687,-3.88,0.97613
186,D->E,44.282,-3.202,0.89034
186,D->F,43.778,8.689,1.03603
186,D->G,135.685,-19.497,1.06735
186,D->H,109.292,3.218,1.09187
186,E->A,52.787,6.873,0.97316
186,E->B,87.537,-4.447,0.9806
186,E->C,,-1.589,1.28158
186,E->D,196.531,7.29,1.00845
186,E->F,41.885,1.69,0.91734
186,E->G,97.208,19.554,0.92606
186,E->H,134.837,-3.395,1.13407
186,F->A,180.702,-16.555,1.0671
186,F->B,55.797,3.719,0.99602
186,F->C,67.878,-4.569,0.83492
186,F->D,124.056,-23.826,0.73089
186,F->E,30.946,-4.117,1.07481
186,F->G,100.515,1.985,1.23914
186,F->H,230.904,-34.518,0.98226
186,G->A,104.88,12.596,0.9115
186,G->B,15.897,-3.344,1.12299
186,G->C,50.254,5.993,1.03783
186,G->D,53.216,3.786,0.98799
186,G->E,130.201,-25.093,1.1549
186,G->F,78.158,20.72,1.05905
186,G->H,32.032,2.039,1.17154
186,H->A,71.677,2.338,0.96091
186,H->B,99.68,-1.957,1.04479
186,H->C,62.133,-4.254,1.10622
186,H->D,,0.618,0.6643
186,H->E,239.928,-17.824,0.96122
186,H->F,132.634,8.153,0.91502
186,H->G,,-4.732,0.90697
187,A->B,68.287,-9.918,1.13712
187,A->C,45.973,-0.61,0.80802
187,A->D,24.12,1.242,1.14117
187,A->E,83.081,-3.289,1.16319
187,A->F,122.445,6.786,0.66259
187,A->G,61.731,-3.606,0.82544
187,A->H,120.814,-6.952,0.8378
187,B->A,34.829,-0.098,0.97789
187,B->C,42.642,3.027,1.05607
187,B->D,83.38,4.451,0.86187
187,B->E,57.961,-6.524,1.09117
187,B->F,109.648,-4.796,1.12415
187,B->G,98.724,-0.617,1.04377
187,B->H,79.302,-0.909,1.04218
187,C->A,36.525,-0.79,1.01758
187,C->B,62.742,1.72,0.90269
187,C->D,110.948,15.513,1.0168
187,C->E,119.363,-2.628,0.87161
187,C->F,55.013,6.819,1.03482
187,C->G,31.881,-1.13,0.92486
187,C->H,28.089,-8.36,1.09979
187,D->A,95.9,9.486,0.94017
187,D->B,61.744,-2.729,1.04222
187,D->C,53.328,3.767,0.97589
187,D->E,42.756,-10.624,0.89222
187,D->F,47.183,1.97,1.0414
187,D->G,129.465,1.609,1.07561
187,D->H,103.724,0.183,1.09324
187,E->A,50.531,11.229,0.96625
187,E->B,79.893,-10.102,0.97701
187,E->C,96.4,13.418,1.29137
187,E->D,182.931,4.727,1.00911
187,E->F,37.912,6.827,0.9178
187,E->G,92.729,3.704,0.92868
187,E->H,127.142,-9.578,1.13024
187,F->A,167.237,2.741,1.06382
187,F->B,49.287,0.519,0.99054
187,F->C,55.128,1.965,0.84149
187,F->D,118.717,-6.078,0.7311
187,F->E,27.028,-6.52,1.07894
187,F->G,92.91,-16.583,1.24047
187,F->H,,1.754,0.98601
187,G->A,94.447,-10.836,0.91189
187,G->B,17.436,-4.278,1.11155
187,G->C,41.152,5.383,1.03793
187,G->D,48.576,-5.963,0.99189
187,G->E,138.925,-3.383,1.15058
187,G->F,69.228,-2.591,1.05536
187,G->H,22.772,3.549,1.16605
187,H->A,64.673,10.668,0.9582
187,H->B,92.756,-3.227,1.04632
187,H->C,52.288,-1.196,1.10724
187,H->D,,-0.271,0.66936
187,H->E,236.179,33.581,0.9559
187,H->F,132.923,11.477,0.91678
187,H->G,138.46,24.885,0.9057
188,A->B,41.436,3.148,1.13942
188,A->C,23.194,-0.515,0.81247
188,A->D,13.64,-0.604,1.13925
188,A->E,50.155,-1.989,1.16871
188,A->F,64.732,5.236,0.6605
188,A->G,36.632,-5.004,0.82309
188,A->H,70.448,-3.77,0.83226
188,B->A,22.414,0.602,0.97495
188,B->C,23.235,1.121,1.04723
188,B->D,48.977,-1.63,0.86079
188,B->E,32.268,-5.359,1.08744
188,B->F,67.115,4.938,1.12816
188,B->G,61.399,7.36,1.04065
188,B->H,39.531,1.477,1.04423
188,C->A,23.207,-1.822,1.0153
188,C->B,31.839,-2.309,0.89465
188,C->D,61.222,6.607,1.0158
188,C->E,66.372,8.138,0.87866
188,C->F,33.343,-0.521,1.03182
188,C->G,15.891,-0.591,0.92355
188,C->H,13.445,-1.518,1.09472
188,D->A,53.053,0.428,0.93608
188,D->B,35.758,3.338,1.04112
188,D->C,35.394,-1.007,0.9706
188,D->E,23.161,-4.764,0.89499
188,D->F,18.214,1.297,1.03453
188,D->G,214.535,1.151,1.08234
188,D->H,51.603,8.023,1.0915
188,E->A,21.581,1.01,0.96395
188,E->B,43.85,-2.574,0.98072
188,E->C,52.731,-3.965,1.28943
188,E->D,95.647,-1.837,1.01596
188,E->F,21.19,1.651,0.92
188,E->G,42.743,-5.163,0.92616
188,E->H,62.311,-1.911,1.12533
188,F->A,92.45,19.442,1.07132
188,F->B,26.901,2.523,0.99266
188,F->C,38.375,1.159,0.84269
188,F->D,64.927,-11.608,0.72752
188,F->E,52.237,0.674,1.08105
188,F->G,50.312,-4.62,1.23653
188,F->H,111.903,9.573,0.99196
188,G->A,51.032,-2.856,0.91679
188,G->B,12.59,-2.331,1.12674
188,G->C,20.135,-1.011,1.0374
188,G->D,30.34,1.642,1.00115
188,G->E,69.309,6.104,1.14479
188,G->F,117.083,-3.886,1.05138
188,G->H,18.32,0.616,1.16213
188,H->A,52.267,6.877,0.94872
188,H->B,55.386,-1.237,1.05207
188,H->C,26.251,-5.696,1.11206
188,H->D,26.608,-6.603,0.66666
188,H->E,126.301,1.489,0.95736
188,H->F,73.921,-1.51,0.9207
188,H->G,65.689,10.176,0.90121
189,A->B,30.962,0.849,1.13337
189,A->C,24.951,-1.146,0.80668
189,A->D,12.393,-4.103,1.13884
189,A->E,38.821,-0.114,1.1738
189,A->F,60.699,-8.666,0.66015
189,A->G,28.723,-4.661,0.82319
189,A->H,55.753,-5.798,0.82283
189,B->A,5.668,2.019,0.97691
189,B->C,15.576,4.296,1.04243
189,B->D,32.715,6.62,0.86394
189,B->E,31.728,-2.246,1.09199
189,B->F,50.429,-4.69,1.13172
189,B->G,48.612,8.937,1.03838
189,B->H,28.305,-1.19,1.04612
189,C->A,28.262,-2.18,1.00802
189,C->B,27.941,3.456,0.88686
189,C->D,56.69,-3.07,1.02378
189,C->E,51.272,0.823,0.88536
189,C->F,26.459,1.577,1.0346
189,C->G,9.023,-0.93,0.91774
189,C->H,15.194,-0.703,1.09086
189,D->A,45.839,-0.928,0.93576
189,D->B,21.595,6.252,1.04843
189,D->C,26.341,-1.748,0.96813
189,D->E,18.414,-1.967,0.892
189,D->F,22.009,4.575,1.03958
189,D->G,65.781,-0.722,1.08083
189,D->H,45.369,-6.413,1.08617
189,E->A,33.076,0.082,0.96161
189,E->B,32.777,-0.748,0.98225
189,E->C,46.013,1.126,1.28887
189,E->D,83.541,-0.43,1.01248
189,E->F,17.63,-1.003,0.92976
189,E->G,45.751,3.753,0.92777
189,E->H,61.851,-3.302,1.11471
189,F->A,82.276,1.393,1.07649
189,F->B,18.187,-0.577,0.99243
189,F->C,26.599,2.207,0.8497
189,F->D,51.926,-0.555,0.73206
189,F->E,16.391,-1.978,1.07769
189,F->G,43.78,-2.713,1.23983
189,F->H,98.369,-0.183,0.98971
189,G->A,50.632,1.279,0.90772
189,G->B,6.205,-2.14,1.12672
189,G->C,18.31,3.214,1.03971
189,G->D,16.167,0.357,1.00393
189,G->E,,-4.476,1.14862
189,G->F,31.321,8.069,1.05167
189,G->H,12.592,0.887,1.15003
189,H->A,31.881,3.197,0.94813
189,H->B,127.45,0.752,1.05266
189,H->C,17.896,0.67,1.11926
189,H->D,17.109,0.126,0.67264
189,H->E,116.246,-10.322,0.94986
189,H->F,59.541,5.311,0.91996
189,H->G,60.767,1.517,0.9053
190,A->B,71.072,-4.084,1.1278
190,A->C,45.607,2.267,0.80844
190,A->D,22.075,-4.527,1.12884
190,A->E,85.244,-5.412,1.17998
190,A->F,117.527,2.083,0.65887
190,A->G,61.406,-6.182,0.81978
190,A->H,134.13,-21.72,0.81951
190,B->A,27.798,0.017,0.97834
190,B->C,34.536,3.391,1.04887
190,B->D,81.318,-1.264,0.85764
190,B->E,58.051,-1.274,1.09492
190,B->F,119.302,26.025,1.1334
190,B->G,104.523,-7.947,1.04304
190,B->H,66.619,7.425,1.0431
190,C->A,37.009,2.703,1.01506
190,C->B,55.907,3.49,0.88867
190,C->D,309.715,16.713,1.0119
190,C->E,105.916,24.961,0.89136
190,C->F,57.086,1.047,1.03743
190,C->G,24.799,-3.931,0.922
190,C->H,25.075,-4.92,1.09297
190,D->A,100.008,0.97,0.94049
190,D->B,58.768,19.228,1.04973
190,D->C,62.542,-8.785,0.96958
190,D->E,34.07,-10.423,0.89474
190,D->F,42.363,5.823,1.03633
190,D->G,132.176,-10.105,1.07949
190,D->H,93.323,-14.043,1.09192
190,E->A,55.261,11.912,0.95169
190,E->B,248.358,5.214,0.98631
190,E->C,103.648,-0.075,1.28943
190,E->D,191.669,-6.261,1.02178
190,E->F,50.144,3.568,0.92694
190,E->G,97.353,8.521,0.92931
190,E->H,123.817,-7.493,1.11782
190,F->A,175.468,14.101,1.07837
190,F->B,50.8,-8.294,0.99404
190,F->C,62.87,-8.972,0.8447
190,F->D,110.641,4.435,0.72925
190,F->E,21.446,-3.273,1.08643
190,F->G,96.746,-2.267,1.23998
190,F->H,223.325,-24.955,0.99157
190,G->A,96.714,6.457,0.90675
190,G->B,9.79,-4.025,1.13535
190,G->C,43.236,-6.316,1.04019
190,G->D,60.232,-1.925,0.99618
190,G->E,145.824,8.542,1.1484
190,G->F,213.853,-11.09,1.04283
190,G->H,29.096,7.703,1.14822
190,H->A,75.479,2.72,0.94651
190,H->B,90.606,-10.592,1.05307
190,H->C,58.244,-3.143,1.12563
190,H->D,43.488,-2.734,0.67048
190,H->E,226.482,17.746,0.95258
190,H->F,129.774,22.939,0.92466
190,H->G,135.707,-5.637,0.90202
191,A->B,,-3.705,1.12589
191,A->C,,-4.486,0.81482
191,A->D,25.649,-2.71,1.12386
191,A->E,89.215,17.491,1.17753
191,A->F,374.426,-13.447,0.65883
191,A->G,67.871,0.268,0.81774
191,A->H,135.816,21.936,0.82145
191,B->A,36.252,6.642,0.96931
191,B->C,35.208,6.66,1.04692
191,B->D,97.71,8.849,0.85459
191,B->E,53.523,3.316,1.08494
191,B->F,110.24,-3.474,1.1352
191,B->G,111.248,-17.618,1.04694
191,B->H,64.947,-6.167,1.03709
191,C->A,113.255,-2.545,1.00717
191,C->B,63.326,7.718,0.89201
191,C->D,107.755,0.6,1.00932
191,C->E,121.549,-3.415,0.88812
191,C->F,72.88,4.141,1.03567
191,C->G,19.292,-8.587,0.9242
191,C->H,26.944,-3.784,1.0924
191,D->A,101.264,-11.052,0.93436
191,D->B,65.987,13.743,1.04643
191,D->C,65.535,-9.538,0.96789
191,D->E,41.196,0.474,0.89493
191,D->F,45.297,8.816,1.04217
191,D->G,135.984,17.437,1.0801
191,D->H,114.988,1.478,1.09004
191,E->A,56.544,3.597,0.95075
191,E->B,88.365,0.881,0.98608
191,E->C,94.187,-2.384,1.29753
191,E->D,192.457,-6.851,1.02732
191,E->F,44.772,2.155,0.92606
191,E->G,87.058,6.861,0.92955
191,E->H,128.848,7.48,1.11686
191,F->A,191.498,12.424,1.072
191,F->B,46.117,-9.259,1.00052
191,F->C,63.88,-2.882,0.85053
191,F->D,114.996,12.125,0.73208
191,F->E,28.46,-2.699,1.08995
191,F->G,100.366,-22.691,1.23785
191,F->H,226.678,8.723,0.99267
191,G->A,109.24,0.905,0.90691
191,G->B,22.911,-5.276,1.13528
191,G->C,45.612,-2.049,1.04508
191,G->D,51.711,-13.028,0.99578
191,G->E,163.345,6.923,1.15166
191,G->F,74.64,1.078,1.03284
191,G->H,67.081,2.31,1.14033
191,H->A,77.988,4.867,0.947
191,H->B,89.253,-5.434,1.06508
191,H->C,62.791,-10.362,1.1314
191,H->D,44.608,-2.304,0.67356
191,H->E,238.307,-7.664,0.95205
191,H->F,130.619,15.135,0.92033
191,H->G,142.258,7.983,0.90529
192,A->B,77.868,-6.835,1.1357
192,A->C,51.263,-2.828,0.81679
192,A->D,25.348,-6.936,1.12338
192,A->E,95.63,10.206,1.17344
192,A->F,141.27,37.943,0.66545
192,A->G,64.659,0.601,0.82641
192,A->H,137.112,-9.071,0.82181
192,B->A,37.341,1.65,0.9698
192,B->C,46.336,2.546,1.05156
192,B->D,94.951,7.851,0.85538
192,B->E,69.354,11.048,1.09184
192,B->F,119.915,-1.394,1.13994
192,B->G,113.983,5.168,1.04646
192,B->H,62.948,8.75,1.04412
192,C->A,37.562,-3.576,1.00612
192,C->B,72.858,0.208,0.8962
192,C->D,349.226,3.254,1.00804
192,C->E,124.604,10.298,0.89629
192,C->F,72.011,-2.284,1.02637
192,C->G,34.66,-7.225,0.92929
192,C->H,28.748,-7.361,1.09554
192,D->A,113.076,0.15,0.93212
192,D->B,65.046,6.118,1.03822
192,D->C,77.518,1.804,0.96652
192,D->E,142.408,-6.92,0.89426
192,D->F,52.274,-0.777,1.04716
192,D->G,144.465,-9.731,1.07035
192,D->H,109.975,-1.582,1.0933
192,E->A,57.358,1.235,0.95905
192,E->B,89.68,4.805,0.98618
192,E->C,102.202,-1.596,1.29231
192,E->D,196.303,-15.638,1.02887
192,E->F,41.532,2.811,0.92478
192,E->G,105.088,12.106,0.93245
192,E->H,142.434,-7.872,1.1117
192,F->A,190.262,19.601,1.07277
192,F->B,54.392,-3.204,1.00307
192,F->C,63.86,17.446,0.84084
192,F->D,130.339,1.223,0.72483
192,F->E,29.434,-3.573,1.09272
192,F->G,109.269,-13.553,1.23489
192,F->H,246.721,-46.392,0.98287
192,G->A,112.62,21.175,0.9062
192,G->B,11.59,-6.189,1.1216
192,G->C,50.785,-0.093,1.04675
192,G->D,63.152,-3.419,1.0
192,G->E,160.302,-10.061,1.14783
192,G->F,81.998,0.724,1.03882
192,G->H,20.508,5.074,1.14023
192,H->A,90.591,8.192,0.94536
192,H->B,91.637,10.924,1.07087
192,H->C,68.023,-0.02,1.12027
192,H->D,53.731,-0.092,0.67006
192,H->E,257.174,-27.097,0.95107
192,H->F,133.001,-8.353,0.91129
192,H->G,141.366,16.438,0.9074
193,A->B,66.968,-6.125,1.14238
193,A->C,53.042,-0.574,0.81305
193,A->D,19.481,-2.458,1.12519
193,A->E,92.198,-7.952,1.17133
193,A->F,123.98,-9.629,0.66266
193,A->G,65.597,-4.853,0.81945
193,A->H,135.02,-15.471,0.8217
193,B->A,37.09,4.73,0.97032
193,B->C,,9.709,1.0588
193,B->D,96.401,3.362,0.85764
193,B->E,68.201,-9.304,1.09319
193,B->F,129.222,14.146,1.14623
193,B->G,102.681,3.822,1.05011
193,B->H,64.677,-1.561,1.04416
193,C->A,34.788,-0.63,1.01022
193,C->B,61.642,10.17,0.89623
193,C->D,102.995,22.904,1.0152
193,C->E,115.341,8.413,0.89201
193,C->F,65.778,-9.997,1.03929
193,C->G,26.541,-0.937,0.93345
193,C->H,34.58,-1.397,1.0955
193,D->A,103.517,-9.338,0.93418
193,D->B,62.606,8.343,1.0417
193,D->C,73.979,-2.582,0.97123
193,D->E,39.525,-5.264,0.89231
193,D->F,41.82,6.159,1.04027
193,D->G,141.576,13.47,1.0723
193,D->H,109.702,-3.861,1.0928
193,E->A,58.103,-1.866,0.96621
193,E->B,91.905,-7.346,0.98416
193,E->C,95.614,5.911,1.28218
193,E->D,191.336,-4.598,1.03271
193,E->F,41.857,-7.516,0.92945
193,E->G,95.479,0.151,0.93567
193,E->H,125.244,1.187,1.11193
193,F->A,175.947,-23.07,1.07088
193,F->B,59.501,-4.862,1.007
193,F->C,63.26,2.044,0.83872
193,F->D,122.192,7.797,0.72024
193,F->E,21.639,-3.293,1.09213
193,F->G,103.183,6.531,1.23699
193,F->H,225.873,24.7,0.98559
193,G->A,102.613,11.389,0.89519
193,G->B,13.602,-7.294,1.12176
193,G->C,46.813,1.178,1.04651
193,G->D,58.595,-0.363,0.99209
193,G->E,148.157,25.494,1.15522
193,G->F,79.313,4.868,1.03314
193,G->H,26.322,1.342,1.14776
193,H->A,88.151,4.894,0.93907
193,H->B,87.126,-4.018,1.0647
193,H->C,72.35,-1.113,1.11931
193,H->D,,-1.88,0.67411
193,H->E,245.519,42.856,0.95451
193,H->F,131.501,13.226,0.91455
193,H->G,135.109,-27.201,0.90444
194,A->B,70.993,0.753,1.13173
194,A->C,48.744,3.855,0.81325
194,A->D,23.05,-2.67,1.11774
194,A->E,82.693,-4.833,1.1599
194,A->F,125.25,7.951,0.66432
194,A->G,70.255,-7.635,0.81937
194,A->H,125.907,12.047,0.81612
194,B->A,32.678,0.033,0.96538
194,B->C,40.949,1.537,1.06357
194,B->D,265.487,13.971,0.84789
194,B->E,74.117,0.487,1.09852
194,B->F,119.555,6.898,1.15589
194,B->G,106.485,11.592,1.05231
194,B->H,64.837,-8.958,1.03954
194,C->A,35.498,-1.779,1.00625
194,C->B,60.713,5.413,0.89648
194,C->D,93.317,-5.169,1.01206
194,C->E,120.471,2.47,0.89268
194,C->F,66.678,-5.33,1.04848
194,C->G,19.764,-1.004,0.92851
194,C->H,35.01,-5.489,1.09345
194,D->A,98.861,-9.095,0.93053
194,D->B,183.548,6.46,1.04424
194,D->C,69.458,-0.331,0.97009
194,D->E,40.157,-8.091,0.90044
194,D->F,45.474,8.145,1.04126
194,D->G,126.957,-30.649,1.06689
194,D->H,100.146,0.542,1.08917
194,E->A,54.665,-0.96,0.96136
194,E->B,76.739,4.736,0.97591
194,E->C,91.813,-9.11,1.28226
194,E->D,177.816,-10.634,1.03517
194,E->F,35.793,0.522,0.92945
194,E->G,88.909,2.431,0.92444
194,E->H,134.5,15.328,1.11244
194,F->A,170.4,-22.242,1.06585
194,F->B,56.931,-4.154,1.00675
194,F->C,58.351,10.982,0.8355
194,F->D,,-6.479,0.72473
194,F->E,24.285,-3.957,1.09257
194,F->G,87.962,-4.759,1.22932
194,F->H,222.814,-16.674,0.97589
194,G->A,,8.666,0.88926
194,G->B,16.893,-5.265,1.12203
194,G->C,,3.086,1.04679
194,G->D,54.318,-4.484,1.0019
194,G->E,132.578,-5.126,1.15327
194,G->F,78.985,1.843,1.02783
194,G->H,26.296,3.979,1.14088
194,H->A,75.515,12.188,0.93987
194,H->B,83.115,-11.575,1.06158
194,H->C,58.005,2.976,1.12013
194,H->D,47.537,-1.197,0.67259
194,H->E,239.724,-7.584,0.95676
194,H->F,128.363,-26.074,0.92026
194,H->G,125.058,-15.346,0.90664
195,A->B,45.488,-1.793,1.13042
195,A->C,14.218,-3.358,0.81582
195,A->D,3.598,-0.328,1.12693
195,A->E,42.47,6.818,1.15576
195,A->F,65.614,-13.507,0.66139
195,A->G,36.563,-7.383,0.82159
195,A->H,75.129,-3.712,0.81579
195,B->A,15.041,1.475,0.96742
195,B->C,28.335,0.205,1.07575
195,B->D,49.419,2.935,0.84377
195,B->E,32.056,1.051,1.10519
195,B->F,56.414,-7.338,1.14774
195,B->G,58.273,9.018,1.04146
195,B->H,20.71,2.008,1.05383
195,C->A,17.541,-0.369,1.01401
195,C->B,34.683,7.444,0.90137
195,C->D,56.408,6.508,1.00908
195,C->E,57.445,4.44,0.8859
195,C->F,34.228,0.872,1.04395
195,C->G,15.867,-0.81,0.92143
195,C->H,18.396,-4.302,1.0871
195,D->A,54.666,8.198,0.92303
195,D->B,34.522,1.376,1.0381
195,D->C,34.404,-2.888,0.96656
195,D->E,29.715,-4.555,0.9013
195,D->F,26.391,3.489,1.04728
195,D->G,68.378,8.262,1.06938
195,D->H,60.574,-10.53,1.08695
195,E->A,28.098,2.892,0.96251
195,E->B,53.184,-3.749,0.98235
195,E->C,44.935,-6.13,1.28599
195,E->D,106.128,-4.561,1.03061
195,E->F,21.676,3.426,0.93653
195,E->G,50.39,-4.492,0.92707
195,E->H,70.413,-5.771,1.11224
195,F->A,90.329,-7.138,1.05389
195,F->B,29.66,-0.921,1.00197
195,F->C,33.706,0.536,0.84438
195,F->D,58.146,-3.487,0.72845
195,F->E,16.806,-5.763,1.09601
195,F->G,58.826,-3.177,1.23289
195,F->H,119.1,-4.488,0.97856
195,G->A,51.029,1.312,0.88931
195,G->B,34.974,-3.088,1.12379
195,G->C,27.646,0.619,1.039
195,G->D,27.099,-3.377,0.99931
195,G->E,77.557,-7.98,1.15348
195,G->F,39.412,-8.264,1.04072
195,G->H,9.872,1.177,1.134
195,H->A,36.009,-0.372,0.947
195,H->B,37.052,-0.187,1.07083
195,H->C,31.93,-2.843,1.12702
195,H->D,21.986,-2.019,0.66536
195,H->E,131.133,13.627,0.95542
195,H->F,70.234,8.894,0.92028
195,H->G,73.764,11.964,0.90626
196,A->B,26.761,-4.959,1.12063
196,A->C,25.839,-2.298,0.81517
196,A->D,16.686,-0.283,1.12897
196,A->E,46.328,3.015,1.15812
196,A->F,56.313,5.201,0.66711
196,A->G,25.049,-2.434,0.81303
196,A->H,53.91,-13.541,0.81106
196,B->A,6.318,2.072,0.96406
196,B->C,19.158,0.747,1.07562
196,B->D,35.881,-0.521,0.8442
196,B->E,30.531,-0.765,1.11309
196,B->F,48.754,11.318,1.15024
196,B->G,50.245,5.294,1.04072
196,B->H,25.235,0.415,1.05648
196,C->A,13.532,0.687,1.01987
196,C->B,92.245,1.995,0.90235
196,C->D,51.011,-3.589,1.00964
196,C->E,67.28,-0.669,0.88968
196,C->F,22.999,4.859,1.0452
196,C->G,11.982,-1.561,0.91828
196,C->H,5.893,-1.935,1.08267
196,D->A,36.185,0.801,0.91329
196,D->B,23.446,8.091,1.04199
196,D->C,23.711,-1.239,0.97069
196,D->E,20.476,0.5,0.90944
196,D->F,11.29,2.753,1.04477
196,D->G,60.101,-7.496,1.07052
196,D->H,44.549,0.702,1.08273
196,E->A,19.147,2.393,0.95938
196,E->B,38.141,1.7,0.98408
196,E->C,42.701,3.478,1.28359
196,E->D,93.018,2.027,1.02401
196,E->F,21.39,1.869,0.93368
196,E->G,36.38,-1.159,0.92473
196,E->H,53.714,13.936,1.12316
196,F->A,82.286,-1.982,1.03973
196,F->B,23.701,-2.17,1.01027
196,F->C,26.976,1.722,0.84391
196,F->D,45.966,-5.901,0.72996
196,F->E,12.364,-2.018,1.09072
196,F->G,44.827,-5.379,1.24311
196,F->H,103.645,-4.087,0.97384
196,G->A,39.39,4.254,0.88842
196,G->B,2.482,-0.731,1.12952
196,G->C,16.679,-0.601,1.0421
196,G->D,22.531,-2.898,1.0048
196,G->E,65.297,9.736,1.15299
196,G->F,31.375,4.661,1.05076
196,G->H,14.458,0.091,1.13389
196,H->A,,2.435,0.94877
196,H->B,51.018,0.592,1.07781
196,H->C,22.088,-1.354,1.12449
196,H->D,17.331,-3.01,0.66436
196,H->E,98.585,-5.036,0.95184
196,H->F,62.818,0.014,0.92254
196,H->G,59.201,0.796,0.90715
197,A->B,67.278,0.298,1.11939
197,A->C,47.429,-2.021,0.80915
197,A->D,20.52,-2.299,1.12709
197,A->E,86.936,11.242,1.15283
197,A->F,123.479,3.785,0.66841
197,A->G,69.4,-7.391,0.809
197,A->H,126.243,-13.79,0.80631
197,B->A,35.0,2.945,0.97654
197,B->C,39.007,0.659,1.07336
197,B->D,88.075,-8.741,0.84659
197,B->E,67.631,2.007,1.11269
197,B->F,122.209,16.115,1.15948
197,B->G,105.372,10.518,1.03717
197,B->H,67.112,-0.007,1.04581
197,C->A,31.911,0.816,1.01368
197,C->B,66.323,-5.175,0.90508
197,C->D,322.138,11.06,1.0055
197,C->E,107.874,-4.232,0.88589
197,C->F,60.638,0.577,1.04103
197,C->G,26.55,-5.914,0.91061
197,C->H,22.943,-6.147,1.07789
197,D->A,98.206,11.08,0.91189
197,D->B,61.688,-2.44,1.03251
197,D->C,60.859,6.115,0.9847
197,D->E,45.619,-8.268,0.90252
197,D->F,38.293,-1.608,1.04647
197,D->G,123.424,-8.316,1.06464
197,D->H,103.721,-3.052,1.0851
197,E->A,56.233,-3.23,0.96225
197,E->B,91.638,-0.397,0.97955
197,E->C,86.099,-18.567,1.28317
197,E->D,187.714,28.664,1.02491
197,E->F,35.808,-3.791,0.92912
197,E->G,83.729,-3.811,0.92846
197,E->H,125.981,25.034,1.12631
197,F->A,176.695,34.589,1.03779
197,F->B,56.915,1.577,1.00731
197,F->C,55.211,5.857,0.85053
197,F->D,108.156,4.343,0.72603
197,F->E,85.645,-5.292,1.0896
197,F->G,94.141,-18.685,1.24769
197,F->H,228.317,-7.017,0.96731
197,G->A,,5.484,0.89371
197,G->B,11.042,-1.38,1.13133
197,G->C,49.832,-5.83,1.04226
197,G->D,49.974,2.684,1.00538
197,G->E,144.272,3.385,1.1468
197,G->F,55.697,2.984,1.04394
197,G->H,18.002,3.499,1.12497
197,H->A,74.997,14.732,0.96001
197,H->B,75.464,1.963,1.07985
197,H->C,52.625,8.309,1.12291
197,H->D,37.427,-5.752,0.66505
197,H->E,233.29,-7.656,0.94331
197,H->F,133.708,-32.177,0.92447
197,H->G,138.906,11.408,0.91197
198,A->B,66.293,-0.468,1.12155
198,A->C,43.591,-7.886,0.81269
198,A->D,27.559,-3.275,1.11965
198,A->E,93.14,0.658,1.14342
198,A->F,134.256,10.919,0.66915
198,A->G,63.976,3.505,0.80972
198,A->H,144.127,15.018,0.80852
198,B->A,33.734,3.315,0.97378
198,B->C,46.843,0.581,1.07189
198,B->D,79.579,-10.665,0.84804
198,B->E,61.279,6.258,1.11275
198,B->F,,10.955,1.16338
198,B->G,101.135,-11.908,1.03389
198,B->H,58.506,3.338,1.05404
198,C->A,38.148,1.91,1.01117
198,C->B,60.754,6.237,0.90729
198,C->D,114.579,4.009,1.00236
198,C->E,120.473,12.687,0.88247
198,C->F,64.909,6.031,1.04337
198,C->G,19.919,-7.738,0.91162
198,C->H,39.876,-4.174,1.07664
198,D->A,104.494,1.291,0.90765
198,D->B,63.416,10.155,1.0358
198,D->C,69.693,0.261,0.98382
198,D->E,44.24,-3.973,0.90305
198,D->F,43.895,1.93,1.04436
198,D->G,130.35,-15.079,1.06265
198,D->H,109.425,4.355,1.09142
198,E->A,56.465,-5.316,0.96415
198,E->B,87.121,-4.841,0.98065
198,E->C,90.815,3.409,1.27546
198,E->D,187.83,11.669,1.03076
198,E->F,40.855,4.101,0.92705
198,E->G,94.007,11.506,0.93265
198,E->H,136.068,-8.553,1.11889
198,F->A,176.883,18.683,1.03384
198,F->B,47.957,-16.365,1.00366
198,F->C,66.181,-5.339,0.85321
198,F->D,109.942,-2.188,0.73426
198,F->E,22.922,0.09,1.08872
198,F->G,111.293,-4.504,1.2505
198,F->H,231.551,31.976,0.96752
198,G->A,106.329,7.528,0.89223
198,G->B,24.392,-7.807,1.1318
198,G->C,37.834,1.87,1.03974
198,G->D,53.947,-4.531,0.99869
198,G->E,154.309,18.24,1.14199
198,G->F,78.808,15.777,1.04604
198,G->H,25.972,3.457,1.13144
198,H->A,73.111,-8.034,0.96248
198,H->B,92.846,17.965,1.07774
198,H->C,44.976,-5.546,1.12223
198,H->D,45.191,6.706,0.66751
198,H->E,241.949,34.13,0.94094
198,H->F,134.319,-0.502,0.9214
198,H->G,146.86,7.647,0.91478
199,A->B,68.126,-6.342,1.12362
199,A->C,50.319,4.949,0.80424
199,A->D,29.484,-7.583,1.11959
199,A->E,96.195,4.189,1.14114
199,A->F,138.264,-6.58,0.66626
199,A->G,70.13,1.059,0.81289
199,A->H,135.983,-18.785,0.80871
199,B->A,35.313,4.23,0.97172
199,B->C,46.405,4.611,1.07729
199,B->D,287.513,-3.381,0.84053
199,B->E,66.122,-9.234,1.12038
199,B->F,128.11,4.736,1.16324
199,B->G,118.327,10.376,1.01708
199,B->H,62.946,2.248,1.05564
199,C->A,32.415,-5.319,1.01406
199,C->B,68.63,1.556,0.91082
199,C->D,119.338,11.636,1.00434
199,C->E,128.36,11.12,0.88214
199,C->F,58.079,1.094,1.0477
199,C->G,24.387,-4.988,0.9089
199,C->H,29.98,-9.876,1.07428
199,D->A,112.995,-3.615,0.91578
199,D->B,65.059,0.655,1.03578
199,D->C,61.608,-7.371,0.98044
199,D->E,46.113,-4.514,0.90244
199,D->F,47.439,10.899,1.04861
199,D->G,140.456,22.052,1.06668
199,D->H,114.113,6.444,1.09017
199,E->A,54.024,4.355,0.96436
199,E->B,91.875,-12.446,0.98089
199,E->C,105.28,27.262,1.27608
199,E->D,212.476,9.636,1.03506
199,E->F,36.484,-4.999,0.91976
199,E->G,,-1.52,0.93311
199,E->H,141.226,-17.335,1.12224
199,F->A,,18.113,1.03062
199,F->B,59.018,-6.938,0.99664
199,F->C,59.707,-3.362,0.851
199,F->D,130.567,-8.497,0.73358
199,F->E,31.379,0.725,1.08479
199,F->G,101.379,4.729,1.24355
199,F->H,249.497,-6.079,0.96941
199,G->A,106.045,10.142,0.8959
199,G->B,14.298,-5.817,1.13899
199,G->C,58.098,4.336,1.0374
199,G->D,61.871,-7.804,1.00029
199,G->E,148.479,-15.68,1.14344
199,G->F,83.205,-7.828,1.0437
199,G->H,28.86,1.484,1.13005
199,H->A,80.453,9.238,0.95785
199,H->B,93.559,14.85,1.08844
199,H->C,67.512,-5.879,1.12486
199,H->D,48.01,1.677,0.66357
199,H->E,257.013,-10.36,0.94443
199,H->F,149.703,7.682,0.92554
199,H->G,150.288,2.602,0.91536
200,A->B,69.245,0.239,1.1257
200,A->C,47.837,-4.934,0.80496
200,A->D,26.635,-0.421,1.11352
200,A->E,98.588,-8.186,1.13558
200,A->F,131.337,-6.18,0.66298
200,A->G,66.865,-11.548,0.81814
200,A->H,127.898,-15.84,0.80972
200,B->A,29.675,-2.736,0.98162
200,B->C,39.047,6.829,1.07582
200,B->D,91.905,1.38,0.84717
200,B->E,68.105,0.588,1.12471
200,B->F,124.629,6.19,1.16404
200,B->G,106.783,-12.111,1.01925
200,B->H,63.55,5.832,1.05488
200,C->A,35.71,-0.159,1.00859
200,C->B,55.558,1.055,0.91332
200,C->D,115.53,5.162,1.0096
200,C->E,130.893,17.012,0.88429
200,C->F,57.134,-3.139,1.04715
200,C->G,26.149,-0.41,0.9125
200,C->H,30.398,-0.712,1.08241
200,D->A,108.366,6.126,0.92446
200,D->B,68.165,14.087,1.04155
200,D->C,70.365,-2.99,0.97641
200,D->E,52.358,-7.269,0.9015
200,D->F,47.997,4.536,1.04946
200,D->G,143.353,15.475,1.07335
200,D->H,103.343,1.203,1.08762
200,E->A,58.179,7.595,0.96139
200,E->B,92.032,14.914,0.98833
200,E->C,95.63,9.573,1.26748
200,E->D,200.257,-37.323,1.03767
200,E->F,41.327,0.41,0.91667
200,E->G,98.251,16.419,0.93134
200,E->H,135.801,0.155,1.12474
200,F->A,188.392,12.944,1.03534
200,F->B,58.865,-7.867,0.99914
200,F->C,66.157,-5.089,0.85947
200,F->D,117.666,-2.926,0.72965
200,F->E,26.994,-2.342,1.09181
200,F->G,96.29,-6.684,1.23486
200,F->H,232.043,0.171,0.96761
200,G->A,107.132,11.908,0.89702
200,G->B,46.942,-5.041,1.13455
200,G->C,53.085,1.857,1.04564
200,G->D,63.748,-5.85,1.00746
200,G->E,142.322,2.569,1.15104
200,G->F,74.93,2.152,1.03825
200,G->H,21.423,2.583,1.1313
200,H->A,79.292,8.442,0.95751
200,H->B,80.116,-4.308,1.09297
200,H->C,57.525,-7.705,1.13732
200,H->D,38.982,-0.521,0.66167
200,H->E,244.799,-16.608,0.944
200,H->F,141.86,-17.029,0.92074
200,H->G,136.106,-13.845,0.9185
